nohup: ignoring input
scons: Reading SConscript files ...
Mkdir("/local/home/liuche/gem5/gem5/build/X86/gem5.build")
Checking for linker -Wl,--as-needed support... yes
Checking for compiler -gz support... yes
Checking for linker -gz support... yes
Info: Using Python config: python3-config
Checking for C header file Python.h... yes
Checking Python version... 3.10.6
Checking for accept(0,0,0) in C++ library None... yes
Checking for zlibVersion() in C++ library z... yes
Checking for C library tcmalloc_minimal... yes
Building in /local/home/liuche/gem5/gem5/build/X86
"build_tools/kconfig_base.py" "/local/home/liuche/gem5/gem5/build/X86/gem5.build/Kconfig" "/local/home/liuche/gem5/gem5/src/Kconfig"
Checking for C header file fenv.h... yes
Checking for C header file png.h... no
Warning: Header file <png.h> not found.
         This host has no libpng library.
         Disabling support for PNG framebuffers.
Checking for clock_nanosleep(0,0,NULL,NULL) in C library None... yes
Checking for C header file valgrind/valgrind.h... yes
Checking for pkg-config package hdf5-serial... no
Checking for pkg-config package hdf5... no
Checking for H5Fcreate("", 0, 0, 0) in C library hdf5... no
Warning: Couldn't find HDF5 C++ libraries. Disabling HDF5 support.
Checking for C header file linux/if_tun.h... yes
Checking for backtrace_symbols_fd((void *)1, 0, 0) in C library None... yes
Checking for pkg-config package protobuf... yes
Checking for shm_open("/test", 0, 0) in C library None... yes
Checking for C header file capstone/capstone.h... no
Warning: Header file <capstone/capstone.h> not found.
         This host has no capstone library installed.
Checking for C header file linux/kvm.h... yes
Checking for timer_create(CLOCK_MONOTONIC, NULL, NULL) in C library None... yes
Checking for member exclude_host in struct perf_event_attr...yes
Checking size of struct kvm_xsave ... yes
Checking whether __i386__ is declared... no
Checking whether __x86_64__ is declared... yes
Generating LALR tables
WARNING: 4 shift/reduce conflicts
WARNING: 1 reduce/reduce conflict
WARNING: reduce/reduce conflict in state 131 resolved using rule (params -> empty)
WARNING: rejected rule (types -> empty) in state 131
BUILD_TLM not set, not building CHI-TLM integration

Checking for compiler -Wno-self-assign-overloaded support... yes
Checking for linker -Wno-free-nonheap-object support... yes
scons: done reading SConscript files.
scons: Building targets ...
 [     CXX] src/python/gem5py.cc -> X86/python/gem5py.pyo
 [     CXX] src/python/gem5py_m5.cc -> X86/python/gem5py_m5.pyo
 [     CXX] src/python/embedded.cc -> X86/python/embedded.pyo
 [EMBED BLOB] src/python/importer.py, m5ImporterCode -> X86/python/m5ImporterCode.cc, X86/python/m5ImporterCode.hh
 [   SLICC] src/mem/ruby/protocol/MESI_Two_Level.slicc -> X86/mem/ruby/protocol/CacheRequestType.hh, X86/mem/ruby/protocol/MESI_Two_Level/L1Cache_Wakeup.cc, X86/mem/ruby/protocol/MESI_Two_Level/Directory_Controller.cc, X86/mem/ruby/protocol/MESI_Two_Level/L2Cache_Transitions.cc, X86/mem/ruby/protocol/MESI_Two_Level/DMA_State.hh, X86/mem/ruby/protocol/MESI_Two_Level/Directory_Transitions.cc, X86/mem/ruby/protocol/MESI_Two_Level/DMA_Event.hh, X86/mem/ruby/protocol/CacheResourceType.hh, X86/mem/ruby/protocol/RequestStatus.hh, X86/mem/ruby/protocol/MaskPredictorType.hh, X86/mem/ruby/protocol/LinkDirection.cc, X86/mem/ruby/protocol/MESI_Two_Level/L2Cache_Controller.cc, X86/mem/ruby/protocol/CacheResourceType.cc, X86/mem/ruby/protocol/MESI_Two_Level/Directory_Controller.hh, X86/mem/ruby/protocol/MESI_Two_Level/L2Cache_Wakeup.cc, X86/mem/ruby/protocol/MESI_Two_Level/DMA_TBE.cc, X86/mem/ruby/protocol/MESI_Two_Level/Directory_Wakeup.cc, X86/mem/ruby/protocol/MESI_Two_Level/CoherenceRequestType.cc, X86/mem/ruby/protocol/RubyAccessMode.cc, X86/mem/ruby/protocol/MemoryControlRequestType.cc, X86/mem/ruby/protocol/LinkDirection.hh, X86/mem/ruby/protocol/DirectoryRequestType.hh, X86/mem/ruby/protocol/MESI_Two_Level/L2Cache_Controller.hh, X86/mem/ruby/protocol/MESI_Two_Level/Directory_Entry.cc, X86/mem/ruby/protocol/MESI_Two_Level/MESI_Two_Level_DMA_Controller.py, X86/mem/ruby/protocol/MESI_Two_Level/DMA_TBE.hh, X86/mem/ruby/protocol/MESI_Two_Level/L1Cache_Controller.cc, X86/mem/ruby/protocol/MESI_Two_Level/CoherenceRequestType.hh, X86/mem/ruby/protocol/RubyAccessMode.hh, X86/mem/ruby/protocol/MemoryControlRequestType.hh, X86/mem/ruby/protocol/SeriesRequestGeneratorStatus.cc, X86/mem/ruby/protocol/MESI_Two_Level/L2Cache_Entry.cc, X86/mem/ruby/protocol/MESI_Two_Level/Directory_Entry.hh, X86/mem/ruby/protocol/MESI_Two_Level/MESI_Two_Level_Directory_Controller.py, X86/mem/ruby/protocol/MESI_Two_Level/DMA_Transitions.cc, X86/mem/ruby/protocol/MESI_Two_Level/L1Cache_Controller.hh, X86/mem/ruby/protocol/MESI_Two_Level/CoherenceResponseType.cc, X86/mem/ruby/protocol/RubyRequestType.cc, X86/mem/ruby/protocol/MemoryMsg.cc, X86/mem/ruby/protocol/SeriesRequestGeneratorStatus.hh, X86/mem/ruby/protocol/AccessType.hh, X86/mem/ruby/protocol/MESI_Two_Level/Directory_Event.cc, X86/mem/ruby/protocol/MESI_Two_Level/MESI_Two_Level_L1Cache_Controller.py, X86/mem/ruby/protocol/MESI_Two_Level/L1Cache_Entry.cc, X86/mem/ruby/protocol/MESI_Two_Level/CoherenceResponseType.hh, X86/mem/ruby/protocol/RubyRequestType.hh, X86/mem/ruby/protocol/MemoryMsg.hh, X86/mem/ruby/protocol/TesterStatus.cc, X86/mem/ruby/protocol/LockStatus.cc, X86/mem/ruby/protocol/MESI_Two_Level/MESI_Two_Level_L2Cache_Controller.py, X86/mem/ruby/protocol/MESI_Two_Level/L1Cache_Entry.hh, X86/mem/ruby/protocol/TransitionResult.cc, X86/mem/ruby/protocol/HtmCallbackMode.cc, X86/mem/ruby/protocol/SequencerMsg.cc, X86/mem/ruby/protocol/SequencerStatus.hh, X86/mem/ruby/protocol/DirectoryRequestType.cc, X86/mem/ruby/protocol/TesterStatus.hh, X86/mem/ruby/protocol/LockStatus.hh, X86/mem/ruby/protocol/MESI_Two_Level/Types.hh, X86/mem/ruby/protocol/MESI_Two_Level/RequestMsg.cc, X86/mem/ruby/protocol/MESI_Two_Level/L1Cache_Event.cc, X86/mem/ruby/protocol/TransitionResult.hh, X86/mem/ruby/protocol/AccessPermission.cc, X86/mem/ruby/protocol/SequencerMsg.hh, X86/mem/ruby/protocol/AccessPermission.hh, X86/mem/ruby/protocol/MESI_Two_Level/Directory_Event.hh, X86/mem/ruby/protocol/MachineType.cc, X86/mem/ruby/protocol/MemoryRequestType.cc, X86/mem/ruby/protocol/SequencerStatus.cc, X86/mem/ruby/protocol/MESI_Two_Level/L1Cache_Event.hh, X86/mem/ruby/protocol/MESI_Two_Level/MESI_Two_LevelProtocolInfo.hh, X86/mem/ruby/protocol/SequencerRequestType.cc, X86/mem/ruby/protocol/MESI_Two_Level/L2Cache_Event.cc, X86/mem/ruby/protocol/CacheRequestType.cc, X86/mem/ruby/protocol/AccessType.cc, X86/mem/ruby/protocol/MESI_Two_Level/L2Cache_Entry.hh, X86/mem/ruby/protocol/MachineType.hh, X86/mem/ruby/protocol/MemoryRequestType.hh, X86/mem/ruby/protocol/MESI_Two_Level/RequestMsg.hh, X86/mem/ruby/protocol/MESI_Two_Level/L1Cache_State.cc, X86/mem/ruby/protocol/SequencerRequestType.hh, X86/mem/ruby/protocol/MESI_Two_Level/L2Cache_Event.hh, X86/mem/ruby/protocol/HtmCallbackMode.hh, X86/mem/ruby/protocol/MessageSizeType.cc, X86/mem/ruby/protocol/MaskPredictorIndex.cc, X86/mem/ruby/protocol/HtmFailedInCacheReason.cc, X86/mem/ruby/protocol/MESI_Two_Level/ResponseMsg.cc, X86/mem/ruby/protocol/MESI_Two_Level/L1Cache_State.hh, X86/mem/ruby/protocol/MESI_Two_Level/L2Cache_State.cc, X86/mem/ruby/protocol/MESI_Two_Level/Directory_State.cc, X86/mem/ruby/protocol/MessageSizeType.hh, X86/mem/ruby/protocol/MaskPredictorIndex.hh, X86/mem/ruby/protocol/MESI_Two_Level/ResponseMsg.hh, X86/mem/ruby/protocol/MESI_Two_Level/L1Cache_TBE.cc, X86/mem/ruby/protocol/MESI_Two_Level/L2Cache_State.hh, X86/mem/ruby/protocol/MESI_Two_Level/Directory_State.hh, X86/mem/ruby/protocol/MESI_Two_Level/DMA_Controller.cc, X86/mem/ruby/protocol/PrefetchBit.cc, X86/mem/ruby/protocol/MaskPredictorTraining.cc, X86/mem/ruby/protocol/HtmFailedInCacheReason.hh, X86/mem/ruby/protocol/DMASequencerRequestType.hh, X86/mem/ruby/protocol/MESI_Two_Level/L1Cache_TBE.hh, X86/mem/ruby/protocol/DMASequencerRequestType.cc, X86/mem/ruby/protocol/MESI_Two_Level/L2Cache_TBE.cc, X86/mem/ruby/protocol/MESI_Two_Level/Directory_TBE.cc, X86/mem/ruby/protocol/MESI_Two_Level/DMA_Controller.hh, X86/mem/ruby/protocol/PrefetchBit.hh, X86/mem/ruby/protocol/MaskPredictorTraining.hh, X86/mem/ruby/protocol/InvalidateGeneratorStatus.cc, X86/mem/ruby/protocol/MESI_Two_Level/L1Cache_Transitions.cc, X86/mem/ruby/protocol/MESI_Two_Level/DMA_Wakeup.cc, X86/mem/ruby/protocol/MESI_Two_Level/L2Cache_TBE.hh, X86/mem/ruby/protocol/MESI_Two_Level/DMA_State.cc, X86/mem/ruby/protocol/MESI_Two_Level/Directory_TBE.hh, X86/mem/ruby/protocol/MESI_Two_Level/DMA_Event.cc, X86/mem/ruby/protocol/RequestStatus.cc, X86/mem/ruby/protocol/MaskPredictorType.cc, X86/mem/ruby/protocol/InvalidateGeneratorStatus.hh
MESI_Two_Level-L1cache.sm:261: Warning: Non-void return ignored, return type is 'bool'
MESI_Two_Level-L1cache.sm:263: Warning: Non-void return ignored, return type is 'bool'
MESI_Two_Level-L1cache.sm:929: Warning: Non-void return ignored, return type is 'Tick'
MESI_Two_Level-L1cache.sm:1045: Warning: Non-void return ignored, return type is 'Tick'
MESI_Two_Level-L1cache.sm:782: Warning: Unused action: e_sendAckToRequestor, send invalidate ack to requestor (could be L2 or L1)
MESI_Two_Level-L2cache.sm:235: Warning: Non-void return ignored, return type is 'bool'
MESI_Two_Level-L2cache.sm:237: Warning: Non-void return ignored, return type is 'bool'
MESI_Two_Level-L2cache.sm:598: Warning: Unused action: fw_sendFwdInvToSharers, invalidate sharers for request
MESI_Two_Level-L2cache.sm:768: Warning: Unused action: kk_removeRequestSharer, Remove L1 Request sharer from list
MESI_Two_Level-L2cache.sm:784: Warning: Unused action: mm_markExclusive, set the exclusive owner
MESI_Two_Level-dir.sm:160: Warning: Non-void return ignored, return type is 'bool'
MESI_Two_Level-dir.sm:298: Warning: Non-void return ignored, return type is 'Tick'
MESI_Two_Level-dir.sm:302: Warning: Non-void return ignored, return type is 'Tick'
MESI_Two_Level-dir.sm:352: Warning: Non-void return ignored, return type is 'Tick'
MESI_Two_Level-dir.sm:355: Warning: Unused action: p_popIncomingDMARequestQueue, Pop incoming DMA queue
MESI_Two_Level-dma.sm:189: Warning: Non-void return ignored, return type is 'Tick'
MESI_Two_Level-dma.sm:193: Warning: Non-void return ignored, return type is 'Tick'
 [ DEFINES]  -> X86/python/m5/defines.py
 [     CXX] src/base/atomicio.cc -> X86/base/atomicio.o
 [     CXX] src/base/bitfield.cc -> X86/base/bitfield.o
 [     CXX] X86/python/m5ImporterCode.cc -> .pyo
 [     CXX] src/python/importer.cc -> X86/python/importer.pyo
 [CONFIG H] HAVE_PNG, 0 -> X86/config/have_png.hh
 [CONFIG H] HAVE_DEPRECATED_NAMESPACE, 1 -> X86/config/have_deprecated_namespace.hh
 [     CXX] src/base/channel_addr.cc -> X86/base/channel_addr.o
 [     CXX] src/base/cprintf.cc -> X86/base/cprintf.o
 [     CXX] src/base/debug.cc -> X86/base/debug.o
 [CONFIG H] HAVE_FENV, 1 -> X86/config/have_fenv.hh
 [     CXX] src/base/fenv.cc -> X86/base/fenv.o
 [CONFIG H] HAVE_VALGRIND, 1 -> X86/config/have_valgrind.hh
 [     CXX] src/base/fiber.cc -> X86/base/fiber.o
 [     CXX] src/base/hostinfo.cc -> X86/base/hostinfo.o
 [     CXX] src/base/inet.cc -> X86/base/inet.o
 [     CXX] src/base/inifile.cc -> X86/base/inifile.o
 [     CXX] src/base/logging.cc -> X86/base/logging.o
 [     CXX] src/base/match.cc -> X86/base/match.o
 [     CXX] src/base/output.cc -> X86/base/output.o
 [    LINK]  -> X86/gem5py
 [     CXX] src/base/random.cc -> X86/base/random.o
 [EMBED PY] src/mem/ruby/network/fault_model/FaultModel.py -> X86/mem/ruby/network/fault_model/FaultModel.py.cc
 [     CXX] X86/mem/ruby/network/fault_model/FaultModel.py.cc -> .pyo
 [EMBED PY] src/python/gem5/coherence_protocol.py -> X86/python/gem5/coherence_protocol.py.cc
 [     CXX] X86/python/gem5/coherence_protocol.py.cc -> .pyo
 [EMBED PY] src/dev/Platform.py -> X86/dev/Platform.py.cc
 [     CXX] X86/dev/Platform.py.cc -> .pyo
 [EMBED PY] src/mem/ruby/structures/RubyCache.py -> X86/mem/ruby/structures/RubyCache.py.cc
 [     CXX] X86/mem/ruby/structures/RubyCache.py.cc -> .pyo
 [EMBED PY] src/dev/storage/SimpleDisk.py -> X86/dev/storage/SimpleDisk.py.cc
 [EMBED PY] src/python/gem5/components/memory/dram_interfaces/wideio.py -> X86/python/gem5/components/memory/dram_interfaces/wideio.py.cc
 [     CXX] X86/dev/storage/SimpleDisk.py.cc -> .pyo
 [     CXX] X86/python/gem5/components/memory/dram_interfaces/wideio.py.cc -> .pyo
 [EMBED PY] src/python/gem5/components/devices/gpus/viper_shader.py -> X86/python/gem5/components/devices/gpus/viper_shader.py.cc
 [     CXX] X86/python/gem5/components/devices/gpus/viper_shader.py.cc -> .pyo
 [EMBED PY] src/python/gem5_default_config.py -> X86/python/gem5_default_config.py.cc
 [     CXX] X86/python/gem5_default_config.py.cc -> .pyo
 [EMBED PY] src/python/gem5/components/processors/gups_generator.py -> X86/python/gem5/components/processors/gups_generator.py.cc
 [     CXX] X86/python/gem5/components/processors/gups_generator.py.cc -> .pyo
 [EMBED PY] src/python/m5/util/terminal.py -> X86/python/m5/util/terminal.py.cc
 [     CXX] X86/python/m5/util/terminal.py.cc -> .pyo
 [EMBED PY] src/arch/generic/InstDecoder.py -> X86/arch/generic/InstDecoder.py.cc
 [     CXX] X86/arch/generic/InstDecoder.py.cc -> .pyo
 [EMBED PY] src/python/gem5/components/cachehierarchies/ruby/mesi_three_level_cache_hierarchy.py -> X86/python/gem5/components/cachehierarchies/ruby/mesi_three_level_cache_hierarchy.py.cc
 [     CXX] X86/python/gem5/components/cachehierarchies/ruby/mesi_three_level_cache_hierarchy.py.cc -> .pyo
 [EMBED PY] src/mem/probes/MemTraceProbe.py -> X86/mem/probes/MemTraceProbe.py.cc
 [EMBED PY] src/python/gem5/components/cachehierarchies/ruby/caches/prebuilt/octopi_cache/octopi_network.py -> X86/python/gem5/components/cachehierarchies/ruby/caches/prebuilt/octopi_cache/octopi_network.py.cc
 [     CXX] X86/mem/probes/MemTraceProbe.py.cc -> .pyo
 [     CXX] X86/python/gem5/components/cachehierarchies/ruby/caches/prebuilt/octopi_cache/octopi_network.py.cc -> .pyo
 [EMBED PY] src/cpu/trace/TraceCPU.py -> X86/cpu/trace/TraceCPU.py.cc
 [     CXX] X86/cpu/trace/TraceCPU.py.cc -> .pyo
 [EMBED PY] src/python/gem5/components/memory/dram_interfaces/__init__.py -> X86/python/gem5/components/memory/dram_interfaces/__init__.py.cc
 [     CXX] X86/python/gem5/components/memory/dram_interfaces/__init__.py.cc -> .pyo
 [EMBED PY] src/cpu/minor/MinorCPU.py -> X86/cpu/minor/MinorCPU.py.cc
 [     CXX] X86/cpu/minor/MinorCPU.py.cc -> .pyo
 [EMBED PY] src/cpu/TimingExpr.py -> X86/cpu/TimingExpr.py.cc
 [     CXX] X86/cpu/TimingExpr.py.cc -> .pyo
 [EMBED PY] src/python/gem5/components/boards/__init__.py -> X86/python/gem5/components/boards/__init__.py.cc
 [     CXX] X86/python/gem5/components/boards/__init__.py.cc -> .pyo
 [EMBED PY] src/python/gem5/prebuilt/demo/__init__.py -> X86/python/gem5/prebuilt/demo/__init__.py.cc
 [     CXX] X86/python/gem5/prebuilt/demo/__init__.py.cc -> .pyo
 [EMBED PY] src/python/gem5/resources/md5_utils.py -> X86/python/gem5/resources/md5_utils.py.cc
 [EMBED PY] src/python/gem5/components/cachehierarchies/chi/nodes/directory.py -> X86/python/gem5/components/cachehierarchies/chi/nodes/directory.py.cc
 [     CXX] X86/python/gem5/resources/md5_utils.py.cc -> .pyo
 [     CXX] X86/python/gem5/components/cachehierarchies/chi/nodes/directory.py.cc -> .pyo
 [EMBED PY] src/cpu/simple/probes/SimPoint.py -> X86/cpu/simple/probes/SimPoint.py.cc
 [     CXX] X86/cpu/simple/probes/SimPoint.py.cc -> .pyo
 [EMBED PY] src/mem/ruby/network/Network.py -> X86/mem/ruby/network/Network.py.cc
 [     CXX] X86/mem/ruby/network/Network.py.cc -> .pyo
 [EMBED PY] src/mem/cache/replacement_policies/ReplacementPolicies.py -> X86/mem/cache/replacement_policies/ReplacementPolicies.py.cc
 [     CXX] X86/mem/cache/replacement_policies/ReplacementPolicies.py.cc -> .pyo
 [EMBED PY] src/sim/DVFSHandler.py -> X86/sim/DVFSHandler.py.cc
 [     CXX] X86/sim/DVFSHandler.py.cc -> .pyo
 [EMBED PY] src/dev/virtio/VirtIOConsole.py -> X86/dev/virtio/VirtIOConsole.py.cc
 [     CXX] X86/dev/virtio/VirtIOConsole.py.cc -> .pyo
 [EMBED PY] src/mem/PortTerminator.py -> X86/mem/PortTerminator.py.cc
 [     CXX] X86/mem/PortTerminator.py.cc -> .pyo
 [EMBED PY] src/python/gem5/components/cachehierarchies/ruby/caches/mesi_three_level/__init__.py -> X86/python/gem5/components/cachehierarchies/ruby/caches/mesi_three_level/__init__.py.cc
 [     CXX] X86/python/gem5/components/cachehierarchies/ruby/caches/mesi_three_level/__init__.py.cc -> .pyo
 [EMBED PY] src/arch/x86/X86LocalApic.py -> X86/arch/x86/X86LocalApic.py.cc
 [     CXX] X86/arch/x86/X86LocalApic.py.cc -> .pyo
 [EMBED PY] src/python/m5/objects/__init__.py -> X86/python/m5/objects/__init__.py.cc
 [     CXX] X86/python/m5/objects/__init__.py.cc -> .pyo
 [EMBED PY] src/python/gem5/components/cachehierarchies/classic/private_l1_private_l2_walk_cache_hierarchy.py -> X86/python/gem5/components/cachehierarchies/classic/private_l1_private_l2_walk_cache_hierarchy.py.cc
 [     CXX] X86/python/gem5/components/cachehierarchies/classic/private_l1_private_l2_walk_cache_hierarchy.py.cc -> .pyo
 [EMBED PY] src/python/gem5/components/processors/spatter_gen/__init__.py -> X86/python/gem5/components/processors/spatter_gen/__init__.py.cc
 [     CXX] X86/python/gem5/components/processors/spatter_gen/__init__.py.cc -> .pyo
 [EMBED PY] src/python/gem5/utils/multisim/__main__.py -> X86/python/gem5/utils/multisim/__main__.py.cc
 [     CXX] X86/python/gem5/utils/multisim/__main__.py.cc -> .pyo
 [EMBED PY] src/python/gem5/components/cachehierarchies/ruby/caches/mesi_two_level/directory.py -> X86/python/gem5/components/cachehierarchies/ruby/caches/mesi_two_level/directory.py.cc
 [     CXX] X86/python/gem5/components/cachehierarchies/ruby/caches/mesi_two_level/directory.py.cc -> .pyo
 [EMBED PY] src/python/gem5/components/cachehierarchies/ruby/caches/viper/directory.py -> X86/python/gem5/components/cachehierarchies/ruby/caches/viper/directory.py.cc
 [     CXX] X86/python/gem5/components/cachehierarchies/ruby/caches/viper/directory.py.cc -> .pyo
 [EMBED PY] src/python/gem5/components/processors/base_cpu_core.py -> X86/python/gem5/components/processors/base_cpu_core.py.cc
 [     CXX] X86/python/gem5/components/processors/base_cpu_core.py.cc -> .pyo
 [EMBED PY] src/learning_gem5/part2/SimpleCache.py -> X86/learning_gem5/part2/SimpleCache.py.cc
 [     CXX] X86/learning_gem5/part2/SimpleCache.py.cc -> .pyo
 [EMBED PY] src/mem/ruby/system/RubySystem.py -> X86/mem/ruby/system/RubySystem.py.cc
 [     CXX] X86/mem/ruby/system/RubySystem.py.cc -> .pyo
 [EMBED PY] src/learning_gem5/part2/HelloObject.py -> X86/learning_gem5/part2/HelloObject.py.cc
 [     CXX] X86/learning_gem5/part2/HelloObject.py.cc -> .pyo
 [EMBED PY] src/python/gem5/components/boards/se_binary_workload.py -> X86/python/gem5/components/boards/se_binary_workload.py.cc
 [     CXX] X86/python/gem5/components/boards/se_binary_workload.py.cc -> .pyo
 [EMBED PY] src/python/m5/ext/pystats/serializable_stat.py -> X86/python/m5/ext/pystats/serializable_stat.py.cc
 [     CXX] X86/python/m5/ext/pystats/serializable_stat.py.cc -> .pyo
 [EMBED PY] src/python/gem5/components/devices/gpus/amdgpu.py -> X86/python/gem5/components/devices/gpus/amdgpu.py.cc
 [     CXX] X86/python/gem5/components/devices/gpus/amdgpu.py.cc -> .pyo
 [EMBED PY] src/python/gem5/resources/client_api/client_query.py -> X86/python/gem5/resources/client_api/client_query.py.cc
 [     CXX] X86/python/gem5/resources/client_api/client_query.py.cc -> .pyo
 [EMBED PY] src/sim/SignalPort.py -> X86/sim/SignalPort.py.cc
 [     CXX] X86/sim/SignalPort.py.cc -> .pyo
 [EMBED PY] src/arch/x86/X86TLB.py -> X86/arch/x86/X86TLB.py.cc
 [     CXX] X86/arch/x86/X86TLB.py.cc -> .pyo
 [EMBED PY] src/python/gem5/components/processors/gups_generator_core.py -> X86/python/gem5/components/processors/gups_generator_core.py.cc
 [     CXX] X86/python/gem5/components/processors/gups_generator_core.py.cc -> .pyo
 [EMBED PY] src/python/gem5/prebuilt/riscvmatched/riscvmatched_processor.py -> X86/python/gem5/prebuilt/riscvmatched/riscvmatched_processor.py.cc
 [     CXX] X86/python/gem5/prebuilt/riscvmatched/riscvmatched_processor.py.cc -> .pyo
 [EMBED PY] src/python/m5/util/pybind.py -> X86/python/m5/util/pybind.py.cc
 [     CXX] X86/python/m5/util/pybind.py.cc -> .pyo
 [EMBED PY] src/cpu/probes/InstTracker.py -> X86/cpu/probes/InstTracker.py.cc
 [     CXX] X86/cpu/probes/InstTracker.py.cc -> .pyo
 [EMBED PY] src/sst/OutgoingRequestBridge.py -> X86/sst/OutgoingRequestBridge.py.cc
 [     CXX] X86/sst/OutgoingRequestBridge.py.cc -> .pyo
 [EMBED PY] src/cpu/probes/PcCountTracker.py -> X86/cpu/probes/PcCountTracker.py.cc
 [     CXX] X86/cpu/probes/PcCountTracker.py.cc -> .pyo
 [EMBED PY] src/python/m5/core.py -> X86/python/m5/core.py.cc
 [     CXX] X86/python/m5/core.py.cc -> .pyo
 [EMBED PY] src/python/gem5/components/cachehierarchies/ruby/caches/prebuilt/octopi_cache/core_complex.py -> X86/python/gem5/components/cachehierarchies/ruby/caches/prebuilt/octopi_cache/core_complex.py.cc
 [     CXX] X86/python/gem5/components/cachehierarchies/ruby/caches/prebuilt/octopi_cache/core_complex.py.cc -> .pyo
 [EMBED PY] src/systemc/Tlm.py -> X86/systemc/Tlm.py.cc
 [     CXX] X86/systemc/Tlm.py.cc -> .pyo
 [EMBED PY] src/python/gem5/components/cachehierarchies/ruby/mesi_two_level_cache_hierarchy.py -> X86/python/gem5/components/cachehierarchies/ruby/mesi_two_level_cache_hierarchy.py.cc
 [     CXX] X86/python/gem5/components/cachehierarchies/ruby/mesi_two_level_cache_hierarchy.py.cc -> .pyo
 [EMBED PY] src/python/gem5/resources/downloader.py -> X86/python/gem5/resources/downloader.py.cc
 [     CXX] X86/python/gem5/resources/downloader.py.cc -> .pyo
 [EMBED PY] src/systemc/core/SystemC.py -> X86/systemc/core/SystemC.py.cc
 [     CXX] X86/systemc/core/SystemC.py.cc -> .pyo
 [EMBED PY] src/mem/MemCtrl.py -> X86/mem/MemCtrl.py.cc
 [EMBED PY] src/python/gem5/components/cachehierarchies/chi/nodes/abstract_node.py -> X86/python/gem5/components/cachehierarchies/chi/nodes/abstract_node.py.cc
 [     CXX] X86/mem/MemCtrl.py.cc -> .pyo
 [     CXX] X86/python/gem5/components/cachehierarchies/chi/nodes/abstract_node.py.cc -> .pyo
 [EMBED PY] src/base/filters/BloomFilters.py -> X86/base/filters/BloomFilters.py.cc
 [EMBED PY] src/python/gem5/components/memory/dram_interfaces/lpddr5.py -> X86/python/gem5/components/memory/dram_interfaces/lpddr5.py.cc
 [     CXX] X86/base/filters/BloomFilters.py.cc -> .pyo
 [     CXX] X86/python/gem5/components/memory/dram_interfaces/lpddr5.py.cc -> .pyo
 [EMBED PY] src/mem/ruby/slicc_interface/Controller.py -> X86/mem/ruby/slicc_interface/Controller.py.cc
 [     CXX] X86/mem/ruby/slicc_interface/Controller.py.cc -> .pyo
 [EMBED PY] src/cpu/testers/directedtest/RubyDirectedTester.py -> X86/cpu/testers/directedtest/RubyDirectedTester.py.cc
 [     CXX] X86/cpu/testers/directedtest/RubyDirectedTester.py.cc -> .pyo
 [EMBED PY] src/cpu/CpuCluster.py -> X86/cpu/CpuCluster.py.cc
 [EMBED PY] src/cpu/FuncUnit.py -> X86/cpu/FuncUnit.py.cc
 [     CXX] X86/cpu/CpuCluster.py.cc -> .pyo
 [     CXX] X86/cpu/FuncUnit.py.cc -> .pyo
 [EMBED PY] src/python/gem5/simulate/__init__.py -> X86/python/gem5/simulate/__init__.py.cc
 [EMBED PY] src/mem/ExternalMaster.py -> X86/mem/ExternalMaster.py.cc
 [     CXX] X86/python/gem5/simulate/__init__.py.cc -> .pyo
 [     CXX] X86/mem/ExternalMaster.py.cc -> .pyo
 [EMBED PY] src/python/gem5/components/cachehierarchies/classic/private_l1_private_l2_cache_hierarchy.py -> X86/python/gem5/components/cachehierarchies/classic/private_l1_private_l2_cache_hierarchy.py.cc
 [EMBED PY] src/python/gem5/components/memory/hbm.py -> X86/python/gem5/components/memory/hbm.py.cc
 [     CXX] X86/python/gem5/components/cachehierarchies/classic/private_l1_private_l2_cache_hierarchy.py.cc -> .pyo
 [     CXX] X86/python/gem5/components/memory/hbm.py.cc -> .pyo
 [EMBED PY] src/python/gem5/prebuilt/riscvmatched/riscvmatched_cache.py -> X86/python/gem5/prebuilt/riscvmatched/riscvmatched_cache.py.cc
 [     CXX] X86/python/gem5/prebuilt/riscvmatched/riscvmatched_cache.py.cc -> .pyo
 [EMBED PY] src/python/gem5/components/__init__.py -> X86/python/gem5/components/__init__.py.cc
 [     CXX] X86/python/gem5/components/__init__.py.cc -> .pyo
 [EMBED PY] src/python/gem5/prebuilt/__init__.py -> X86/python/gem5/prebuilt/__init__.py.cc
 [     CXX] X86/python/gem5/prebuilt/__init__.py.cc -> .pyo
 [EMBED PY] src/python/gem5/components/boards/kernel_disk_workload.py -> X86/python/gem5/components/boards/kernel_disk_workload.py.cc
 [     CXX] X86/python/gem5/components/boards/kernel_disk_workload.py.cc -> .pyo
 [EMBED PY] src/python/gem5/components/cachehierarchies/ruby/caches/mesi_two_level/__init__.py -> X86/python/gem5/components/cachehierarchies/ruby/caches/mesi_two_level/__init__.py.cc
 [     CXX] X86/python/gem5/components/cachehierarchies/ruby/caches/mesi_two_level/__init__.py.cc -> .pyo
 [EMBED PY] src/python/gem5/components/cachehierarchies/ruby/caches/viper/corepair_cache.py -> X86/python/gem5/components/cachehierarchies/ruby/caches/viper/corepair_cache.py.cc
 [     CXX] X86/python/gem5/components/cachehierarchies/ruby/caches/viper/corepair_cache.py.cc -> .pyo
 [EMBED PY] src/python/gem5/components/processors/simple_core.py -> X86/python/gem5/components/processors/simple_core.py.cc
 [EMBED PY] src/sim/Workload.py -> X86/sim/Workload.py.cc
 [     CXX] X86/python/gem5/components/processors/simple_core.py.cc -> .pyo
 [     CXX] X86/sim/Workload.py.cc -> .pyo
 [EMBED PY] src/cpu/InstPBTrace.py -> X86/cpu/InstPBTrace.py.cc
 [     CXX] X86/cpu/InstPBTrace.py.cc -> .pyo
 [EMBED PY] src/dev/x86/I8042.py -> X86/dev/x86/I8042.py.cc
 [     CXX] X86/dev/x86/I8042.py.cc -> .pyo
 [EMBED PY] src/arch/generic/BaseMMU.py -> X86/arch/generic/BaseMMU.py.cc
 [     CXX] X86/arch/generic/BaseMMU.py.cc -> .pyo
 [EMBED PY] X86/python/m5/defines.py -> .cc
 [     CXX] X86/python/m5/defines.py.cc -> .pyo
 [EMBED PY] src/python/m5/ext/pystats/__init__.py -> X86/python/m5/ext/pystats/__init__.py.cc
 [EMBED PY] src/sim/RedirectPath.py -> X86/sim/RedirectPath.py.cc
 [     CXX] X86/python/m5/ext/pystats/__init__.py.cc -> .pyo
 [     CXX] X86/sim/RedirectPath.py.cc -> .pyo
 [EMBED PY] src/python/gem5/components/devices/gpus/__init__.py -> X86/python/gem5/components/devices/gpus/__init__.py.cc
 [EMBED PY] src/python/gem5/components/cachehierarchies/ruby/caches/mesi_two_level/l2_cache.py -> X86/python/gem5/components/cachehierarchies/ruby/caches/mesi_two_level/l2_cache.py.cc
 [     CXX] X86/python/gem5/components/devices/gpus/__init__.py.cc -> .pyo
 [     CXX] X86/python/gem5/components/cachehierarchies/ruby/caches/mesi_two_level/l2_cache.py.cc -> .pyo
 [EMBED PY] src/mem/SharedMemoryServer.py -> X86/mem/SharedMemoryServer.py.cc
 [     CXX] X86/mem/SharedMemoryServer.py.cc -> .pyo
 [EMBED PY] src/python/m5/trace.py -> X86/python/m5/trace.py.cc
 [     CXX] X86/python/m5/trace.py.cc -> .pyo
 [EMBED PY] src/python/gem5/components/processors/cpu_types.py -> X86/python/gem5/components/processors/cpu_types.py.cc
 [     CXX] X86/python/gem5/components/processors/cpu_types.py.cc -> .pyo
 [EMBED PY] src/python/m5/util/multidict.py -> X86/python/m5/util/multidict.py.cc
 [     CXX] X86/python/m5/util/multidict.py.cc -> .pyo
 [EMBED PY] src/python/gem5/components/processors/random_generator.py -> X86/python/gem5/components/processors/random_generator.py.cc
 [EMBED PY] src/cpu/minor/BaseMinorCPU.py -> X86/cpu/minor/BaseMinorCPU.py.cc
 [     CXX] X86/python/gem5/components/processors/random_generator.py.cc -> .pyo
 [EMBED PY] src/cpu/kvm/BaseKvmCPU.py -> X86/cpu/kvm/BaseKvmCPU.py.cc
 [     CXX] X86/cpu/minor/BaseMinorCPU.py.cc -> .pyo
 [     CXX] X86/cpu/kvm/BaseKvmCPU.py.cc -> .pyo
 [EMBED PY] src/cpu/testers/memtest/MemTest.py -> X86/cpu/testers/memtest/MemTest.py.cc
 [     CXX] X86/cpu/testers/memtest/MemTest.py.cc -> .pyo
 [EMBED PY] src/cpu/kvm/KvmVM.py -> X86/cpu/kvm/KvmVM.py.cc
 [     CXX] X86/cpu/kvm/KvmVM.py.cc -> .pyo
 [EMBED PY] src/sim/probe/Probe.py -> X86/sim/probe/Probe.py.cc
 [     CXX] X86/sim/probe/Probe.py.cc -> .pyo
 [EMBED PY] src/systemc/tlm_bridge/TlmBridge.py -> X86/systemc/tlm_bridge/TlmBridge.py.cc
 [     CXX] X86/systemc/tlm_bridge/TlmBridge.py.cc -> .pyo
 [EMBED PY] src/python/m5/citations.py -> X86/python/m5/citations.py.cc
 [     CXX] X86/python/m5/citations.py.cc -> .pyo
 [EMBED PY] src/cpu/o3/probe/SimpleTrace.py -> X86/cpu/o3/probe/SimpleTrace.py.cc
 [     CXX] X86/cpu/o3/probe/SimpleTrace.py.cc -> .pyo
 [EMBED PY] src/python/gem5/components/cachehierarchies/ruby/caches/prebuilt/octopi_cache/octopi.py -> X86/python/gem5/components/cachehierarchies/ruby/caches/prebuilt/octopi_cache/octopi.py.cc
 [EMBED PY] src/mem/qos/QoSMemSinkCtrl.py -> X86/mem/qos/QoSMemSinkCtrl.py.cc
 [     CXX] X86/python/gem5/components/cachehierarchies/ruby/caches/prebuilt/octopi_cache/octopi.py.cc -> .pyo
 [     CXX] X86/mem/qos/QoSMemSinkCtrl.py.cc -> .pyo
 [EMBED PY] src/dev/virtio/VirtIORng.py -> X86/dev/virtio/VirtIORng.py.cc
 [EMBED PY] src/mem/ruby/network/BasicLink.py -> X86/mem/ruby/network/BasicLink.py.cc
 [     CXX] X86/dev/virtio/VirtIORng.py.cc -> .pyo
 [     CXX] X86/mem/ruby/network/BasicLink.py.cc -> .pyo
 [EMBED PY] src/python/gem5/components/cachehierarchies/ruby/abstract_ruby_cache_hierarchy.py -> X86/python/gem5/components/cachehierarchies/ruby/abstract_ruby_cache_hierarchy.py.cc
 [     CXX] X86/python/gem5/components/cachehierarchies/ruby/abstract_ruby_cache_hierarchy.py.cc -> .pyo
 [EMBED PY] src/python/gem5/resources/client.py -> X86/python/gem5/resources/client.py.cc
 [     CXX] X86/python/gem5/resources/client.py.cc -> .pyo
 [EMBED PY] src/mem/cache/prefetch/Prefetcher.py -> X86/mem/cache/prefetch/Prefetcher.py.cc
 [     CXX] X86/mem/cache/prefetch/Prefetcher.py.cc -> .pyo
 [EMBED PY] src/python/gem5/resources/client_api/abstract_client.py -> X86/python/gem5/resources/client_api/abstract_client.py.cc
 [     CXX] X86/python/gem5/resources/client_api/abstract_client.py.cc -> .pyo
 [EMBED PY] src/python/gem5/components/cachehierarchies/chi/nodes/__init__.py -> X86/python/gem5/components/cachehierarchies/chi/nodes/__init__.py.cc
 [EMBED PY] src/base/vnc/Vnc.py -> X86/base/vnc/Vnc.py.cc
 [     CXX] X86/python/gem5/components/cachehierarchies/chi/nodes/__init__.py.cc -> .pyo
 [     CXX] X86/base/vnc/Vnc.py.cc -> .pyo
 [EMBED PY] src/dev/virtio/VirtIO.py -> X86/dev/virtio/VirtIO.py.cc
 [EMBED PY] src/mem/ruby/network/garnet/GarnetNetwork.py -> X86/mem/ruby/network/garnet/GarnetNetwork.py.cc
 [     CXX] X86/dev/virtio/VirtIO.py.cc -> .pyo
 [     CXX] X86/mem/ruby/network/garnet/GarnetNetwork.py.cc -> .pyo
 [EMBED PY] src/cpu/simple/BaseAtomicSimpleCPU.py -> X86/cpu/simple/BaseAtomicSimpleCPU.py.cc
 [     CXX] X86/cpu/simple/BaseAtomicSimpleCPU.py.cc -> .pyo
 [EMBED PY] src/dev/x86/Cmos.py -> X86/dev/x86/Cmos.py.cc
 [     CXX] X86/dev/x86/Cmos.py.cc -> .pyo
 [EMBED PY] src/python/gem5/components/memory/dram_interfaces/lpddr3.py -> X86/python/gem5/components/memory/dram_interfaces/lpddr3.py.cc
 [     CXX] X86/python/gem5/components/memory/dram_interfaces/lpddr3.py.cc -> .pyo
 [EMBED PY] src/cpu/simple/TimingSimpleCPU.py -> X86/cpu/simple/TimingSimpleCPU.py.cc
 [     CXX] X86/cpu/simple/TimingSimpleCPU.py.cc -> .pyo
 [EMBED PY] src/python/gem5/components/processors/gups_generator_par.py -> X86/python/gem5/components/processors/gups_generator_par.py.cc
 [     CXX] X86/python/gem5/components/processors/gups_generator_par.py.cc -> .pyo
 [EMBED PY] src/python/gem5/components/cachehierarchies/ruby/caches/viper/__init__.py -> X86/python/gem5/components/cachehierarchies/ruby/caches/viper/__init__.py.cc
 [     CXX] X86/python/gem5/components/cachehierarchies/ruby/caches/viper/__init__.py.cc -> .pyo
 [EMBED PY] src/python/gem5/components/processors/spatter_gen/spatter_kernel.py -> X86/python/gem5/components/processors/spatter_gen/spatter_kernel.py.cc
 [EMBED PY] src/python/gem5/utils/multiprocessing/context.py -> X86/python/gem5/utils/multiprocessing/context.py.cc
 [     CXX] X86/python/gem5/components/processors/spatter_gen/spatter_kernel.py.cc -> .pyo
 [     CXX] X86/python/gem5/utils/multiprocessing/context.py.cc -> .pyo
 [EMBED PY] src/python/m5/stats/gem5stats.py -> X86/python/m5/stats/gem5stats.py.cc
 [EMBED PY] src/arch/x86/bios/IntelMP.py -> X86/arch/x86/bios/IntelMP.py.cc
 [EMBED PY] src/cpu/simple/BaseTimingSimpleCPU.py -> X86/cpu/simple/BaseTimingSimpleCPU.py.cc
 [     CXX] X86/python/m5/stats/gem5stats.py.cc -> .pyo
 [     CXX] X86/arch/x86/bios/IntelMP.py.cc -> .pyo
 [     CXX] X86/cpu/simple/BaseTimingSimpleCPU.py.cc -> .pyo
 [EMBED PY] src/cpu/o3/FUPool.py -> X86/cpu/o3/FUPool.py.cc
 [     CXX] X86/cpu/o3/FUPool.py.cc -> .pyo
 [EMBED PY] src/python/gem5/components/processors/complex_generator.py -> X86/python/gem5/components/processors/complex_generator.py.cc
 [     CXX] X86/python/gem5/components/processors/complex_generator.py.cc -> .pyo
 [EMBED PY] src/python/m5/ticks.py -> X86/python/m5/ticks.py.cc
 [     CXX] X86/python/m5/ticks.py.cc -> .pyo
 [EMBED PY] src/python/gem5/components/cachehierarchies/classic/private_l1_cache_hierarchy.py -> X86/python/gem5/components/cachehierarchies/classic/private_l1_cache_hierarchy.py.cc
 [EMBED PY] src/python/m5/util/fdthelper.py -> X86/python/m5/util/fdthelper.py.cc
 [     CXX] X86/python/gem5/components/cachehierarchies/classic/private_l1_cache_hierarchy.py.cc -> .pyo
 [     CXX] X86/python/m5/util/fdthelper.py.cc -> .pyo
 [EMBED PY] src/python/gem5/components/processors/random_generator_core.py -> X86/python/gem5/components/processors/random_generator_core.py.cc
 [EMBED PY] src/python/gem5/simulate/exit_event_generators.py -> X86/python/gem5/simulate/exit_event_generators.py.cc
 [     CXX] X86/python/gem5/components/processors/random_generator_core.py.cc -> .pyo
 [     CXX] X86/python/gem5/simulate/exit_event_generators.py.cc -> .pyo
 [EMBED PY] src/python/gem5/components/processors/traffic_generator.py -> X86/python/gem5/components/processors/traffic_generator.py.cc
 [     CXX] X86/python/gem5/components/processors/traffic_generator.py.cc -> .pyo
 [EMBED PY] src/python/gem5/components/cachehierarchies/ruby/caches/__init__.py -> X86/python/gem5/components/cachehierarchies/ruby/caches/__init__.py.cc
 [     CXX] X86/python/gem5/components/cachehierarchies/ruby/caches/__init__.py.cc -> .pyo
 [EMBED PY] src/mem/SerialLink.py -> X86/mem/SerialLink.py.cc
 [     CXX] X86/mem/SerialLink.py.cc -> .pyo
 [EMBED PY] src/dev/ResetPort.py -> X86/dev/ResetPort.py.cc
 [     CXX] X86/dev/ResetPort.py.cc -> .pyo
 [EMBED PY] src/python/m5/SimObject.py -> X86/python/m5/SimObject.py.cc
 [EMBED PY] src/arch/x86/bios/ACPI.py -> X86/arch/x86/bios/ACPI.py.cc
 [     CXX] X86/arch/x86/bios/ACPI.py.cc -> .pyo
 [     CXX] X86/python/m5/SimObject.py.cc -> .pyo
 [EMBED PY] src/python/gem5/components/cachehierarchies/ruby/caches/prebuilt/octopi_cache/__init__.py -> X86/python/gem5/components/cachehierarchies/ruby/caches/prebuilt/octopi_cache/__init__.py.cc
 [     CXX] X86/python/gem5/components/cachehierarchies/ruby/caches/prebuilt/octopi_cache/__init__.py.cc -> .pyo
 [EMBED PY] src/python/gem5/components/cachehierarchies/ruby/__init__.py -> X86/python/gem5/components/cachehierarchies/ruby/__init__.py.cc
 [     CXX] X86/python/gem5/components/cachehierarchies/ruby/__init__.py.cc -> .pyo
 [EMBED PY] src/python/gem5/resources/__init__.py -> X86/python/gem5/resources/__init__.py.cc
 [     CXX] X86/python/gem5/resources/__init__.py.cc -> .pyo
 [EMBED PY] src/python/m5/ext/pyfdt/__init__.py -> X86/python/m5/ext/pyfdt/__init__.py.cc
 [     CXX] X86/python/m5/ext/pyfdt/__init__.py.cc -> .pyo
 [EMBED PY] src/python/gem5/utils/multisim/multisim.py -> X86/python/gem5/utils/multisim/multisim.py.cc
 [     CXX] X86/python/gem5/utils/multisim/multisim.py.cc -> .pyo
 [EMBED PY] src/python/gem5/resources/client_api/atlasclient.py -> X86/python/gem5/resources/client_api/atlasclient.py.cc
 [     CXX] X86/python/gem5/resources/client_api/atlasclient.py.cc -> .pyo
 [EMBED PY] src/python/gem5/components/devices/__init__.py -> X86/python/gem5/components/devices/__init__.py.cc
 [     CXX] X86/python/gem5/components/devices/__init__.py.cc -> .pyo
 [EMBED PY] src/python/gem5/runtime.py -> X86/python/gem5/runtime.py.cc
 [     CXX] X86/python/gem5/runtime.py.cc -> .pyo
 [EMBED PY] src/python/gem5/components/boards/arm_board.py -> X86/python/gem5/components/boards/arm_board.py.cc
 [     CXX] X86/python/gem5/components/boards/arm_board.py.cc -> .pyo
 [EMBED PY] src/sim/System.py -> X86/sim/System.py.cc
 [     CXX] X86/sim/System.py.cc -> .pyo
 [EMBED PY] src/dev/x86/PcSpeaker.py -> X86/dev/x86/PcSpeaker.py.cc
 [EMBED PY] src/cpu/simple/NonCachingSimpleCPU.py -> X86/cpu/simple/NonCachingSimpleCPU.py.cc
 [     CXX] X86/dev/x86/PcSpeaker.py.cc -> .pyo
 [     CXX] X86/cpu/simple/NonCachingSimpleCPU.py.cc -> .pyo
 [EMBED PY] src/mem/HBMCtrl.py -> X86/mem/HBMCtrl.py.cc
 [     CXX] X86/mem/HBMCtrl.py.cc -> .pyo
 [EMBED PY] src/cpu/o3/O3Checker.py -> X86/cpu/o3/O3Checker.py.cc
 [     CXX] X86/cpu/o3/O3Checker.py.cc -> .pyo
 [EMBED PY] src/dev/x86/I8254.py -> X86/dev/x86/I8254.py.cc
 [     CXX] X86/dev/x86/I8254.py.cc -> .pyo
 [EMBED PY] src/python/gem5/components/memory/dram_interfaces/lpddr2.py -> X86/python/gem5/components/memory/dram_interfaces/lpddr2.py.cc
 [     CXX] X86/python/gem5/components/memory/dram_interfaces/lpddr2.py.cc -> .pyo
 [EMBED PY] src/python/gem5/components/memory/single_channel.py -> X86/python/gem5/components/memory/single_channel.py.cc
 [     CXX] X86/python/gem5/components/memory/single_channel.py.cc -> .pyo
 [EMBED PY] src/sim/power/MathExprPowerModel.py -> X86/sim/power/MathExprPowerModel.py.cc
 [     CXX] X86/sim/power/MathExprPowerModel.py.cc -> .pyo
 [EMBED PY] src/arch/x86/bios/E820.py -> X86/arch/x86/bios/E820.py.cc
 [     CXX] X86/arch/x86/bios/E820.py.cc -> .pyo
 [EMBED PY] src/python/gem5/utils/multiprocessing/_command_line.py -> X86/python/gem5/utils/multiprocessing/_command_line.py.cc
 [     CXX] X86/python/gem5/utils/multiprocessing/_command_line.py.cc -> .pyo
 [EMBED PY] src/python/m5/ext/pystats/jsonloader.py -> X86/python/m5/ext/pystats/jsonloader.py.cc
 [     CXX] X86/python/m5/ext/pystats/jsonloader.py.cc -> .pyo
 [EMBED PY] src/python/m5/simulate.py -> X86/python/m5/simulate.py.cc
 [     CXX] X86/python/m5/simulate.py.cc -> .pyo
 [EMBED PY] src/dev/qemu/QemuFwCfg.py -> X86/dev/qemu/QemuFwCfg.py.cc
 [     CXX] X86/dev/qemu/QemuFwCfg.py.cc -> .pyo
 [EMBED PY] src/mem/ruby/network/BasicRouter.py -> X86/mem/ruby/network/BasicRouter.py.cc
 [     CXX] X86/mem/ruby/network/BasicRouter.py.cc -> .pyo
 [EMBED PY] src/python/gem5/components/processors/complex_generator_core.py -> X86/python/gem5/components/processors/complex_generator_core.py.cc
 [EMBED PY] src/python/gem5/components/cachehierarchies/classic/no_cache.py -> X86/python/gem5/components/cachehierarchies/classic/no_cache.py.cc
 [     CXX] X86/python/gem5/components/processors/complex_generator_core.py.cc -> .pyo
 [EMBED PY] src/python/m5/util/dot_writer_ruby.py -> X86/python/m5/util/dot_writer_ruby.py.cc
 [     CXX] X86/python/gem5/components/cachehierarchies/classic/no_cache.py.cc -> .pyo
 [     CXX] X86/python/m5/util/dot_writer_ruby.py.cc -> .pyo
 [EMBED PY] src/sim/TickedObject.py -> X86/sim/TickedObject.py.cc
 [     CXX] X86/sim/TickedObject.py.cc -> .pyo
 [EMBED PY] src/python/gem5/components/processors/strided_generator.py -> X86/python/gem5/components/processors/strided_generator.py.cc
 [EMBED PY] src/arch/x86/X86ISA.py -> X86/arch/x86/X86ISA.py.cc
 [     CXX] X86/python/gem5/components/processors/strided_generator.py.cc -> .pyo
 [     CXX] X86/arch/x86/X86ISA.py.cc -> .pyo
 [EMBED PY] src/python/gem5/components/processors/traffic_generator_core.py -> X86/python/gem5/components/processors/traffic_generator_core.py.cc
 [     CXX] X86/python/gem5/components/processors/traffic_generator_core.py.cc -> .pyo
 [EMBED PY] src/mem/MemInterface.py -> X86/mem/MemInterface.py.cc
 [     CXX] X86/mem/MemInterface.py.cc -> .pyo
 [EMBED PY] src/dev/IntPin.py -> X86/dev/IntPin.py.cc
 [     CXX] X86/dev/IntPin.py.cc -> .pyo
 [EMBED PY] src/dev/x86/Pc.py -> X86/dev/x86/Pc.py.cc
 [EMBED PY] src/python/m5/__init__.py -> X86/python/m5/__init__.py.cc
 [     CXX] X86/dev/x86/Pc.py.cc -> .pyo
 [     CXX] X86/python/m5/__init__.py.cc -> .pyo
 [EMBED PY] src/python/gem5/simulate/exit_event.py -> X86/python/gem5/simulate/exit_event.py.cc
 [EMBED PY] src/learning_gem5/part2/SimpleMemobj.py -> X86/learning_gem5/part2/SimpleMemobj.py.cc
 [     CXX] X86/learning_gem5/part2/SimpleMemobj.py.cc -> .pyo
 [     CXX] X86/python/gem5/simulate/exit_event.py.cc -> .pyo
 [EMBED PY] src/cpu/simple/AtomicSimpleCPU.py -> X86/cpu/simple/AtomicSimpleCPU.py.cc
 [     CXX] X86/cpu/simple/AtomicSimpleCPU.py.cc -> .pyo
 [EMBED PY] src/cpu/StaticInstFlags.py -> X86/cpu/StaticInstFlags.py.cc
 [     CXX] X86/cpu/StaticInstFlags.py.cc -> .pyo
 [EMBED PY] src/python/m5/ext/pyfdt/pyfdt.py -> X86/python/m5/ext/pyfdt/pyfdt.py.cc
 [     CXX] X86/python/m5/ext/pyfdt/pyfdt.py.cc -> .pyo
 [EMBED PY] src/python/gem5/resources/client_api/jsonclient.py -> X86/python/gem5/resources/client_api/jsonclient.py.cc
 [     CXX] X86/python/gem5/resources/client_api/jsonclient.py.cc -> .pyo
 [EMBED PY] src/python/gem5/utils/multisim/__init__.py -> X86/python/gem5/utils/multisim/__init__.py.cc
 [EMBED PY] src/python/gem5/components/cachehierarchies/ruby/caches/mi_example/l1_cache.py -> X86/python/gem5/components/cachehierarchies/ruby/caches/mi_example/l1_cache.py.cc
 [EMBED PY] src/cpu/testers/traffic_gen/GUPSGen.py -> X86/cpu/testers/traffic_gen/GUPSGen.py.cc
 [EMBED PY] src/mem/probes/MemFootprintProbe.py -> X86/mem/probes/MemFootprintProbe.py.cc
 [     CXX] X86/python/gem5/utils/multisim/__init__.py.cc -> .pyo
 [     CXX] X86/cpu/testers/traffic_gen/GUPSGen.py.cc -> .pyo
 [     CXX] X86/python/gem5/components/cachehierarchies/ruby/caches/mi_example/l1_cache.py.cc -> .pyo
 [     CXX] X86/mem/probes/MemFootprintProbe.py.cc -> .pyo
 [EMBED PY] src/cpu/o3/O3CPU.py -> X86/cpu/o3/O3CPU.py.cc
 [     CXX] X86/cpu/o3/O3CPU.py.cc -> .pyo
 [EMBED PY] src/python/gem5/components/boards/x86_board.py -> X86/python/gem5/components/boards/x86_board.py.cc
 [     CXX] X86/python/gem5/components/boards/x86_board.py.cc -> .pyo
 [EMBED PY] X86/mem/ruby/protocol/MESI_Two_Level/MESI_Two_Level_Directory_Controller.py -> .cc
 [     CXX] X86/mem/ruby/protocol/MESI_Two_Level/MESI_Two_Level_Directory_Controller.py.cc -> .pyo
 [EMBED PY] src/sim/PowerDomain.py -> X86/sim/PowerDomain.py.cc
 [     CXX] X86/sim/PowerDomain.py.cc -> .pyo
 [EMBED PY] src/arch/x86/X86NativeTrace.py -> X86/arch/x86/X86NativeTrace.py.cc
 [     CXX] X86/arch/x86/X86NativeTrace.py.cc -> .pyo
 [EMBED PY] src/dev/x86/X86QemuFwCfg.py -> X86/dev/x86/X86QemuFwCfg.py.cc
 [EMBED PY] src/mem/ruby/structures/RubyPrefetcher.py -> X86/mem/ruby/structures/RubyPrefetcher.py.cc
 [     CXX] X86/mem/ruby/structures/RubyPrefetcher.py.cc -> .pyo
 [     CXX] X86/dev/x86/X86QemuFwCfg.py.cc -> .pyo
 [EMBED PY] src/dev/serial/Uart.py -> X86/dev/serial/Uart.py.cc
 [     CXX] X86/dev/serial/Uart.py.cc -> .pyo
 [EMBED PY] src/mem/ruby/network/garnet/GarnetLink.py -> X86/mem/ruby/network/garnet/GarnetLink.py.cc
 [     CXX] X86/mem/ruby/network/garnet/GarnetLink.py.cc -> .pyo
 [EMBED PY] src/python/gem5/components/cachehierarchies/ruby/caches/prebuilt/__init__.py -> X86/python/gem5/components/cachehierarchies/ruby/caches/prebuilt/__init__.py.cc
 [     CXX] X86/python/gem5/components/cachehierarchies/ruby/caches/prebuilt/__init__.py.cc -> .pyo
 [EMBED PY] src/python/gem5/components/cachehierarchies/classic/caches/mmu_cache.py -> X86/python/gem5/components/cachehierarchies/classic/caches/mmu_cache.py.cc
 [     CXX] X86/python/gem5/components/cachehierarchies/classic/caches/mmu_cache.py.cc -> .pyo
 [EMBED PY] src/python/gem5/components/memory/dram_interfaces/hmc.py -> X86/python/gem5/components/memory/dram_interfaces/hmc.py.cc
 [     CXX] X86/python/gem5/components/memory/dram_interfaces/hmc.py.cc -> .pyo
 [EMBED PY] src/mem/CommMonitor.py -> X86/mem/CommMonitor.py.cc
 [EMBED PY] src/python/gem5/components/memory/memory.py -> X86/python/gem5/components/memory/memory.py.cc
 [     CXX] X86/mem/CommMonitor.py.cc -> .pyo
 [     CXX] X86/python/gem5/components/memory/memory.py.cc -> .pyo
 [EMBED PY] src/python/gem5/prebuilt/viper/viper_network.py -> X86/python/gem5/prebuilt/viper/viper_network.py.cc
 [     CXX] X86/python/gem5/prebuilt/viper/viper_network.py.cc -> .pyo
 [EMBED PY] src/python/m5/params.py -> X86/python/m5/params.py.cc
 [     CXX] X86/python/m5/params.py.cc -> .pyo
 [EMBED PY] src/python/gem5/components/cachehierarchies/chi/private_l1_cache_hierarchy.py -> X86/python/gem5/components/cachehierarchies/chi/private_l1_cache_hierarchy.py.cc
 [     CXX] X86/python/gem5/components/cachehierarchies/chi/private_l1_cache_hierarchy.py.cc -> .pyo
 [EMBED PY] src/mem/AddrMapper.py -> X86/mem/AddrMapper.py.cc
 [     CXX] X86/mem/AddrMapper.py.cc -> .pyo
 [EMBED PY] src/cpu/DummyChecker.py -> X86/cpu/DummyChecker.py.cc
 [     CXX] X86/cpu/DummyChecker.py.cc -> .pyo
 [EMBED PY] src/python/gem5/components/cachehierarchies/ruby/topologies/simple_pt2pt.py -> X86/python/gem5/components/cachehierarchies/ruby/topologies/simple_pt2pt.py.cc
 [EMBED PY] src/sim/ClockDomain.py -> X86/sim/ClockDomain.py.cc
 [     CXX] X86/python/gem5/components/cachehierarchies/ruby/topologies/simple_pt2pt.py.cc -> .pyo
 [     CXX] X86/sim/ClockDomain.py.cc -> .pyo
 [EMBED PY] src/python/m5/ext/pystats/timeconversion.py -> X86/python/m5/ext/pystats/timeconversion.py.cc
 [     CXX] X86/python/m5/ext/pystats/timeconversion.py.cc -> .pyo
 [EMBED PY] src/python/gem5/components/processors/abstract_processor.py -> X86/python/gem5/components/processors/abstract_processor.py.cc
 [     CXX] X86/python/gem5/components/processors/abstract_processor.py.cc -> .pyo
 [EMBED PY] src/python/gem5/components/cachehierarchies/classic/abstract_classic_cache_hierarchy.py -> X86/python/gem5/components/cachehierarchies/classic/abstract_classic_cache_hierarchy.py.cc
 [EMBED PY] src/cpu/BaseCPU.py -> X86/cpu/BaseCPU.py.cc
 [     CXX] X86/python/gem5/components/cachehierarchies/classic/abstract_classic_cache_hierarchy.py.cc -> .pyo
 [     CXX] X86/cpu/BaseCPU.py.cc -> .pyo
 [EMBED PY] src/python/gem5/components/processors/strided_generator_core.py -> X86/python/gem5/components/processors/strided_generator_core.py.cc
 [     CXX] X86/python/gem5/components/processors/strided_generator_core.py.cc -> .pyo
 [EMBED PY] src/python/gem5/utils/simpoint.py -> X86/python/gem5/utils/simpoint.py.cc
 [     CXX] X86/python/gem5/utils/simpoint.py.cc -> .pyo
 [EMBED PY] src/mem/NVMInterface.py -> X86/mem/NVMInterface.py.cc
 [EMBED PY] src/arch/x86/bios/SMBios.py -> X86/arch/x86/bios/SMBios.py.cc
 [     CXX] X86/arch/x86/bios/SMBios.py.cc -> .pyo
 [     CXX] X86/mem/NVMInterface.py.cc -> .pyo
 [EMBED PY] src/python/gem5/simulate/simulator.py -> X86/python/gem5/simulate/simulator.py.cc
 [     CXX] X86/python/gem5/simulate/simulator.py.cc -> .pyo
 [EMBED PY] src/python/gem5/resources/client_api/__init__.py -> X86/python/gem5/resources/client_api/__init__.py.cc
 [     CXX] X86/python/gem5/resources/client_api/__init__.py.cc -> .pyo
 [EMBED PY] src/mem/cache/compressors/Compressors.py -> X86/mem/cache/compressors/Compressors.py.cc
 [EMBED PY] src/python/m5/proxy.py -> X86/python/m5/proxy.py.cc
 [     CXX] X86/mem/cache/compressors/Compressors.py.cc -> .pyo
 [     CXX] X86/python/m5/proxy.py.cc -> .pyo
 [EMBED PY] src/python/gem5/components/cachehierarchies/ruby/caches/mi_example/dma_controller.py -> X86/python/gem5/components/cachehierarchies/ruby/caches/mi_example/dma_controller.py.cc
 [     CXX] X86/python/gem5/components/cachehierarchies/ruby/caches/mi_example/dma_controller.py.cc -> .pyo
 [EMBED PY] src/sim/power/ThermalModel.py -> X86/sim/power/ThermalModel.py.cc
 [     CXX] X86/sim/power/ThermalModel.py.cc -> .pyo
 [EMBED PY] src/python/m5/util/dot_writer.py -> X86/python/m5/util/dot_writer.py.cc
 [     CXX] X86/python/m5/util/dot_writer.py.cc -> .pyo
 [EMBED PY] src/python/gem5/components/boards/test_board.py -> X86/python/gem5/components/boards/test_board.py.cc
 [     CXX] X86/python/gem5/components/boards/test_board.py.cc -> .pyo
 [EMBED PY] src/arch/generic/BaseInterrupts.py -> X86/arch/generic/BaseInterrupts.py.cc
 [     CXX] X86/arch/generic/BaseInterrupts.py.cc -> .pyo
 [EMBED PY] src/mem/CfiMemory.py -> X86/mem/CfiMemory.py.cc
 [     CXX] X86/mem/CfiMemory.py.cc -> .pyo
 [EMBED PY] src/learning_gem5/part2/SimpleObject.py -> X86/learning_gem5/part2/SimpleObject.py.cc
 [EMBED PY] src/python/importer.py -> X86/python/importer.py.cc
 [     CXX] X86/learning_gem5/part2/SimpleObject.py.cc -> .pyo
 [     CXX] X86/python/importer.py.cc -> .pyo
 [EMBED PY] src/mem/qos/QoSMemCtrl.py -> X86/mem/qos/QoSMemCtrl.py.cc
 [     CXX] X86/mem/qos/QoSMemCtrl.py.cc -> .pyo
 [EMBED PY] src/python/gem5/components/memory/dram_interfaces/hbm.py -> X86/python/gem5/components/memory/dram_interfaces/hbm.py.cc
 [     CXX] X86/python/gem5/components/memory/dram_interfaces/hbm.py.cc -> .pyo
 [EMBED PY] src/mem/ruby/network/MessageBuffer.py -> X86/mem/ruby/network/MessageBuffer.py.cc
 [     CXX] X86/mem/ruby/network/MessageBuffer.py.cc -> .pyo
 [EMBED PY] src/mem/SysBridge.py -> X86/mem/SysBridge.py.cc
 [     CXX] X86/mem/SysBridge.py.cc -> .pyo
 [EMBED PY] src/python/m5/ext/__init__.py -> X86/python/m5/ext/__init__.py.cc
 [     CXX] X86/python/m5/ext/__init__.py.cc -> .pyo
 [EMBED PY] src/python/gem5/prebuilt/riscvmatched/riscvmatched_board.py -> X86/python/gem5/prebuilt/riscvmatched/riscvmatched_board.py.cc
 [     CXX] X86/python/gem5/prebuilt/riscvmatched/riscvmatched_board.py.cc -> .pyo
 [EMBED PY] src/python/gem5/components/cachehierarchies/chi/__init__.py -> X86/python/gem5/components/cachehierarchies/chi/__init__.py.cc
 [EMBED PY] src/arch/x86/X86FsWorkload.py -> X86/arch/x86/X86FsWorkload.py.cc
 [     CXX] X86/python/gem5/components/cachehierarchies/chi/__init__.py.cc -> .pyo
 [     CXX] X86/arch/x86/X86FsWorkload.py.cc -> .pyo
 [EMBED PY] src/python/gem5/utils/socks_ssl_context.py -> X86/python/gem5/utils/socks_ssl_context.py.cc
 [     CXX] X86/python/gem5/utils/socks_ssl_context.py.cc -> .pyo
 [EMBED PY] src/mem/HMCController.py -> X86/mem/HMCController.py.cc
 [     CXX] X86/mem/HMCController.py.cc -> .pyo
 [EMBED PY] src/python/gem5/components/cachehierarchies/ruby/topologies/__init__.py -> X86/python/gem5/components/cachehierarchies/ruby/topologies/__init__.py.cc
 [     CXX] X86/python/gem5/components/cachehierarchies/ruby/topologies/__init__.py.cc -> .pyo
 [EMBED PY] src/sim/Process.py -> X86/sim/Process.py.cc
 [     CXX] X86/sim/Process.py.cc -> .pyo
 [EMBED PY] src/base/Graphics.py -> X86/base/Graphics.py.cc
 [     CXX] X86/base/Graphics.py.cc -> .pyo
 [     CXX] X86/base/Graphics.py.cc -> .o
 [EMBED PY] src/python/m5/ext/pystats/storagetype.py -> X86/python/m5/ext/pystats/storagetype.py.cc
 [EMBED PY] src/arch/x86/X86CPU.py -> X86/arch/x86/X86CPU.py.cc
 [     CXX] X86/python/m5/ext/pystats/storagetype.py.cc -> .pyo
 [     CXX] X86/arch/x86/X86CPU.py.cc -> .pyo
 [EMBED PY] src/mem/XBar.py -> X86/mem/XBar.py.cc
 [     CXX] X86/mem/XBar.py.cc -> .pyo
 [EMBED PY] src/dev/serial/Serial.py -> X86/dev/serial/Serial.py.cc
 [     CXX] X86/dev/serial/Serial.py.cc -> .pyo
 [EMBED PY] src/mem/qos/QoSPolicy.py -> X86/mem/qos/QoSPolicy.py.cc
 [     CXX] X86/mem/qos/QoSPolicy.py.cc -> .pyo
 [EMBED PY] src/python/gem5/components/cachehierarchies/ruby/caches/mesi_three_level/l3_cache.py -> X86/python/gem5/components/cachehierarchies/ruby/caches/mesi_three_level/l3_cache.py.cc
 [     CXX] X86/python/gem5/components/cachehierarchies/ruby/caches/mesi_three_level/l3_cache.py.cc -> .pyo
 [EMBED PY] src/dev/virtio/VirtIOBlock.py -> X86/dev/virtio/VirtIOBlock.py.cc
 [     CXX] X86/dev/virtio/VirtIOBlock.py.cc -> .pyo
 [EMBED PY] src/python/gem5/components/processors/linear_generator.py -> X86/python/gem5/components/processors/linear_generator.py.cc
 [     CXX] X86/python/gem5/components/processors/linear_generator.py.cc -> .pyo
 [EMBED PY] src/python/gem5/components/cachehierarchies/classic/caches/l2cache.py -> X86/python/gem5/components/cachehierarchies/classic/caches/l2cache.py.cc
 [     CXX] X86/python/gem5/components/cachehierarchies/classic/caches/l2cache.py.cc -> .pyo
 [EMBED PY] src/python/gem5/components/memory/simple.py -> X86/python/gem5/components/memory/simple.py.cc
 [     CXX] X86/python/gem5/components/memory/simple.py.cc -> .pyo
 [EMBED PY] src/python/gem5/prebuilt/viper/gpu_cache_hierarchy.py -> X86/python/gem5/prebuilt/viper/gpu_cache_hierarchy.py.cc
 [     CXX] X86/python/gem5/prebuilt/viper/gpu_cache_hierarchy.py.cc -> .pyo
 [EMBED PY] src/systemc/python/systemc.py -> X86/systemc/python/systemc.py.cc
 [     CXX] X86/systemc/python/systemc.py.cc -> .pyo
 [EMBED PY] src/python/gem5/components/cachehierarchies/classic/__init__.py -> X86/python/gem5/components/cachehierarchies/classic/__init__.py.cc
 [     CXX] X86/python/gem5/components/cachehierarchies/classic/__init__.py.cc -> .pyo
 [EMBED PY] src/dev/BadDevice.py -> X86/dev/BadDevice.py.cc
 [     CXX] X86/dev/BadDevice.py.cc -> .pyo
 [EMBED PY] src/python/gem5/components/processors/abstract_generator.py -> X86/python/gem5/components/processors/abstract_generator.py.cc
 [     CXX] X86/python/gem5/components/processors/abstract_generator.py.cc -> .pyo
 [EMBED PY] src/python/gem5/components/boards/simple_board.py -> X86/python/gem5/components/boards/simple_board.py.cc
 [     CXX] X86/python/gem5/components/boards/simple_board.py.cc -> .pyo
 [EMBED PY] src/python/gem5/components/processors/switchable_processor.py -> X86/python/gem5/components/processors/switchable_processor.py.cc
 [EMBED PY] src/dev/x86/SouthBridge.py -> X86/dev/x86/SouthBridge.py.cc
 [     CXX] X86/python/gem5/components/processors/switchable_processor.py.cc -> .pyo
 [     CXX] X86/dev/x86/SouthBridge.py.cc -> .pyo
 [EMBED PY] src/mem/MemDelay.py -> X86/mem/MemDelay.py.cc
 [     CXX] X86/mem/MemDelay.py.cc -> .pyo
 [EMBED PY] src/mem/probes/BaseMemProbe.py -> X86/mem/probes/BaseMemProbe.py.cc
 [     CXX] X86/mem/probes/BaseMemProbe.py.cc -> .pyo
 [EMBED PY] src/python/gem5/utils/multiprocessing/popen_spawn_gem5.py -> X86/python/gem5/utils/multiprocessing/popen_spawn_gem5.py.cc
 [     CXX] X86/python/gem5/utils/multiprocessing/popen_spawn_gem5.py.cc -> .pyo
 [EMBED PY] src/python/m5/util/convert.py -> X86/python/m5/util/convert.py.cc
 [     CXX] X86/python/m5/util/convert.py.cc -> .pyo
 [EMBED PY] src/mem/cache/tags/partitioning_policies/PartitioningPolicies.py -> X86/mem/cache/tags/partitioning_policies/PartitioningPolicies.py.cc
 [     CXX] X86/mem/cache/tags/partitioning_policies/PartitioningPolicies.py.cc -> .pyo
 [EMBED PY] src/python/gem5/components/memory/dram_interfaces/gddr.py -> X86/python/gem5/components/memory/dram_interfaces/gddr.py.cc
 [EMBED PY] src/python/gem5/components/memory/multi_channel.py -> X86/python/gem5/components/memory/multi_channel.py.cc
 [     CXX] X86/python/gem5/components/memory/dram_interfaces/gddr.py.cc -> .pyo
 [     CXX] X86/python/gem5/components/memory/multi_channel.py.cc -> .pyo
 [EMBED PY] X86/mem/ruby/protocol/MESI_Two_Level/MESI_Two_Level_L1Cache_Controller.py -> .cc
 [EMBED PY] src/python/gem5/prebuilt/riscvmatched/__init__.py -> X86/python/gem5/prebuilt/riscvmatched/__init__.py.cc
 [     CXX] X86/mem/ruby/protocol/MESI_Two_Level/MESI_Two_Level_L1Cache_Controller.py.cc -> .pyo
 [     CXX] X86/python/gem5/prebuilt/riscvmatched/__init__.py.cc -> .pyo
 [EMBED PY] src/python/gem5/resources/elfie.py -> X86/python/gem5/resources/elfie.py.cc
 [     CXX] X86/python/gem5/resources/elfie.py.cc -> .pyo
 [EMBED PY] src/python/gem5/utils/requires.py -> X86/python/gem5/utils/requires.py.cc
 [     CXX] X86/python/gem5/utils/requires.py.cc -> .pyo
 [EMBED PY] src/python/m5/ext/pystats/statistic.py -> X86/python/m5/ext/pystats/statistic.py.cc
 [     CXX] X86/python/m5/ext/pystats/statistic.py.cc -> .pyo
 [EMBED PY] src/mem/MemChecker.py -> X86/mem/MemChecker.py.cc
 [     CXX] X86/mem/MemChecker.py.cc -> .pyo
 [EMBED PY] src/cpu/simple/BaseNonCachingSimpleCPU.py -> X86/cpu/simple/BaseNonCachingSimpleCPU.py.cc
 [     CXX] X86/cpu/simple/BaseNonCachingSimpleCPU.py.cc -> .pyo
 [EMBED PY] X86/mem/ruby/protocol/MESI_Two_Level/MESI_Two_Level_L2Cache_Controller.py -> .cc
 [     CXX] X86/mem/ruby/protocol/MESI_Two_Level/MESI_Two_Level_L2Cache_Controller.py.cc -> .pyo
 [EMBED PY] src/sim/VoltageDomain.py -> X86/sim/VoltageDomain.py.cc
 [     CXX] X86/sim/VoltageDomain.py.cc -> .pyo
 [EMBED PY] src/mem/HeteroMemCtrl.py -> X86/mem/HeteroMemCtrl.py.cc
 [     CXX] X86/mem/HeteroMemCtrl.py.cc -> .pyo
 [EMBED PY] src/python/gem5/components/cachehierarchies/ruby/caches/mesi_three_level/l2_cache.py -> X86/python/gem5/components/cachehierarchies/ruby/caches/mesi_three_level/l2_cache.py.cc
 [     CXX] X86/python/gem5/components/cachehierarchies/ruby/caches/mesi_three_level/l2_cache.py.cc -> .pyo
 [EMBED PY] src/python/gem5/components/processors/linear_generator_core.py -> X86/python/gem5/components/processors/linear_generator_core.py.cc
 [     CXX] X86/python/gem5/components/processors/linear_generator_core.py.cc -> .pyo
 [EMBED PY] src/python/gem5/components/cachehierarchies/classic/caches/l1icache.py -> X86/python/gem5/components/cachehierarchies/classic/caches/l1icache.py.cc
 [     CXX] X86/python/gem5/components/cachehierarchies/classic/caches/l1icache.py.cc -> .pyo
 [EMBED PY] src/python/gem5/prebuilt/viper/cpu_cache_hierarchy.py -> X86/python/gem5/prebuilt/viper/cpu_cache_hierarchy.py.cc
 [     CXX] X86/python/gem5/prebuilt/viper/cpu_cache_hierarchy.py.cc -> .pyo
 [EMBED PY] src/dev/Device.py -> X86/dev/Device.py.cc
 [     CXX] X86/dev/Device.py.cc -> .pyo
 [EMBED PY] src/python/m5/internal/params.py -> X86/python/m5/internal/params.py.cc
 [     CXX] X86/python/m5/internal/params.py.cc -> .pyo
 [EMBED PY] src/python/gem5/components/cachehierarchies/ruby/caches/viper/tcc.py -> X86/python/gem5/components/cachehierarchies/ruby/caches/viper/tcc.py.cc
 [     CXX] X86/python/gem5/components/cachehierarchies/ruby/caches/viper/tcc.py.cc -> .pyo
 [EMBED PY] src/mem/ruby/network/simple/SimpleLink.py -> X86/mem/ruby/network/simple/SimpleLink.py.cc
 [     CXX] X86/mem/ruby/network/simple/SimpleLink.py.cc -> .pyo
 [EMBED PY] src/sim/power/PowerModel.py -> X86/sim/power/PowerModel.py.cc
 [     CXX] X86/sim/power/PowerModel.py.cc -> .pyo
 [EMBED PY] src/cpu/testers/traffic_gen/TrafficGen.py -> X86/cpu/testers/traffic_gen/TrafficGen.py.cc
 [     CXX] X86/cpu/testers/traffic_gen/TrafficGen.py.cc -> .pyo
 [EMBED PY] src/cpu/o3/BaseO3CPU.py -> X86/cpu/o3/BaseO3CPU.py.cc
 [     CXX] X86/cpu/o3/BaseO3CPU.py.cc -> .pyo
 [EMBED PY] src/cpu/testers/spatter_gen/SpatterGen.py -> X86/cpu/testers/spatter_gen/SpatterGen.py.cc
 [     CXX] X86/cpu/testers/spatter_gen/SpatterGen.py.cc -> .pyo
 [EMBED PY] src/python/gem5/components/memory/dramsim_3.py -> X86/python/gem5/components/memory/dramsim_3.py.cc
 [     CXX] X86/python/gem5/components/memory/dramsim_3.py.cc -> .pyo
 [EMBED PY] src/python/gem5/components/processors/abstract_generator_core.py -> X86/python/gem5/components/processors/abstract_generator_core.py.cc
 [     CXX] X86/python/gem5/components/processors/abstract_generator_core.py.cc -> .pyo
 [EMBED PY] src/dev/x86/I8237.py -> X86/dev/x86/I8237.py.cc
 [EMBED PY] src/python/gem5/components/processors/simple_switchable_processor.py -> X86/python/gem5/components/processors/simple_switchable_processor.py.cc
 [     CXX] X86/dev/x86/I8237.py.cc -> .pyo
 [     CXX] X86/python/gem5/components/processors/simple_switchable_processor.py.cc -> .pyo
 [EMBED PY] src/python/gem5/components/cachehierarchies/ruby/caches/mi_example/__init__.py -> X86/python/gem5/components/cachehierarchies/ruby/caches/mi_example/__init__.py.cc
 [     CXX] X86/python/gem5/components/cachehierarchies/ruby/caches/mi_example/__init__.py.cc -> .pyo
 [EMBED PY] src/python/gem5/components/cachehierarchies/abstract_three_level_cache_hierarchy.py -> X86/python/gem5/components/cachehierarchies/abstract_three_level_cache_hierarchy.py.cc
 [     CXX] X86/python/gem5/components/cachehierarchies/abstract_three_level_cache_hierarchy.py.cc -> .pyo
 [EMBED PY] src/cpu/simple/probes/LooppointAnalysis.py -> X86/cpu/simple/probes/LooppointAnalysis.py.cc
 [     CXX] X86/cpu/simple/probes/LooppointAnalysis.py.cc -> .pyo
 [EMBED PY] src/arch/x86/X86Decoder.py -> X86/arch/x86/X86Decoder.py.cc
 [     CXX] X86/arch/x86/X86Decoder.py.cc -> .pyo
 [EMBED PY] src/python/m5/options.py -> X86/python/m5/options.py.cc
 [     CXX] X86/python/m5/options.py.cc -> .pyo
 [EMBED PY] src/python/m5/util/attrdict.py -> X86/python/m5/util/attrdict.py.cc
 [     CXX] X86/python/m5/util/attrdict.py.cc -> .pyo
 [EMBED PY] src/python/gem5/components/cachehierarchies/chi/nodes/memory_controller.py -> X86/python/gem5/components/cachehierarchies/chi/nodes/memory_controller.py.cc
 [     CXX] X86/python/gem5/components/cachehierarchies/chi/nodes/memory_controller.py.cc -> .pyo
 [EMBED PY] src/python/gem5/components/boards/experimental/lupv_board.py -> X86/python/gem5/components/boards/experimental/lupv_board.py.cc
 [     CXX] X86/python/gem5/components/boards/experimental/lupv_board.py.cc -> .pyo
 [EMBED PY] src/dev/pci/CopyEngine.py -> X86/dev/pci/CopyEngine.py.cc
 [     CXX] X86/dev/pci/CopyEngine.py.cc -> .pyo
 [EMBED PY] src/mem/cache/Cache.py -> X86/mem/cache/Cache.py.cc
 [     CXX] X86/mem/cache/Cache.py.cc -> .pyo
 [EMBED PY] src/dev/x86/X86Ide.py -> X86/dev/x86/X86Ide.py.cc
 [     CXX] X86/dev/x86/X86Ide.py.cc -> .pyo
 [EMBED PY] src/python/gem5/resources/looppoint.py -> X86/python/gem5/resources/looppoint.py.cc
 [     CXX] X86/python/gem5/resources/looppoint.py.cc -> .pyo
 [EMBED PY] src/python/m5/ext/pystats/simstat.py -> X86/python/m5/ext/pystats/simstat.py.cc
 [     CXX] X86/python/m5/ext/pystats/simstat.py.cc -> .pyo
 [EMBED PY] src/python/gem5/utils/override.py -> X86/python/gem5/utils/override.py.cc
 [     CXX] X86/python/gem5/utils/override.py.cc -> .pyo
 [EMBED PY] src/dev/storage/Ide.py -> X86/dev/storage/Ide.py.cc
 [     CXX] X86/dev/storage/Ide.py.cc -> .pyo
 [    INFO] COPYING, LICENSE, README.md -> X86/python/m5/info.py
 [EMBED PY] X86/python/m5/info.py -> .cc
 [     CXX] X86/python/m5/info.py.cc -> .pyo
 [EMBED PY] src/python/gem5/utils/progress_bar.py -> X86/python/gem5/utils/progress_bar.py.cc
 [     CXX] X86/python/gem5/utils/progress_bar.py.cc -> .pyo
 [EMBED PY] src/mem/ThreadBridge.py -> X86/mem/ThreadBridge.py.cc
 [     CXX] X86/mem/ThreadBridge.py.cc -> .pyo
 [EMBED PY] src/python/m5/internal/__init__.py -> X86/python/m5/internal/__init__.py.cc
 [     CXX] X86/python/m5/internal/__init__.py.cc -> .pyo
 [EMBED PY] src/arch/x86/X86MMU.py -> X86/arch/x86/X86MMU.py.cc
 [EMBED PY] src/mem/ruby/structures/DirectoryMemory.py -> X86/mem/ruby/structures/DirectoryMemory.py.cc
 [     CXX] X86/arch/x86/X86MMU.py.cc -> .pyo
 [     CXX] X86/mem/ruby/structures/DirectoryMemory.py.cc -> .pyo
 [EMBED PY] src/mem/qos/QoSTurnaround.py -> X86/mem/qos/QoSTurnaround.py.cc
 [     CXX] X86/mem/qos/QoSTurnaround.py.cc -> .pyo
 [EMBED PY] src/mem/probes/StackDistProbe.py -> X86/mem/probes/StackDistProbe.py.cc
 [     CXX] X86/mem/probes/StackDistProbe.py.cc -> .pyo
 [EMBED PY] src/python/gem5/components/cachehierarchies/classic/caches/l1dcache.py -> X86/python/gem5/components/cachehierarchies/classic/caches/l1dcache.py.cc
 [     CXX] X86/python/gem5/components/cachehierarchies/classic/caches/l1dcache.py.cc -> .pyo
 [EMBED PY] src/python/gem5/components/memory/dram_interfaces/ddr5.py -> X86/python/gem5/components/memory/dram_interfaces/ddr5.py.cc
 [     CXX] X86/python/gem5/components/memory/dram_interfaces/ddr5.py.cc -> .pyo
 [EMBED PY] src/python/gem5/prebuilt/viper/board.py -> X86/python/gem5/prebuilt/viper/board.py.cc
 [     CXX] X86/python/gem5/prebuilt/viper/board.py.cc -> .pyo
 [EMBED PY] src/python/m5/ext/pystats/group.py -> X86/python/m5/ext/pystats/group.py.cc
 [EMBED PY] src/python/gem5/components/boards/mem_mode.py -> X86/python/gem5/components/boards/mem_mode.py.cc
 [     CXX] X86/python/m5/ext/pystats/group.py.cc -> .pyo
 [     CXX] X86/python/gem5/components/boards/mem_mode.py.cc -> .pyo
 [EMBED PY] src/python/gem5/prebuilt/demo/arm_demo_board.py -> X86/python/gem5/prebuilt/demo/arm_demo_board.py.cc
 [     CXX] X86/python/gem5/prebuilt/demo/arm_demo_board.py.cc -> .pyo
 [EMBED PY] src/python/gem5/components/cachehierarchies/ruby/caches/viper/sqc.py -> X86/python/gem5/components/cachehierarchies/ruby/caches/viper/sqc.py.cc
 [EMBED PY] src/dev/pci/PciDevice.py -> X86/dev/pci/PciDevice.py.cc
 [     CXX] X86/python/gem5/components/cachehierarchies/ruby/caches/viper/sqc.py.cc -> .pyo
 [     CXX] X86/dev/pci/PciDevice.py.cc -> .pyo
 [EMBED PY] src/cpu/simple/BaseSimpleCPU.py -> X86/cpu/simple/BaseSimpleCPU.py.cc
 [     CXX] X86/cpu/simple/BaseSimpleCPU.py.cc -> .pyo
 [EMBED PY] src/python/m5/objects/SimObject.py -> X86/python/m5/objects/SimObject.py.cc
 [     CXX] X86/python/m5/objects/SimObject.py.cc -> .pyo
 [EMBED PY] src/dev/x86/I8259.py -> X86/dev/x86/I8259.py.cc
 [     CXX] X86/dev/x86/I8259.py.cc -> .pyo
 [EMBED PY] src/mem/AbstractMemory.py -> X86/mem/AbstractMemory.py.cc
 [     CXX] X86/mem/AbstractMemory.py.cc -> .pyo
 [EMBED PY] src/python/gem5/__init__.py -> X86/python/gem5/__init__.py.cc
 [     CXX] X86/python/gem5/__init__.py.cc -> .pyo
 [EMBED PY] src/mem/ruby/system/Sequencer.py -> X86/mem/ruby/system/Sequencer.py.cc
 [     CXX] X86/mem/ruby/system/Sequencer.py.cc -> .pyo
 [EMBED PY] X86/mem/ruby/protocol/MESI_Two_Level/MESI_Two_Level_DMA_Controller.py -> .cc
 [EMBED PY] src/mem/cache/tags/indexing_policies/IndexingPolicies.py -> X86/mem/cache/tags/indexing_policies/IndexingPolicies.py.cc
 [     CXX] X86/mem/ruby/protocol/MESI_Two_Level/MESI_Two_Level_DMA_Controller.py.cc -> .pyo
 [     CXX] X86/mem/cache/tags/indexing_policies/IndexingPolicies.py.cc -> .pyo
 [EMBED PY] src/python/gem5/components/memory/abstract_memory_system.py -> X86/python/gem5/components/memory/abstract_memory_system.py.cc
 [EMBED PY] src/python/gem5/components/processors/abstract_core.py -> X86/python/gem5/components/processors/abstract_core.py.cc
 [     CXX] X86/python/gem5/components/processors/abstract_core.py.cc -> .pyo
 [     CXX] X86/python/gem5/components/memory/abstract_memory_system.py.cc -> .pyo
 [EMBED PY] src/python/gem5/components/cachehierarchies/ruby/caches/mesi_three_level/l1_cache.py -> X86/python/gem5/components/cachehierarchies/ruby/caches/mesi_three_level/l1_cache.py.cc
 [     CXX] X86/python/gem5/components/cachehierarchies/ruby/caches/mesi_three_level/l1_cache.py.cc -> .pyo
 [EMBED PY] src/sim/Root.py -> X86/sim/Root.py.cc
 [     CXX] X86/sim/Root.py.cc -> .pyo
 [EMBED PY] src/python/gem5/components/processors/base_cpu_processor.py -> X86/python/gem5/components/processors/base_cpu_processor.py.cc
 [     CXX] X86/python/gem5/components/processors/base_cpu_processor.py.cc -> .pyo
 [EMBED PY] src/dev/ps2/PS2.py -> X86/dev/ps2/PS2.py.cc
 [EMBED PY] src/dev/pci/PciHost.py -> X86/dev/pci/PciHost.py.cc
 [     CXX] X86/dev/pci/PciHost.py.cc -> .pyo
 [     CXX] X86/dev/ps2/PS2.py.cc -> .pyo
 [EMBED PY] src/python/gem5/components/cachehierarchies/abstract_two_level_cache_hierarchy.py -> X86/python/gem5/components/cachehierarchies/abstract_two_level_cache_hierarchy.py.cc
 [     CXX] X86/python/gem5/components/cachehierarchies/abstract_two_level_cache_hierarchy.py.cc -> .pyo
 [EMBED PY] src/systemc/python/tlm.py -> X86/systemc/python/tlm.py.cc
 [EMBED PY] src/cpu/CheckerCPU.py -> X86/cpu/CheckerCPU.py.cc
 [     CXX] X86/systemc/python/tlm.py.cc -> .pyo
 [     CXX] X86/cpu/CheckerCPU.py.cc -> .pyo
 [EMBED PY] src/python/m5/main.py -> X86/python/m5/main.py.cc
 [     CXX] X86/python/m5/main.py.cc -> .pyo
 [EMBED PY] src/python/m5/util/__init__.py -> X86/python/m5/util/__init__.py.cc
 [     CXX] X86/python/m5/util/__init__.py.cc -> .pyo
 [EMBED PY] src/python/gem5/components/cachehierarchies/chi/nodes/private_l1_moesi_cache.py -> X86/python/gem5/components/cachehierarchies/chi/nodes/private_l1_moesi_cache.py.cc
 [EMBED PY] src/sim/ClockedObject.py -> X86/sim/ClockedObject.py.cc
 [EMBED PY] src/python/gem5/prebuilt/riscvmatched/riscvmatched_core.py -> X86/python/gem5/prebuilt/riscvmatched/riscvmatched_core.py.cc
 [     CXX] X86/python/gem5/components/cachehierarchies/chi/nodes/private_l1_moesi_cache.py.cc -> .pyo
 [     CXX] X86/sim/ClockedObject.py.cc -> .pyo
 [     CXX] X86/python/gem5/prebuilt/riscvmatched/riscvmatched_core.py.cc -> .pyo
 [EMBED PY] src/mem/ruby/network/simple/SimpleNetwork.py -> X86/mem/ruby/network/simple/SimpleNetwork.py.cc
 [     CXX] X86/mem/ruby/network/simple/SimpleNetwork.py.cc -> .pyo
 [EMBED PY] src/dev/storage/DiskImage.py -> X86/dev/storage/DiskImage.py.cc
 [EMBED PY] src/cpu/o3/BaseO3Checker.py -> X86/cpu/o3/BaseO3Checker.py.cc
 [     CXX] X86/dev/storage/DiskImage.py.cc -> .pyo
 [     CXX] X86/cpu/o3/BaseO3Checker.py.cc -> .pyo
 [EMBED PY] src/cpu/testers/garnet_synthetic_traffic/GarnetSyntheticTraffic.py -> X86/cpu/testers/garnet_synthetic_traffic/GarnetSyntheticTraffic.py.cc
 [     CXX] X86/cpu/testers/garnet_synthetic_traffic/GarnetSyntheticTraffic.py.cc -> .pyo
 [EMBED PY] src/python/gem5/resources/workload.py -> X86/python/gem5/resources/workload.py.cc
 [     CXX] X86/python/gem5/resources/workload.py.cc -> .pyo
 [EMBED PY] src/python/gem5/utils/filelock.py -> X86/python/gem5/utils/filelock.py.cc
 [     CXX] X86/python/gem5/utils/filelock.py.cc -> .pyo
 [EMBED PY] src/cpu/o3/probe/ElasticTrace.py -> X86/cpu/o3/probe/ElasticTrace.py.cc
 [EMBED PY] src/arch/x86/kvm/X86KvmCPU.py -> X86/arch/x86/kvm/X86KvmCPU.py.cc
 [     CXX] X86/cpu/o3/probe/ElasticTrace.py.cc -> .pyo
 [     CXX] X86/arch/x86/kvm/X86KvmCPU.py.cc -> .pyo
 [EMBED PY] src/arch/generic/BaseTLB.py -> X86/arch/generic/BaseTLB.py.cc
 [     CXX] X86/arch/generic/BaseTLB.py.cc -> .pyo
 [EMBED PY] src/python/gem5/components/boards/experimental/__init__.py -> X86/python/gem5/components/boards/experimental/__init__.py.cc
 [     CXX] X86/python/gem5/components/boards/experimental/__init__.py.cc -> .pyo
 [EMBED PY] src/cpu/CPUTracers.py -> X86/cpu/CPUTracers.py.cc
 [     CXX] X86/cpu/CPUTracers.py.cc -> .pyo
 [EMBED PY] src/cpu/pred/BranchPredictor.py -> X86/cpu/pred/BranchPredictor.py.cc
 [     CXX] X86/cpu/pred/BranchPredictor.py.cc -> .pyo
 [EMBED PY] src/mem/ExternalSlave.py -> X86/mem/ExternalSlave.py.cc
 [     CXX] X86/mem/ExternalSlave.py.cc -> .pyo
 [EMBED PY] src/dev/i2c/I2C.py -> X86/dev/i2c/I2C.py.cc
 [     CXX] X86/dev/i2c/I2C.py.cc -> .pyo
 [EMBED PY] src/python/gem5/components/processors/gups_generator_ep.py -> X86/python/gem5/components/processors/gups_generator_ep.py.cc
 [     CXX] X86/python/gem5/components/processors/gups_generator_ep.py.cc -> .pyo
 [EMBED PY] src/python/gem5/components/cachehierarchies/classic/caches/__init__.py -> X86/python/gem5/components/cachehierarchies/classic/caches/__init__.py.cc
 [     CXX] X86/python/gem5/components/cachehierarchies/classic/caches/__init__.py.cc -> .pyo
 [EMBED PY] src/python/gem5/components/memory/dram_interfaces/ddr4.py -> X86/python/gem5/components/memory/dram_interfaces/ddr4.py.cc
 [     CXX] X86/python/gem5/components/memory/dram_interfaces/ddr4.py.cc -> .pyo
 [EMBED PY] src/python/m5/debug.py -> X86/python/m5/debug.py.cc
 [     CXX] X86/python/m5/debug.py.cc -> .pyo
 [ TRACING]  -> X86/debug/Event.hh
 [     CXX] src/base/pollevent.cc -> X86/base/pollevent.o
 [EMBED PY] src/python/gem5/prebuilt/viper/__init__.py -> X86/python/gem5/prebuilt/viper/__init__.py.cc
 [     CXX] X86/python/gem5/prebuilt/viper/__init__.py.cc -> .pyo
 [EMBED PY] src/python/gem5/prebuilt/demo/riscv_demo_board.py -> X86/python/gem5/prebuilt/demo/riscv_demo_board.py.cc
 [     CXX] X86/python/gem5/prebuilt/demo/riscv_demo_board.py.cc -> .pyo
 [EMBED PY] src/python/gem5/components/boards/abstract_system_board.py -> X86/python/gem5/components/boards/abstract_system_board.py.cc
 [     CXX] X86/python/gem5/components/boards/abstract_system_board.py.cc -> .pyo
 [EMBED PY] src/dev/net/Ethernet.py -> X86/dev/net/Ethernet.py.cc
 [     CXX] X86/dev/net/Ethernet.py.cc -> .pyo
 [EMBED PY] src/python/m5/ext/pystats/abstract_stat.py -> X86/python/m5/ext/pystats/abstract_stat.py.cc
 [     CXX] X86/python/m5/ext/pystats/abstract_stat.py.cc -> .pyo
 [EMBED PY] src/python/gem5/components/cachehierarchies/ruby/caches/viper/tcp.py -> X86/python/gem5/components/cachehierarchies/ruby/caches/viper/tcp.py.cc
 [     CXX] X86/python/gem5/components/cachehierarchies/ruby/caches/viper/tcp.py.cc -> .pyo
 [EMBED PY] src/dev/virtio/VirtIO9P.py -> X86/dev/virtio/VirtIO9P.py.cc
 [     CXX] X86/dev/virtio/VirtIO9P.py.cc -> .pyo
 [EMBED PY] src/sim/power/PowerModelState.py -> X86/sim/power/PowerModelState.py.cc
 [     CXX] X86/sim/power/PowerModelState.py.cc -> .pyo
 [EMBED PY] src/sim/power/ThermalDomain.py -> X86/sim/power/ThermalDomain.py.cc
 [     CXX] X86/sim/power/ThermalDomain.py.cc -> .pyo
 [EMBED PY] src/sim/PowerState.py -> X86/sim/PowerState.py.cc
 [     CXX] X86/sim/PowerState.py.cc -> .pyo
 [EMBED PY] src/python/gem5/components/cachehierarchies/ruby/mi_example_cache_hierarchy.py -> X86/python/gem5/components/cachehierarchies/ruby/mi_example_cache_hierarchy.py.cc
 [     CXX] X86/python/gem5/components/cachehierarchies/ruby/mi_example_cache_hierarchy.py.cc -> .pyo
 [EMBED PY] src/python/gem5/components/processors/spatter_gen/spatter_generator.py -> X86/python/gem5/components/processors/spatter_gen/spatter_generator.py.cc
 [     CXX] X86/python/gem5/components/processors/spatter_gen/spatter_generator.py.cc -> .pyo
 [EMBED PY] src/mem/SimpleMemory.py -> X86/mem/SimpleMemory.py.cc
 [     CXX] X86/mem/SimpleMemory.py.cc -> .pyo
 [EMBED PY] src/dev/x86/I82094AA.py -> X86/dev/x86/I82094AA.py.cc
 [     CXX] X86/dev/x86/I82094AA.py.cc -> .pyo
 [EMBED PY] src/python/gem5/components/memory/__init__.py -> X86/python/gem5/components/memory/__init__.py.cc
 [     CXX] X86/python/gem5/components/memory/__init__.py.cc -> .pyo
 [EMBED PY] src/mem/Bridge.py -> X86/mem/Bridge.py.cc
 [     CXX] X86/mem/Bridge.py.cc -> .pyo
 [EMBED PY] src/python/gem5/components/processors/__init__.py -> X86/python/gem5/components/processors/__init__.py.cc
 [     CXX] X86/python/gem5/components/processors/__init__.py.cc -> .pyo
 [EMBED PY] src/python/gem5/components/cachehierarchies/ruby/caches/mesi_three_level/dma_controller.py -> X86/python/gem5/components/cachehierarchies/ruby/caches/mesi_three_level/dma_controller.py.cc
 [     CXX] X86/python/gem5/components/cachehierarchies/ruby/caches/mesi_three_level/dma_controller.py.cc -> .pyo
 [EMBED PY] src/sim/InstTracer.py -> X86/sim/InstTracer.py.cc
 [     CXX] X86/sim/InstTracer.py.cc -> .pyo
 [EMBED PY] src/python/gem5/components/processors/simple_processor.py -> X86/python/gem5/components/processors/simple_processor.py.cc
 [     CXX] X86/python/gem5/components/processors/simple_processor.py.cc -> .pyo
 [EMBED PY] src/cpu/testers/rubytest/RubyTester.py -> X86/cpu/testers/rubytest/RubyTester.py.cc
 [     CXX] X86/cpu/testers/rubytest/RubyTester.py.cc -> .pyo
 [EMBED PY] src/python/gem5/components/cachehierarchies/abstract_cache_hierarchy.py -> X86/python/gem5/components/cachehierarchies/abstract_cache_hierarchy.py.cc
 [     CXX] X86/python/gem5/components/cachehierarchies/abstract_cache_hierarchy.py.cc -> .pyo
 [EMBED PY] src/python/gem5/components/cachehierarchies/ruby/caches/mesi_two_level/l1_cache.py -> X86/python/gem5/components/cachehierarchies/ruby/caches/mesi_two_level/l1_cache.py.cc
 [     CXX] X86/python/gem5/components/cachehierarchies/ruby/caches/mesi_two_level/l1_cache.py.cc -> .pyo
 [EMBED PY] src/python/gem5/components/cachehierarchies/ruby/caches/prebuilt/octopi_cache/ruby_network_components.py -> X86/python/gem5/components/cachehierarchies/ruby/caches/prebuilt/octopi_cache/ruby_network_components.py.cc
 [     CXX] X86/python/gem5/components/cachehierarchies/ruby/caches/prebuilt/octopi_cache/ruby_network_components.py.cc -> .pyo
 [EMBED PY] src/arch/x86/X86SeWorkload.py -> X86/arch/x86/X86SeWorkload.py.cc
 [     CXX] X86/arch/x86/X86SeWorkload.py.cc -> .pyo
 [EMBED PY] src/dev/serial/Terminal.py -> X86/dev/serial/Terminal.py.cc
 [     CXX] X86/dev/serial/Terminal.py.cc -> .pyo
 [EMBED PY] src/python/m5/event.py -> X86/python/m5/event.py.cc
 [     CXX] X86/python/m5/event.py.cc -> .pyo
 [EMBED PY] src/python/gem5/isas.py -> X86/python/gem5/isas.py.cc
 [     CXX] X86/python/gem5/isas.py.cc -> .pyo
 [EMBED PY] src/python/gem5/resources/resource.py -> X86/python/gem5/resources/resource.py.cc
 [     CXX] X86/python/gem5/resources/resource.py.cc -> .pyo
 [EMBED PY] src/mem/qos/QoSMemSinkInterface.py -> X86/mem/qos/QoSMemSinkInterface.py.cc
 [EMBED PY] src/python/gem5/utils/__init__.py -> X86/python/gem5/utils/__init__.py.cc
 [     CXX] X86/mem/qos/QoSMemSinkInterface.py.cc -> .pyo
 [EMBED PY] src/python/m5/util/terminal_formatter.py -> X86/python/m5/util/terminal_formatter.py.cc
 [     CXX] X86/python/gem5/utils/__init__.py.cc -> .pyo
 [     CXX] X86/python/m5/util/terminal_formatter.py.cc -> .pyo
 [EMBED PY] src/python/gem5/components/cachehierarchies/ruby/caches/mi_example/directory.py -> X86/python/gem5/components/cachehierarchies/ruby/caches/mi_example/directory.py.cc
 [     CXX] X86/python/gem5/components/cachehierarchies/ruby/caches/mi_example/directory.py.cc -> .pyo
 [EMBED PY] src/mem/DRAMInterface.py -> X86/mem/DRAMInterface.py.cc
 [     CXX] X86/mem/DRAMInterface.py.cc -> .pyo
 [EMBED PY] src/mem/cache/tags/Tags.py -> X86/mem/cache/tags/Tags.py.cc
 [     CXX] X86/mem/cache/tags/Tags.py.cc -> .pyo
 [EMBED PY] src/python/m5/stats/__init__.py -> X86/python/m5/stats/__init__.py.cc
 [     CXX] X86/python/m5/stats/__init__.py.cc -> .pyo
 [EMBED PY] src/python/gem5/components/memory/dram_interfaces/ddr3.py -> X86/python/gem5/components/memory/dram_interfaces/ddr3.py.cc
 [EMBED PY] src/cpu/o3/FuncUnitConfig.py -> X86/cpu/o3/FuncUnitConfig.py.cc
 [EMBED PY] src/python/gem5/utils/multiprocessing/__init__.py -> X86/python/gem5/utils/multiprocessing/__init__.py.cc
 [     CXX] X86/python/gem5/components/memory/dram_interfaces/ddr3.py.cc -> .pyo
 [     CXX] X86/cpu/o3/FuncUnitConfig.py.cc -> .pyo
 [EMBED PY] src/python/gem5/components/boards/abstract_board.py -> X86/python/gem5/components/boards/abstract_board.py.cc
 [     CXX] X86/python/gem5/utils/multiprocessing/__init__.py.cc -> .pyo
 [     CXX] X86/python/gem5/components/boards/abstract_board.py.cc -> .pyo
 [EMBED PY] src/python/gem5/prebuilt/demo/x86_demo_board.py -> X86/python/gem5/prebuilt/demo/x86_demo_board.py.cc
 [     CXX] X86/python/gem5/prebuilt/demo/x86_demo_board.py.cc -> .pyo
 [EMBED PY] src/python/gem5/components/cachehierarchies/chi/nodes/dma_requestor.py -> X86/python/gem5/components/cachehierarchies/chi/nodes/dma_requestor.py.cc
 [     CXX] X86/python/gem5/components/cachehierarchies/chi/nodes/dma_requestor.py.cc -> .pyo
 [EMBED PY] src/cpu/testers/traffic_gen/PyTrafficGen.py -> X86/cpu/testers/traffic_gen/PyTrafficGen.py.cc
 [     CXX] X86/cpu/testers/traffic_gen/PyTrafficGen.py.cc -> .pyo
 [EMBED PY] src/cpu/testers/traffic_gen/BaseTrafficGen.py -> X86/cpu/testers/traffic_gen/BaseTrafficGen.py.cc
 [     CXX] X86/cpu/testers/traffic_gen/BaseTrafficGen.py.cc -> .pyo
 [EMBED PY] src/sim/SubSystem.py -> X86/sim/SubSystem.py.cc
 [     CXX] X86/sim/SubSystem.py.cc -> .pyo
 [EMBED PY] src/python/gem5/components/boards/riscv_board.py -> X86/python/gem5/components/boards/riscv_board.py.cc
 [EMBED PY] src/mem/ruby/structures/WireBuffer.py -> X86/mem/ruby/structures/WireBuffer.py.cc
 [     CXX] X86/python/gem5/components/boards/riscv_board.py.cc -> .pyo
 [     CXX] X86/mem/ruby/structures/WireBuffer.py.cc -> .pyo
 [EMBED PY] src/arch/generic/BaseISA.py -> X86/arch/generic/BaseISA.py.cc
 [     CXX] X86/arch/generic/BaseISA.py.cc -> .pyo
 [EMBED PY] src/python/gem5/components/cachehierarchies/ruby/caches/mesi_three_level/directory.py -> X86/python/gem5/components/cachehierarchies/ruby/caches/mesi_three_level/directory.py.cc
 [     CXX] X86/python/gem5/components/cachehierarchies/ruby/caches/mesi_three_level/directory.py.cc -> .pyo
 [EMBED PY] src/python/gem5/components/cachehierarchies/classic/private_l1_shared_l2_cache_hierarchy.py -> X86/python/gem5/components/cachehierarchies/classic/private_l1_shared_l2_cache_hierarchy.py.cc
 [     CXX] X86/python/gem5/components/cachehierarchies/classic/private_l1_shared_l2_cache_hierarchy.py.cc -> .pyo
 [EMBED PY] src/python/gem5/components/processors/spatter_gen/spatter_generator_core.py -> X86/python/gem5/components/processors/spatter_gen/spatter_generator_core.py.cc
 [EMBED PY] src/python/gem5/components/cachehierarchies/__init__.py -> X86/python/gem5/components/cachehierarchies/__init__.py.cc
 [     CXX] X86/python/gem5/components/processors/spatter_gen/spatter_generator_core.py.cc -> .pyo
 [     CXX] X86/python/gem5/components/cachehierarchies/__init__.py.cc -> .pyo
 [EMBED PY] src/python/gem5/components/cachehierarchies/ruby/caches/mesi_two_level/dma_controller.py -> X86/python/gem5/components/cachehierarchies/ruby/caches/mesi_two_level/dma_controller.py.cc
 [     CXX] X86/python/gem5/components/cachehierarchies/ruby/caches/mesi_two_level/dma_controller.py.cc -> .pyo
 [EMBED PY] src/python/gem5/components/cachehierarchies/ruby/caches/viper/dma_controller.py -> X86/python/gem5/components/cachehierarchies/ruby/caches/viper/dma_controller.py.cc
 [     CXX] X86/python/gem5/components/cachehierarchies/ruby/caches/viper/dma_controller.py.cc -> .pyo
 [ TRACING]  -> X86/debug/GDBAll.hh
 [ TRACING]  -> X86/debug/Mwait.hh
 [ TRACING]  -> X86/debug/InvalidReg.hh
 [ TRACING]  -> X86/debug/Vma.hh
 [     CXX] src/base/str.cc -> X86/base/str.o
 [CONFIG H] USE_POSIX_CLOCK, 0 -> X86/config/use_posix_clock.hh
 [     CXX] src/base/time.cc -> X86/base/time.o
 [     CXX] src/base/version.cc -> X86/base/version.o
 [     CXX] src/base/temperature.cc -> X86/base/temperature.o
 [ TRACING]  -> X86/debug/FmtFlag.hh
 [ TRACING]  -> X86/debug/FmtStackTrace.hh
 [ TRACING]  -> X86/debug/FmtTicksOff.hh
 [     CXX] src/base/types.cc -> X86/base/types.o
 [     CXX] src/base/trace.cc -> X86/base/trace.o
 [ TRACING]  -> X86/debug/Annotate.cc
 [ TRACING]  -> X86/debug/AnnotateQ.cc
 [ TRACING]  -> X86/debug/Annotate.hh
 [ TRACING]  -> X86/debug/AnnotateQ.hh
 [     CXX] X86/debug/Annotate.cc -> .o
 [     CXX] X86/debug/AnnotateQ.cc -> .o
 [ TRACING]  -> X86/debug/AnnotateVerbose.cc
 [ TRACING]  -> X86/debug/AnnotateVerbose.hh
 [ TRACING]  -> X86/debug/GDBAcc.cc
 [ TRACING]  -> X86/debug/GDBExtra.cc
 [     CXX] X86/debug/AnnotateVerbose.cc -> .o
 [ TRACING]  -> X86/debug/GDBAcc.hh
 [ TRACING]  -> X86/debug/GDBMisc.cc
 [ TRACING]  -> X86/debug/GDBExtra.hh
 [ TRACING]  -> X86/debug/GDBRead.cc
 [     CXX] X86/debug/GDBAcc.cc -> .o
 [ TRACING]  -> X86/debug/GDBMisc.hh
 [     CXX] X86/debug/GDBExtra.cc -> .o
 [ TRACING]  -> X86/debug/GDBRead.hh
 [     CXX] X86/debug/GDBMisc.cc -> .o
 [     CXX] X86/debug/GDBRead.cc -> .o
 [ TRACING]  -> X86/debug/GDBRecv.cc
 [ TRACING]  -> X86/debug/GDBRecv.hh
 [     CXX] X86/debug/GDBRecv.cc -> .o
 [ TRACING]  -> X86/debug/GDBSend.cc
 [    LINK]  -> X86/gem5py_m5
 [ TRACING]  -> X86/debug/GDBSend.hh
 [ TRACING]  -> X86/debug/GDBWrite.cc
 [ TRACING]  -> X86/debug/SQL.cc
 [ TRACING]  -> X86/debug/Stats.cc
 [ TRACING]  -> X86/debug/StatEvents.cc
 [ TRACING]  -> X86/debug/GDBAll.cc
 [ TRACING]  -> X86/debug/StatEvents.hh
 [ TRACING]  -> X86/debug/GDBWrite.hh
 [     CXX] X86/debug/GDBSend.cc -> .o
 [ TRACING]  -> X86/debug/SQL.hh
 [ TRACING]  -> X86/debug/Stats.hh
 [     CXX] X86/debug/StatEvents.cc -> .o
 [     CXX] X86/debug/GDBWrite.cc -> .o
 [     CXX] X86/debug/GDBAll.cc -> .o
 [     CXX] X86/debug/Stats.cc -> .o
 [     CXX] X86/debug/SQL.cc -> .o
 [ TRACING]  -> X86/debug/AnnotateAll.cc
 [ TRACING]  -> X86/debug/AnnotateAll.hh
 [     CXX] X86/debug/AnnotateAll.cc -> .o
 [ TRACING]  -> X86/debug/FmtFlag.cc
 [ TRACING]  -> X86/debug/FmtStackTrace.cc
 [ TRACING]  -> X86/debug/FmtTicksOff.cc
 [ TRACING]  -> X86/debug/Loader.hh
 [     CXX] src/base/loader/image_file_data.cc -> X86/base/loader/image_file_data.o
 [     CXX] X86/debug/FmtFlag.cc -> .o
 [     CXX] src/base/loader/symtab.cc -> X86/base/loader/symtab.o
 [     CXX] X86/debug/FmtStackTrace.cc -> .o
 [     CXX] X86/debug/FmtTicksOff.cc -> .o
 [     CXX] src/base/stats/group.cc -> X86/base/stats/group.o
 [     CXX] src/base/stats/info.cc -> X86/base/stats/info.o
 [     CXX] src/base/stats/storage.cc -> X86/base/stats/storage.o
 [     CXX] src/base/stats/text.cc -> X86/base/stats/text.o
 [     CXX] X86/base/vnc/Vnc.py.cc -> .o
 [ TRACING]  -> X86/debug/VNC.hh
 [ TRACING]  -> X86/debug/VNC.cc
 [     CXX] X86/base/filters/BloomFilters.py.cc -> .o
 [     CXX] X86/debug/VNC.cc -> .o
 [ TRACING]  -> X86/debug/DebugPrintf.hh
 [ TRACING]  -> X86/debug/SyscallVerbose.hh
 [     CXX] src/kern/operatingsystem.cc -> X86/kern/operatingsystem.o
 [ TRACING]  -> X86/debug/PCEvent.hh
 [ TRACING]  -> X86/debug/DebugPrintf.cc
 [     CXX] X86/debug/DebugPrintf.cc -> .o
 [ TRACING]  -> X86/debug/Printf.cc
 [ TRACING]  -> X86/debug/Printf.hh
 [     CXX] X86/debug/Printf.cc -> .o
 [     CXX] X86/python/gem5/__init__.py.cc -> .o
 [     CXX] X86/python/gem5/coherence_protocol.py.cc -> .o
 [     CXX] X86/python/gem5/isas.py.cc -> .o
 [     CXX] X86/python/gem5/runtime.py.cc -> .o
 [     CXX] X86/python/gem5/simulate/__init__.py.cc -> .o
 [     CXX] X86/python/gem5/simulate/simulator.py.cc -> .o
 [     CXX] X86/python/gem5/simulate/exit_event.py.cc -> .o
 [     CXX] X86/python/gem5/simulate/exit_event_generators.py.cc -> .o
 [     CXX] X86/python/gem5/components/__init__.py.cc -> .o
 [     CXX] X86/python/gem5/components/boards/__init__.py.cc -> .o
 [     CXX] X86/python/gem5/components/boards/abstract_board.py.cc -> .o
 [     CXX] X86/python/gem5/components/boards/abstract_system_board.py.cc -> .o
 [     CXX] X86/python/gem5/components/boards/mem_mode.py.cc -> .o
 [     CXX] X86/python/gem5/components/boards/riscv_board.py.cc -> .o
 [     CXX] X86/python/gem5/components/boards/experimental/__init__.py.cc -> .o
 [     CXX] X86/python/gem5/components/boards/experimental/lupv_board.py.cc -> .o
 [     CXX] X86/python/gem5/components/boards/simple_board.py.cc -> .o
 [     CXX] X86/python/gem5/components/boards/test_board.py.cc -> .o
 [     CXX] X86/python/gem5/components/boards/x86_board.py.cc -> .o
 [SO Param] m5.objects.Vnc, VncServer -> X86/params/VncServer.hh
 [ENUMDECL] m5.objects.PowerState, PwrState -> X86/enums/PwrState.hh
 [SO Param] m5.objects.InstTracer, InstTracer -> X86/params/InstTracer.hh
 [SO Param] m5.objects.BloomFilters, BloomFilterMultiBitSel -> X86/params/BloomFilterMultiBitSel.hh
 [SO Param] m5.objects.BloomFilters, BloomFilterMulti -> X86/python/_m5/param_BloomFilterMulti.cc
 [SO Param] m5.objects.Vnc, VncInput -> X86/params/VncInput.hh
 [ENUM STR] m5.objects.Graphics, ImageFormat -> X86/enums/ImageFormat.cc
 [SO Param] m5.objects.BloomFilters, BloomFilterBulk -> X86/params/BloomFilterBulk.hh
 [ENUMDECL] m5.objects.StaticInstFlags, StaticInstFlags -> X86/enums/StaticInstFlags.hh
 [SO Param] m5.objects.Workload, SEWorkload -> X86/params/SEWorkload.hh
 [SO Param] m5.objects.BloomFilters, BloomFilterBase -> X86/python/_m5/param_BloomFilterBase.cc
 [ENUMDECL] m5.objects.System, MemoryMode -> X86/enums/MemoryMode.hh
 [SO Param] m5.objects.BloomFilters, BloomFilterMultiBitSel -> X86/python/_m5/param_BloomFilterMultiBitSel.cc
 [SO Param] m5.objects.Root, Root -> X86/params/Root.hh
 [SO Param] m5.objects.BaseMMU, BaseMMU -> X86/params/BaseMMU.hh
 [SO Param] m5.objects.BloomFilters, BloomFilterBulk -> X86/python/_m5/param_BloomFilterBulk.cc
 [SO Param] m5.objects.Workload, Workload -> X86/params/Workload.hh
 [ENUMDECL] m5.objects.SimObject, ByteOrder -> X86/enums/ByteOrder.hh
 [ENUMDECL] m5.objects.Workload, KernelPanicOopsBehaviour -> X86/enums/KernelPanicOopsBehaviour.hh
 [SO Param] m5.objects.BloomFilters, BloomFilterBlock -> X86/params/BloomFilterBlock.hh
 [ENUMDECL] m5.objects.FuncUnit, OpClass -> X86/enums/OpClass.hh
 [SO Param] m5.objects.ClockDomain, SrcClockDomain -> X86/params/SrcClockDomain.hh
 [SO Param] m5.objects.BloomFilters, BloomFilterH3 -> X86/params/BloomFilterH3.hh
 [     CXX] src/base/pixel.cc -> X86/base/pixel.o
 [     CXX] src/base/framebuffer.cc -> X86/base/framebuffer.o
 [     CXX] src/base/loader/object_file.cc -> X86/base/loader/object_file.o
 [     CXX] src/base/socket.cc -> X86/base/socket.o
 [     CXX] src/base/loader/memory_image.cc -> X86/base/loader/memory_image.o
 [     CXX] src/base/loader/elf_object.cc -> X86/base/loader/elf_object.o
 [     CXX] src/base/loader/dtb_file.cc -> X86/base/loader/dtb_file.o
 [SO Param] m5.objects.Vnc, VncInput -> X86/python/_m5/param_VncInput.cc
 [SO Param] m5.objects.PowerState, PowerState -> X86/params/PowerState.hh
 [SO Param] m5.objects.Workload, StubWorkload -> X86/params/StubWorkload.hh
 [SO Param] m5.objects.BloomFilters, BloomFilterBase -> X86/params/BloomFilterBase.hh
 [SO Param] m5.objects.ClockedObject, ClockedObject -> X86/params/ClockedObject.hh
 [SO Param] m5.objects.SimObject, SimObject -> X86/params/SimObject.hh
 [SO Param] m5.objects.BloomFilters, BloomFilterH3 -> X86/python/_m5/param_BloomFilterH3.cc
 [SO Param] m5.objects.RedirectPath, RedirectPath -> X86/params/RedirectPath.hh
 [SO Param] m5.objects.BloomFilters, BloomFilterBlock -> X86/python/_m5/param_BloomFilterBlock.cc
 [ENUMDECL] m5.objects.Graphics, ImageFormat -> X86/enums/ImageFormat.hh
 [SO Param] m5.objects.BaseTLB, BaseTLB -> X86/params/BaseTLB.hh
 [     CXX] src/base/filters/block_bloom_filter.cc -> X86/base/filters/block_bloom_filter.o
 [     CXX] X86/python/_m5/param_BloomFilterH3.cc -> .o
 [     CXX] src/kern/system_events.cc -> X86/kern/system_events.o
 [     CXX] X86/python/_m5/param_BloomFilterBlock.cc -> .o
 [     CXX] src/base/vnc/vncserver.cc -> X86/base/vnc/vncserver.o
 [ENUMDECL] m5.objects.BaseTLB, TypeTLB -> X86/enums/TypeTLB.hh
 [     CXX] src/kern/linux/printk.cc -> X86/kern/linux/printk.o
 [     CXX] src/base/bmpwriter.cc -> X86/base/bmpwriter.o
 [     CXX] src/base/vnc/vncinput.cc -> X86/base/vnc/vncinput.o
 [     CXX] X86/enums/ImageFormat.cc -> .o
 [     CXX] X86/python/_m5/param_VncInput.cc -> .o
 [     CXX] src/base/imgwriter.cc -> X86/base/imgwriter.o
 [     CXX] X86/python/_m5/param_BloomFilterBase.cc -> .o
 [     CXX] src/base/filters/multi_bit_sel_bloom_filter.cc -> X86/base/filters/multi_bit_sel_bloom_filter.o
 [     CXX] X86/python/_m5/param_BloomFilterBulk.cc -> .o
 [     CXX] src/base/statistics.cc -> X86/base/statistics.o
 [     CXX] src/base/filters/h3_bloom_filter.cc -> X86/base/filters/h3_bloom_filter.o
 [     CXX] X86/python/_m5/param_BloomFilterMultiBitSel.cc -> .o
 [     CXX] src/base/filters/bulk_bloom_filter.cc -> X86/base/filters/bulk_bloom_filter.o
 [SO Param] m5.objects.ClockDomain, DerivedClockDomain -> X86/params/DerivedClockDomain.hh
 [SO Param] m5.objects.ClockDomain, ClockDomain -> X86/params/ClockDomain.hh
 [SO Param] m5.objects.BaseInterrupts, BaseInterrupts -> X86/params/BaseInterrupts.hh
 [SO Param] m5.objects.BloomFilters, BloomFilterPerfect -> X86/python/_m5/param_BloomFilterPerfect.cc
 [SO Param] m5.objects.System, System -> X86/params/System.hh
 [SO Param] m5.objects.BloomFilters, BloomFilterMulti -> X86/params/BloomFilterMulti.hh
 [SO Param] m5.objects.Vnc, VncServer -> X86/python/_m5/param_VncServer.cc
 [     CXX] X86/python/_m5/param_BloomFilterMulti.cc -> .o
 [SO Param] m5.objects.AbstractMemory, AbstractMemory -> X86/params/AbstractMemory.hh
 [     CXX] X86/python/_m5/param_VncServer.cc -> .o
 [SO Param] m5.objects.ThermalModel, ThermalModel -> X86/params/ThermalModel.hh
 [SO Param] m5.objects.PowerModel, PowerModel -> X86/params/PowerModel.hh
 [SO Param] m5.objects.InstTracer, InstDisassembler -> X86/params/InstDisassembler.hh
 [SO Param] m5.objects.VoltageDomain, VoltageDomain -> X86/params/VoltageDomain.hh
 [ENUMDECL] m5.objects.PowerModel, PMType -> X86/enums/PMType.hh
 [SO Param] m5.objects.PowerModelState, PowerModelState -> X86/params/PowerModelState.hh
 [SO Param] m5.objects.SubSystem, SubSystem -> X86/params/SubSystem.hh
 [     CXX] src/base/filters/multi_bloom_filter.cc -> X86/base/filters/multi_bloom_filter.o
 [SO Param] m5.objects.BloomFilters, BloomFilterPerfect -> X86/params/BloomFilterPerfect.hh
 [     CXX] X86/python/gem5/components/boards/arm_board.py.cc -> .o
 [SO Param] m5.objects.ThermalDomain, ThermalDomain -> X86/params/ThermalDomain.hh
 [     CXX] src/base/filters/perfect_bloom_filter.cc -> X86/base/filters/perfect_bloom_filter.o
 [     CXX] src/kern/linux/helpers.cc -> X86/kern/linux/helpers.o
 [     CXX] X86/python/_m5/param_BloomFilterPerfect.cc -> .o
 [     CXX] src/kern/linux/linux.cc -> X86/kern/linux/linux.o
 [     CXX] src/base/remote_gdb.cc -> X86/base/remote_gdb.o
 [     CXX] src/kern/linux/events.cc -> X86/kern/linux/events.o
 [     CXX] src/kern/freebsd/events.cc -> X86/kern/freebsd/events.o
 [     CXX] X86/python/gem5/components/boards/kernel_disk_workload.py.cc -> .o
 [     CXX] X86/python/gem5/components/boards/se_binary_workload.py.cc -> .o
 [     CXX] X86/python/gem5/components/cachehierarchies/__init__.py.cc -> .o
 [     CXX] X86/python/gem5/components/cachehierarchies/abstract_cache_hierarchy.py.cc -> .o
 [     CXX] X86/python/gem5/components/cachehierarchies/abstract_two_level_cache_hierarchy.py.cc -> .o
 [     CXX] X86/python/gem5/components/cachehierarchies/abstract_three_level_cache_hierarchy.py.cc -> .o
 [     CXX] X86/python/gem5/components/cachehierarchies/chi/__init__.py.cc -> .o
 [     CXX] X86/python/gem5/components/cachehierarchies/chi/private_l1_cache_hierarchy.py.cc -> .o
 [     CXX] X86/python/gem5/components/cachehierarchies/chi/nodes/__init__.py.cc -> .o
 [     CXX] X86/python/gem5/components/cachehierarchies/chi/nodes/abstract_node.py.cc -> .o
 [     CXX] X86/python/gem5/components/cachehierarchies/chi/nodes/directory.py.cc -> .o
 [     CXX] X86/python/gem5/components/cachehierarchies/chi/nodes/dma_requestor.py.cc -> .o
 [     CXX] X86/python/gem5/components/cachehierarchies/chi/nodes/private_l1_moesi_cache.py.cc -> .o
 [     CXX] X86/python/gem5/components/cachehierarchies/chi/nodes/memory_controller.py.cc -> .o
 [     CXX] X86/python/gem5/components/cachehierarchies/classic/__init__.py.cc -> .o
 [     CXX] X86/python/gem5/components/cachehierarchies/classic/abstract_classic_cache_hierarchy.py.cc -> .o
 [     CXX] X86/python/gem5/components/cachehierarchies/classic/no_cache.py.cc -> .o
 [     CXX] X86/python/gem5/components/cachehierarchies/classic/private_l1_cache_hierarchy.py.cc -> .o
 [     CXX] X86/python/gem5/components/cachehierarchies/classic/private_l1_private_l2_cache_hierarchy.py.cc -> .o
 [     CXX] X86/python/gem5/components/cachehierarchies/classic/private_l1_private_l2_walk_cache_hierarchy.py.cc -> .o
 [     CXX] X86/python/gem5/components/cachehierarchies/classic/private_l1_shared_l2_cache_hierarchy.py.cc -> .o
 [     CXX] X86/python/gem5/components/cachehierarchies/classic/caches/__init__.py.cc -> .o
 [     CXX] X86/python/gem5/components/cachehierarchies/classic/caches/l1dcache.py.cc -> .o
 [     CXX] X86/python/gem5/components/cachehierarchies/classic/caches/l1icache.py.cc -> .o
 [     CXX] X86/python/gem5/components/cachehierarchies/classic/caches/l2cache.py.cc -> .o
 [     CXX] X86/python/gem5/components/cachehierarchies/classic/caches/mmu_cache.py.cc -> .o
 [     CXX] X86/python/gem5/components/cachehierarchies/ruby/__init__.py.cc -> .o
 [     CXX] X86/python/gem5/components/cachehierarchies/ruby/abstract_ruby_cache_hierarchy.py.cc -> .o
 [     CXX] X86/python/gem5/components/cachehierarchies/ruby/mesi_two_level_cache_hierarchy.py.cc -> .o
 [     CXX] X86/python/gem5/components/cachehierarchies/ruby/mesi_three_level_cache_hierarchy.py.cc -> .o
 [     CXX] X86/python/gem5/components/cachehierarchies/ruby/mi_example_cache_hierarchy.py.cc -> .o
 [     CXX] X86/python/gem5/components/cachehierarchies/ruby/caches/__init__.py.cc -> .o
 [     CXX] X86/python/gem5/components/cachehierarchies/ruby/caches/mesi_two_level/__init__.py.cc -> .o
 [     CXX] X86/python/gem5/components/cachehierarchies/ruby/caches/mesi_two_level/directory.py.cc -> .o
 [     CXX] X86/python/gem5/components/cachehierarchies/ruby/caches/mesi_two_level/dma_controller.py.cc -> .o
 [     CXX] X86/python/gem5/components/cachehierarchies/ruby/caches/mesi_two_level/l1_cache.py.cc -> .o
 [     CXX] X86/python/gem5/components/cachehierarchies/ruby/caches/mesi_two_level/l2_cache.py.cc -> .o
 [     CXX] X86/python/gem5/components/cachehierarchies/ruby/caches/mesi_three_level/__init__.py.cc -> .o
 [     CXX] X86/python/gem5/components/cachehierarchies/ruby/caches/mesi_three_level/directory.py.cc -> .o
 [     CXX] X86/python/gem5/components/cachehierarchies/ruby/caches/mesi_three_level/dma_controller.py.cc -> .o
 [     CXX] X86/python/gem5/components/cachehierarchies/ruby/caches/mesi_three_level/l1_cache.py.cc -> .o
 [     CXX] X86/python/gem5/components/cachehierarchies/ruby/caches/mesi_three_level/l2_cache.py.cc -> .o
 [     CXX] X86/python/gem5/components/cachehierarchies/ruby/caches/mesi_three_level/l3_cache.py.cc -> .o
 [     CXX] X86/python/gem5/components/cachehierarchies/ruby/caches/prebuilt/__init__.py.cc -> .o
 [     CXX] X86/python/gem5/components/cachehierarchies/ruby/caches/prebuilt/octopi_cache/__init__.py.cc -> .o
 [     CXX] X86/python/gem5/components/cachehierarchies/ruby/caches/prebuilt/octopi_cache/octopi.py.cc -> .o
 [     CXX] X86/python/gem5/components/cachehierarchies/ruby/caches/prebuilt/octopi_cache/core_complex.py.cc -> .o
 [     CXX] X86/python/gem5/components/cachehierarchies/ruby/caches/prebuilt/octopi_cache/octopi_network.py.cc -> .o
 [     CXX] X86/python/gem5/components/cachehierarchies/ruby/caches/prebuilt/octopi_cache/ruby_network_components.py.cc -> .o
 [     CXX] X86/python/gem5/components/cachehierarchies/ruby/caches/mi_example/__init__.py.cc -> .o
 [     CXX] X86/python/gem5/components/cachehierarchies/ruby/caches/mi_example/directory.py.cc -> .o
 [     CXX] X86/python/gem5/components/cachehierarchies/ruby/caches/mi_example/dma_controller.py.cc -> .o
 [     CXX] X86/python/gem5/components/cachehierarchies/ruby/caches/mi_example/l1_cache.py.cc -> .o
 [     CXX] X86/python/gem5/components/cachehierarchies/ruby/caches/viper/__init__.py.cc -> .o
 [     CXX] X86/python/gem5/components/cachehierarchies/ruby/caches/viper/corepair_cache.py.cc -> .o
 [     CXX] X86/python/gem5/components/cachehierarchies/ruby/caches/viper/directory.py.cc -> .o
 [     CXX] X86/python/gem5/components/cachehierarchies/ruby/caches/viper/dma_controller.py.cc -> .o
 [     CXX] X86/python/gem5/components/cachehierarchies/ruby/caches/viper/tcp.py.cc -> .o
 [     CXX] X86/python/gem5/components/cachehierarchies/ruby/caches/viper/sqc.py.cc -> .o
 [     CXX] X86/python/gem5/components/cachehierarchies/ruby/caches/viper/tcc.py.cc -> .o
 [     CXX] X86/python/gem5/components/cachehierarchies/ruby/topologies/__init__.py.cc -> .o
 [     CXX] X86/python/gem5/components/cachehierarchies/ruby/topologies/simple_pt2pt.py.cc -> .o
 [     CXX] X86/python/gem5/components/devices/__init__.py.cc -> .o
 [     CXX] X86/python/gem5/components/devices/gpus/__init__.py.cc -> .o
 [     CXX] X86/python/gem5/components/devices/gpus/amdgpu.py.cc -> .o
 [     CXX] X86/python/gem5/components/devices/gpus/viper_shader.py.cc -> .o
 [     CXX] X86/python/gem5/components/memory/__init__.py.cc -> .o
 [     CXX] X86/python/gem5/components/memory/abstract_memory_system.py.cc -> .o
 [     CXX] X86/python/gem5/components/memory/dramsim_3.py.cc -> .o
 [     CXX] X86/python/gem5/components/memory/simple.py.cc -> .o
 [     CXX] X86/python/gem5/components/memory/memory.py.cc -> .o
 [     CXX] X86/python/gem5/components/memory/single_channel.py.cc -> .o
 [     CXX] X86/python/gem5/components/memory/multi_channel.py.cc -> .o
 [     CXX] X86/python/gem5/components/memory/hbm.py.cc -> .o
 [     CXX] X86/python/gem5/components/memory/dram_interfaces/__init__.py.cc -> .o
 [     CXX] X86/python/gem5/components/memory/dram_interfaces/ddr3.py.cc -> .o
 [     CXX] X86/python/gem5/components/memory/dram_interfaces/ddr4.py.cc -> .o
 [     CXX] X86/python/gem5/components/memory/dram_interfaces/ddr5.py.cc -> .o
 [     CXX] X86/python/gem5/components/memory/dram_interfaces/gddr.py.cc -> .o
 [     CXX] X86/python/gem5/components/memory/dram_interfaces/hbm.py.cc -> .o
 [     CXX] X86/python/gem5/components/memory/dram_interfaces/hmc.py.cc -> .o
 [     CXX] X86/python/gem5/components/memory/dram_interfaces/lpddr2.py.cc -> .o
 [     CXX] X86/python/gem5/components/memory/dram_interfaces/lpddr3.py.cc -> .o
 [     CXX] X86/python/gem5/components/memory/dram_interfaces/lpddr5.py.cc -> .o
 [     CXX] X86/python/gem5/components/memory/dram_interfaces/wideio.py.cc -> .o
 [     CXX] X86/python/gem5/components/processors/__init__.py.cc -> .o
 [     CXX] X86/python/gem5/components/processors/abstract_core.py.cc -> .o
 [     CXX] X86/python/gem5/components/processors/abstract_generator_core.py.cc -> .o
 [     CXX] X86/python/gem5/components/processors/abstract_generator.py.cc -> .o
 [     CXX] X86/python/gem5/components/processors/abstract_processor.py.cc -> .o
 [     CXX] X86/python/gem5/components/processors/complex_generator_core.py.cc -> .o
 [     CXX] X86/python/gem5/components/processors/complex_generator.py.cc -> .o
 [     CXX] X86/python/gem5/components/processors/cpu_types.py.cc -> .o
 [     CXX] X86/python/gem5/components/processors/gups_generator_core.py.cc -> .o
 [     CXX] X86/python/gem5/components/processors/gups_generator.py.cc -> .o
 [     CXX] X86/python/gem5/components/processors/gups_generator_ep.py.cc -> .o
 [     CXX] X86/python/gem5/components/processors/gups_generator_par.py.cc -> .o
 [     CXX] X86/python/gem5/components/processors/linear_generator_core.py.cc -> .o
 [     CXX] X86/python/gem5/components/processors/linear_generator.py.cc -> .o
 [     CXX] X86/python/gem5/components/processors/strided_generator_core.py.cc -> .o
 [     CXX] X86/python/gem5/components/processors/strided_generator.py.cc -> .o
 [     CXX] X86/python/gem5/components/processors/random_generator_core.py.cc -> .o
 [     CXX] X86/python/gem5/components/processors/random_generator.py.cc -> .o
 [     CXX] X86/python/gem5/components/processors/spatter_gen/__init__.py.cc -> .o
 [     CXX] X86/python/gem5/components/processors/spatter_gen/spatter_generator_core.py.cc -> .o
 [     CXX] X86/python/gem5/components/processors/spatter_gen/spatter_generator.py.cc -> .o
 [     CXX] X86/python/gem5/components/processors/spatter_gen/spatter_kernel.py.cc -> .o
 [     CXX] X86/python/gem5/components/processors/simple_core.py.cc -> .o
 [     CXX] X86/python/gem5/components/processors/base_cpu_core.py.cc -> .o
 [     CXX] X86/python/gem5/components/processors/simple_processor.py.cc -> .o
 [     CXX] X86/python/gem5/components/processors/base_cpu_processor.py.cc -> .o
 [     CXX] X86/python/gem5/components/processors/simple_switchable_processor.py.cc -> .o
 [     CXX] X86/python/gem5/components/processors/switchable_processor.py.cc -> .o
 [     CXX] X86/python/gem5/utils/simpoint.py.cc -> .o
 [     CXX] X86/python/gem5/components/processors/traffic_generator_core.py.cc -> .o
 [     CXX] X86/python/gem5/components/processors/traffic_generator.py.cc -> .o
 [     CXX] X86/python/gem5/prebuilt/__init__.py.cc -> .o
 [     CXX] X86/python/gem5/prebuilt/demo/__init__.py.cc -> .o
 [     CXX] X86/python/gem5/prebuilt/demo/x86_demo_board.py.cc -> .o
 [     CXX] X86/python/gem5/prebuilt/demo/riscv_demo_board.py.cc -> .o
 [     CXX] X86/python/gem5/prebuilt/demo/arm_demo_board.py.cc -> .o
 [     CXX] X86/python/gem5/prebuilt/riscvmatched/__init__.py.cc -> .o
 [     CXX] X86/python/gem5/prebuilt/riscvmatched/riscvmatched_board.py.cc -> .o
 [     CXX] X86/python/gem5/prebuilt/riscvmatched/riscvmatched_cache.py.cc -> .o
 [     CXX] X86/python/gem5/prebuilt/riscvmatched/riscvmatched_processor.py.cc -> .o
 [     CXX] X86/python/gem5/prebuilt/riscvmatched/riscvmatched_core.py.cc -> .o
 [     CXX] X86/python/gem5/prebuilt/viper/__init__.py.cc -> .o
 [     CXX] X86/python/gem5/prebuilt/viper/board.py.cc -> .o
 [     CXX] X86/python/gem5/prebuilt/viper/cpu_cache_hierarchy.py.cc -> .o
 [     CXX] X86/python/gem5/prebuilt/viper/gpu_cache_hierarchy.py.cc -> .o
 [     CXX] X86/python/gem5/prebuilt/viper/viper_network.py.cc -> .o
 [     CXX] X86/python/gem5/resources/__init__.py.cc -> .o
 [     CXX] X86/python/gem5/resources/client.py.cc -> .o
 [     CXX] X86/python/gem5/resources/downloader.py.cc -> .o
 [     CXX] X86/python/gem5/resources/md5_utils.py.cc -> .o
 [     CXX] X86/python/gem5/resources/resource.py.cc -> .o
 [     CXX] X86/python/gem5/resources/workload.py.cc -> .o
 [     CXX] X86/python/gem5/resources/looppoint.py.cc -> .o
 [     CXX] X86/python/gem5/resources/elfie.py.cc -> .o
 [     CXX] X86/python/gem5/resources/client_api/__init__.py.cc -> .o
 [     CXX] X86/python/gem5/resources/client_api/jsonclient.py.cc -> .o
 [     CXX] X86/python/gem5/resources/client_api/atlasclient.py.cc -> .o
 [     CXX] X86/python/gem5/resources/client_api/abstract_client.py.cc -> .o
 [     CXX] X86/python/gem5/resources/client_api/client_query.py.cc -> .o
 [     CXX] X86/python/gem5_default_config.py.cc -> .o
 [     CXX] X86/python/gem5/utils/__init__.py.cc -> .o
 [     CXX] X86/python/gem5/utils/filelock.py.cc -> .o
 [     CXX] X86/python/gem5/utils/override.py.cc -> .o
 [     CXX] X86/python/gem5/utils/progress_bar.py.cc -> .o
 [     CXX] X86/python/gem5/utils/requires.py.cc -> .o
 [     CXX] X86/python/gem5/utils/socks_ssl_context.py.cc -> .o
 [     CXX] X86/python/gem5/utils/multisim/__init__.py.cc -> .o
 [     CXX] X86/python/gem5/utils/multisim/multisim.py.cc -> .o
 [     CXX] X86/python/gem5/utils/multisim/__main__.py.cc -> .o
 [     CXX] X86/python/gem5/utils/multiprocessing/__init__.py.cc -> .o
 [     CXX] X86/python/gem5/utils/multiprocessing/_command_line.py.cc -> .o
 [     CXX] X86/python/gem5/utils/multiprocessing/context.py.cc -> .o
 [     CXX] X86/python/gem5/utils/multiprocessing/popen_spawn_gem5.py.cc -> .o
 [     CXX] X86/python/importer.py.cc -> .o
 [     CXX] X86/python/m5/__init__.py.cc -> .o
 [     CXX] X86/python/m5/SimObject.py.cc -> .o
 [     CXX] X86/python/m5/citations.py.cc -> .o
 [     CXX] X86/python/m5/core.py.cc -> .o
 [     CXX] X86/python/m5/debug.py.cc -> .o
 [     CXX] X86/python/m5/event.py.cc -> .o
 [     CXX] X86/python/m5/main.py.cc -> .o
 [     CXX] X86/python/m5/options.py.cc -> .o
 [     CXX] X86/python/m5/params.py.cc -> .o
 [     CXX] X86/python/m5/proxy.py.cc -> .o
 [     CXX] X86/python/m5/simulate.py.cc -> .o
 [     CXX] X86/python/m5/ticks.py.cc -> .o
 [     CXX] X86/python/m5/trace.py.cc -> .o
 [     CXX] X86/python/m5/objects/__init__.py.cc -> .o
 [     CXX] X86/python/m5/stats/__init__.py.cc -> .o
 [     CXX] X86/python/m5/util/__init__.py.cc -> .o
 [     CXX] X86/python/m5/util/attrdict.py.cc -> .o
 [     CXX] X86/python/m5/util/convert.py.cc -> .o
 [     CXX] X86/python/m5/util/dot_writer.py.cc -> .o
 [     CXX] X86/python/m5/util/dot_writer_ruby.py.cc -> .o
 [     CXX] X86/python/m5/util/fdthelper.py.cc -> .o
 [     CXX] X86/python/m5/util/multidict.py.cc -> .o
 [     CXX] X86/python/m5/util/pybind.py.cc -> .o
 [     CXX] X86/python/m5/util/terminal.py.cc -> .o
 [     CXX] X86/python/m5/util/terminal_formatter.py.cc -> .o
 [     CXX] X86/python/m5/internal/__init__.py.cc -> .o
 [     CXX] X86/python/m5/internal/params.py.cc -> .o
 [     CXX] X86/python/m5/ext/__init__.py.cc -> .o
 [     CXX] X86/python/m5/ext/pyfdt/pyfdt.py.cc -> .o
 [     CXX] X86/python/m5/ext/pyfdt/__init__.py.cc -> .o
 [     CXX] X86/python/m5/ext/pystats/__init__.py.cc -> .o
 [     CXX] X86/python/m5/ext/pystats/serializable_stat.py.cc -> .o
 [     CXX] X86/python/m5/ext/pystats/abstract_stat.py.cc -> .o
 [     CXX] X86/python/m5/ext/pystats/group.py.cc -> .o
 [     CXX] X86/python/m5/ext/pystats/simstat.py.cc -> .o
 [     CXX] X86/python/m5/ext/pystats/statistic.py.cc -> .o
 [     CXX] X86/python/m5/ext/pystats/storagetype.py.cc -> .o
 [     CXX] X86/python/m5/ext/pystats/timeconversion.py.cc -> .o
 [     CXX] X86/python/m5/ext/pystats/jsonloader.py.cc -> .o
 [     CXX] X86/python/m5/stats/gem5stats.py.cc -> .o
 [     CXX] src/python/embedded.cc -> X86/python/embedded.o
 [     CXX] src/python/importer.cc -> X86/python/importer.o
 [     CXX] X86/python/m5ImporterCode.cc -> .o
 [     CXX] src/python/pybind11/core.cc -> X86/python/pybind11/core.o
 [     CXX] src/python/pybind11/debug.cc -> X86/python/pybind11/debug.o
 [     CXX] src/python/pybind11/event.cc -> X86/python/pybind11/event.o
 [     CXX] src/python/pybind11/object_file.cc -> X86/python/pybind11/object_file.o
 [CONFIG H] HAVE_HDF5, 0 -> X86/config/have_hdf5.hh
 [     CXX] src/python/pybind11/stats.cc -> X86/python/pybind11/stats.o
 [     CXX] X86/python/m5/objects/SimObject.py.cc -> .o
 [SO Param] m5.objects.SimObject, SimObject -> X86/python/_m5/param_SimObject.cc
 [     CXX] X86/python/_m5/param_SimObject.cc -> .o
 [ENUM STR] m5.objects.SimObject, ByteOrder -> X86/enums/ByteOrder.cc
 [     CXX] X86/enums/ByteOrder.cc -> .o
 [     CXX] X86/dev/Device.py.cc -> .o
 [SO Param] m5.objects.Device, PioDevice -> X86/python/_m5/param_PioDevice.cc
 [SO Param] m5.objects.Device, BasicPioDevice -> X86/python/_m5/param_BasicPioDevice.cc
 [SO Param] m5.objects.Device, PioDevice -> X86/params/PioDevice.hh
 [SO Param] m5.objects.Device, BasicPioDevice -> X86/params/BasicPioDevice.hh
 [SO Param] m5.objects.Device, DmaDevice -> X86/python/_m5/param_DmaDevice.cc
 [     CXX] X86/python/_m5/param_BasicPioDevice.cc -> .o
 [SO Param] m5.objects.Device, DmaDevice -> X86/params/DmaDevice.hh
 [     CXX] X86/python/_m5/param_DmaDevice.cc -> .o
 [     CXX] X86/python/_m5/param_PioDevice.cc -> .o
 [SO Param] m5.objects.Device, DmaVirtDevice -> X86/python/_m5/param_DmaVirtDevice.cc
 [SO Param] m5.objects.Device, DmaVirtDevice -> X86/params/DmaVirtDevice.hh
 [     CXX] X86/python/_m5/param_DmaVirtDevice.cc -> .o
 [SO Param] m5.objects.Device, IsaFake -> X86/python/_m5/param_IsaFake.cc
 [SO Param] m5.objects.Device, IsaFake -> X86/params/IsaFake.hh
 [ TRACING]  -> X86/debug/AddrRanges.hh
 [     CXX] src/dev/io_device.cc -> X86/dev/io_device.o
 [ TRACING]  -> X86/debug/IsaFake.hh
 [     CXX] X86/python/_m5/param_IsaFake.cc -> .o
 [     CXX] src/dev/isa_fake.cc -> X86/dev/isa_fake.o
 [ TRACING]  -> X86/debug/DMA.hh
 [ TRACING]  -> X86/debug/Drain.hh
 [     CXX] src/dev/dma_device.cc -> X86/dev/dma_device.o
 [     CXX] src/dev/dma_virt_device.cc -> X86/dev/dma_virt_device.o
 [     CXX] X86/dev/IntPin.py.cc -> .o
 [     CXX] X86/dev/ResetPort.py.cc -> .o
 [ TRACING]  -> X86/debug/IsaFake.cc
 [     CXX] X86/debug/IsaFake.cc -> .o
 [ TRACING]  -> X86/debug/DMA.cc
 [     CXX] X86/debug/DMA.cc -> .o
 [     CXX] X86/dev/Platform.py.cc -> .o
 [SO Param] m5.objects.Platform, Platform -> X86/python/_m5/param_Platform.cc
 [SO Param] m5.objects.Platform, Platform -> X86/params/Platform.hh
 [     CXX] X86/python/_m5/param_Platform.cc -> .o
 [     CXX] src/dev/platform.cc -> X86/dev/platform.o
 [     CXX] X86/dev/BadDevice.py.cc -> .o
 [SO Param] m5.objects.BadDevice, BadDevice -> X86/python/_m5/param_BadDevice.cc
 [SO Param] m5.objects.BadDevice, BadDevice -> X86/params/BadDevice.hh
 [ TRACING]  -> X86/debug/Intel8254Timer.hh
 [     CXX] X86/python/_m5/param_BadDevice.cc -> .o
 [     CXX] src/dev/baddev.cc -> X86/dev/baddev.o
 [     CXX] src/dev/intel_8254_timer.cc -> X86/dev/intel_8254_timer.o
 [ TRACING]  -> X86/debug/MC146818.hh
 [     CXX] src/dev/mc146818.cc -> X86/dev/mc146818.o
 [     CXX] src/dev/pixelpump.cc -> X86/dev/pixelpump.o
 [ TRACING]  -> X86/debug/Intel8254Timer.cc
 [     CXX] X86/debug/Intel8254Timer.cc -> .o
 [ TRACING]  -> X86/debug/MC146818.cc
 [     CXX] X86/debug/MC146818.cc -> .o
 [     CXX] X86/dev/i2c/I2C.py.cc -> .o
 [SO Param] m5.objects.I2C, I2CDevice -> X86/python/_m5/param_I2CDevice.cc
 [SO Param] m5.objects.I2C, I2CBus -> X86/python/_m5/param_I2CBus.cc
 [SO Param] m5.objects.I2C, I2CBus -> X86/params/I2CBus.hh
 [SO Param] m5.objects.I2C, I2CDevice -> X86/params/I2CDevice.hh
 [     CXX] X86/python/_m5/param_I2CDevice.cc -> .o
 [     CXX] X86/python/_m5/param_I2CBus.cc -> .o
 [ TRACING]  -> X86/debug/Checkpoint.hh
 [     CXX] src/dev/i2c/bus.cc -> X86/dev/i2c/bus.o
 [     CXX] X86/dev/virtio/VirtIO.py.cc -> .o
 [SO Param] m5.objects.VirtIO, VirtIODeviceBase -> X86/python/_m5/param_VirtIODeviceBase.cc
 [SO Param] m5.objects.VirtIO, VirtIODeviceBase -> X86/params/VirtIODeviceBase.hh
 [     CXX] X86/python/_m5/param_VirtIODeviceBase.cc -> .o
 [SO Param] m5.objects.VirtIO, VirtIODummyDevice -> X86/python/_m5/param_VirtIODummyDevice.cc
 [SO Param] m5.objects.VirtIO, VirtIODummyDevice -> X86/params/VirtIODummyDevice.hh
 [     CXX] X86/python/_m5/param_VirtIODummyDevice.cc -> .o
 [SO Param] m5.objects.VirtIO, PciVirtIO -> X86/python/_m5/param_PciVirtIO.cc
 [SO Param] m5.objects.VirtIO, PciVirtIO -> X86/params/PciVirtIO.hh
 [SO Param] m5.objects.PciDevice, PciBar -> X86/params/PciBar.hh
 [SO Param] m5.objects.PciDevice, PciBarNone -> X86/params/PciBarNone.hh
 [SO Param] m5.objects.PciDevice, PciDevice -> X86/params/PciDevice.hh
 [SO Param] m5.objects.PciDevice, PciIoBar -> X86/params/PciIoBar.hh
 [SO Param] m5.objects.PciDevice, PciLegacyIoBar -> X86/params/PciLegacyIoBar.hh
 [SO Param] m5.objects.PciDevice, PciMemBar -> X86/params/PciMemBar.hh
 [SO Param] m5.objects.PciDevice, PciMemUpperBar -> X86/params/PciMemUpperBar.hh
 [     CXX] X86/dev/virtio/VirtIOConsole.py.cc -> .o
 [SO Param] m5.objects.VirtIOConsole, VirtIOConsole -> X86/python/_m5/param_VirtIOConsole.cc
 [SO Param] m5.objects.PciHost, PciHost -> X86/params/PciHost.hh
 [SO Param] m5.objects.VirtIOConsole, VirtIOConsole -> X86/params/VirtIOConsole.hh
 [     CXX] X86/python/_m5/param_PciVirtIO.cc -> .o
 [SO Param] m5.objects.Serial, SerialDevice -> X86/params/SerialDevice.hh
 [     CXX] X86/python/_m5/param_VirtIOConsole.cc -> .o
 [     CXX] X86/dev/virtio/VirtIOBlock.py.cc -> .o
 [SO Param] m5.objects.VirtIOBlock, VirtIOBlock -> X86/python/_m5/param_VirtIOBlock.cc
 [SO Param] m5.objects.VirtIOBlock, VirtIOBlock -> X86/params/VirtIOBlock.hh
 [SO Param] m5.objects.DiskImage, CowDiskImage -> X86/params/CowDiskImage.hh
 [SO Param] m5.objects.DiskImage, DiskImage -> X86/params/DiskImage.hh
 [SO Param] m5.objects.DiskImage, RawDiskImage -> X86/params/RawDiskImage.hh
 [     CXX] X86/python/_m5/param_VirtIOBlock.cc -> .o
 [     CXX] X86/dev/virtio/VirtIORng.py.cc -> .o
 [SO Param] m5.objects.VirtIORng, VirtIORng -> X86/python/_m5/param_VirtIORng.cc
 [     CXX] X86/dev/virtio/VirtIO9P.py.cc -> .o
 [SO Param] m5.objects.VirtIORng, VirtIORng -> X86/params/VirtIORng.hh
 [     CXX] X86/python/_m5/param_VirtIORng.cc -> .o
 [SO Param] m5.objects.VirtIO9P, VirtIO9PBase -> X86/python/_m5/param_VirtIO9PBase.cc
 [SO Param] m5.objects.VirtIO9P, VirtIO9PBase -> X86/params/VirtIO9PBase.hh
 [     CXX] X86/python/_m5/param_VirtIO9PBase.cc -> .o
 [SO Param] m5.objects.VirtIO9P, VirtIO9PProxy -> X86/python/_m5/param_VirtIO9PProxy.cc
 [SO Param] m5.objects.VirtIO9P, VirtIO9PProxy -> X86/params/VirtIO9PProxy.hh
 [     CXX] X86/python/_m5/param_VirtIO9PProxy.cc -> .o
 [SO Param] m5.objects.VirtIO9P, VirtIO9PDiod -> X86/python/_m5/param_VirtIO9PDiod.cc
 [SO Param] m5.objects.VirtIO9P, VirtIO9PDiod -> X86/params/VirtIO9PDiod.hh
 [SO Param] m5.objects.VirtIO9P, VirtIO9PSocket -> X86/python/_m5/param_VirtIO9PSocket.cc
 [     CXX] X86/python/_m5/param_VirtIO9PDiod.cc -> .o
 [SO Param] m5.objects.VirtIO9P, VirtIO9PSocket -> X86/params/VirtIO9PSocket.hh
 [     CXX] X86/python/_m5/param_VirtIO9PSocket.cc -> .o
 [ TRACING]  -> X86/debug/VIO.hh
 [     CXX] src/dev/virtio/base.cc -> X86/dev/virtio/base.o
 [ TRACING]  -> X86/debug/VIOIface.hh
 [     CXX] src/dev/virtio/pci.cc -> X86/dev/virtio/pci.o
 [ TRACING]  -> X86/debug/VIOConsole.hh
 [     CXX] src/dev/virtio/console.cc -> X86/dev/virtio/console.o
 [ TRACING]  -> X86/debug/VIOBlock.hh
 [     CXX] src/dev/virtio/block.cc -> X86/dev/virtio/block.o
 [ TRACING]  -> X86/debug/VIO9P.hh
 [ TRACING]  -> X86/debug/VIO9PData.hh
 [     CXX] src/dev/virtio/fs9p.cc -> X86/dev/virtio/fs9p.o
 [ TRACING]  -> X86/debug/VIORng.hh
 [     CXX] src/dev/virtio/rng.cc -> X86/dev/virtio/rng.o
 [ TRACING]  -> X86/debug/VIO.cc
 [     CXX] X86/debug/VIO.cc -> .o
 [ TRACING]  -> X86/debug/VIORng.cc
 [ TRACING]  -> X86/debug/VIOIface.cc
 [     CXX] X86/debug/VIOIface.cc -> .o
 [     CXX] X86/debug/VIORng.cc -> .o
 [ TRACING]  -> X86/debug/VIOConsole.cc
 [     CXX] X86/debug/VIOConsole.cc -> .o
 [ TRACING]  -> X86/debug/VIOBlock.cc
 [ TRACING]  -> X86/debug/VIO9P.cc
 [ TRACING]  -> X86/debug/VIO9PData.cc
 [     CXX] X86/debug/VIOBlock.cc -> .o
 [     CXX] X86/debug/VIO9P.cc -> .o
 [     CXX] X86/debug/VIO9PData.cc -> .o
 [     CXX] X86/dev/net/Ethernet.py.cc -> .o
 [SO Param] m5.objects.Ethernet, EtherLink -> X86/python/_m5/param_EtherLink.cc
 [SO Param] m5.objects.Ethernet, DistEtherLink -> X86/python/_m5/param_DistEtherLink.cc
 [SO Param] m5.objects.Ethernet, EtherLink -> X86/params/EtherLink.hh
 [SO Param] m5.objects.Ethernet, DistEtherLink -> X86/params/DistEtherLink.hh
 [SO Param] m5.objects.Ethernet, EtherDump -> X86/params/EtherDump.hh
 [SO Param] m5.objects.Ethernet, EtherBus -> X86/python/_m5/param_EtherBus.cc
 [     CXX] X86/python/_m5/param_EtherLink.cc -> .o
 [SO Param] m5.objects.Ethernet, EtherBus -> X86/params/EtherBus.hh
 [     CXX] X86/python/_m5/param_DistEtherLink.cc -> .o
 [     CXX] X86/python/_m5/param_EtherBus.cc -> .o
 [SO Param] m5.objects.Ethernet, EtherSwitch -> X86/python/_m5/param_EtherSwitch.cc
 [SO Param] m5.objects.Ethernet, EtherTapBase -> X86/python/_m5/param_EtherTapBase.cc
 [SO Param] m5.objects.Ethernet, EtherSwitch -> X86/params/EtherSwitch.hh
 [SO Param] m5.objects.Ethernet, EtherTapStub -> X86/python/_m5/param_EtherTapStub.cc
 [     CXX] X86/python/_m5/param_EtherSwitch.cc -> .o
 [SO Param] m5.objects.Ethernet, EtherTapBase -> X86/params/EtherTapBase.hh
 [SO Param] m5.objects.Ethernet, EtherTapStub -> X86/params/EtherTapStub.hh
 [CONFIG H] HAVE_TUNTAP, 1 -> X86/config/have_tuntap.hh
 [SO Param] m5.objects.Ethernet, EtherTap -> X86/params/EtherTap.hh
 [SO Param] m5.objects.Ethernet, EtherDump -> X86/python/_m5/param_EtherDump.cc
 [     CXX] X86/python/_m5/param_EtherTapBase.cc -> .o
 [     CXX] X86/python/_m5/param_EtherDump.cc -> .o
 [     CXX] X86/python/_m5/param_EtherTapStub.cc -> .o
 [SO Param] m5.objects.Ethernet, EtherDevice -> X86/python/_m5/param_EtherDevice.cc
 [SO Param] m5.objects.Ethernet, EtherDevice -> X86/params/EtherDevice.hh
 [SO Param] m5.objects.Ethernet, EtherDevBase -> X86/params/EtherDevBase.hh
 [     CXX] X86/python/_m5/param_EtherDevice.cc -> .o
 [SO Param] m5.objects.Ethernet, IGbE -> X86/python/_m5/param_IGbE.cc
 [SO Param] m5.objects.Ethernet, IGbE -> X86/params/IGbE.hh
 [ TRACING]  -> X86/debug/EthernetDesc.hh
 [ TRACING]  -> X86/debug/EthernetIntr.hh
 [SO Param] m5.objects.Ethernet, EtherDevBase -> X86/python/_m5/param_EtherDevBase.cc
 [SO Param] m5.objects.Ethernet, NSGigE -> X86/python/_m5/param_NSGigE.cc
 [     CXX] X86/python/_m5/param_IGbE.cc -> .o
 [     CXX] X86/python/_m5/param_EtherDevBase.cc -> .o
 [SO Param] m5.objects.Ethernet, NSGigE -> X86/params/NSGigE.hh
 [SO Param] m5.objects.Ethernet, Sinic -> X86/python/_m5/param_Sinic.cc
 [SO Param] m5.objects.Ethernet, EtherTap -> X86/python/_m5/param_EtherTap.cc
 [     CXX] X86/python/_m5/param_NSGigE.cc -> .o
 [ TRACING]  -> X86/debug/Ethernet.hh
 [SO Param] m5.objects.Ethernet, Sinic -> X86/params/Sinic.hh
 [ TRACING]  -> X86/debug/EthernetData.hh
 [     CXX] X86/python/_m5/param_EtherTap.cc -> .o
 [     CXX] src/dev/net/etherbus.cc -> X86/dev/net/etherbus.o
 [     CXX] X86/python/_m5/param_Sinic.cc -> .o
 [ TRACING]  -> X86/debug/EthernetAll.hh
 [ TRACING]  -> X86/debug/EthernetCksum.hh
 [ TRACING]  -> X86/debug/EthernetDMA.hh
 [ TRACING]  -> X86/debug/EthernetEEPROM.hh
 [ TRACING]  -> X86/debug/EthernetPIO.hh
 [ TRACING]  -> X86/debug/EthernetSM.hh
 [     CXX] src/dev/net/etherswitch.cc -> X86/dev/net/etherswitch.o
 [     CXX] src/dev/net/etherdevice.cc -> X86/dev/net/etherdevice.o
 [     CXX] src/dev/net/etherdump.cc -> X86/dev/net/etherdump.o
 [     CXX] src/dev/net/etherint.cc -> X86/dev/net/etherint.o
 [     CXX] src/dev/net/etherlink.cc -> X86/dev/net/etherlink.o
 [     CXX] src/dev/net/etherpkt.cc -> X86/dev/net/etherpkt.o
 [     CXX] src/dev/net/ethertap.cc -> X86/dev/net/ethertap.o
 [     CXX] src/dev/net/pktfifo.cc -> X86/dev/net/pktfifo.o
 [ TRACING]  -> X86/debug/Ethernet.cc
 [     CXX] X86/debug/Ethernet.cc -> .o
 [ TRACING]  -> X86/debug/EthernetCksum.cc
 [     CXX] X86/debug/EthernetCksum.cc -> .o
 [ TRACING]  -> X86/debug/EthernetDMA.cc
 [ TRACING]  -> X86/debug/EthernetData.cc
 [     CXX] X86/debug/EthernetDMA.cc -> .o
 [ TRACING]  -> X86/debug/EthernetDesc.cc
 [     CXX] X86/debug/EthernetData.cc -> .o
 [     CXX] X86/debug/EthernetDesc.cc -> .o
 [ TRACING]  -> X86/debug/EthernetEEPROM.cc
 [     CXX] X86/debug/EthernetEEPROM.cc -> .o
 [ TRACING]  -> X86/debug/EthernetIntr.cc
 [ TRACING]  -> X86/debug/EthernetPIO.cc
 [ TRACING]  -> X86/debug/EthernetSM.cc
 [     CXX] X86/debug/EthernetIntr.cc -> .o
 [ TRACING]  -> X86/debug/DistEthernet.hh
 [     CXX] X86/debug/EthernetPIO.cc -> .o
 [ TRACING]  -> X86/debug/DistEthernetPkt.hh
 [     CXX] X86/debug/EthernetSM.cc -> .o
 [ TRACING]  -> X86/debug/DistEthernetCmd.hh
 [     CXX] src/dev/net/dist_iface.cc -> X86/dev/net/dist_iface.o
 [     CXX] src/dev/net/tcp_iface.cc -> X86/dev/net/tcp_iface.o
 [     CXX] src/dev/net/dist_etherlink.cc -> X86/dev/net/dist_etherlink.o
 [ TRACING]  -> X86/debug/DistEthernet.cc
 [ TRACING]  -> X86/debug/DistEthernetPkt.cc
 [ TRACING]  -> X86/debug/DistEthernetCmd.cc
 [     CXX] X86/debug/DistEthernet.cc -> .o
 [     CXX] X86/debug/DistEthernetPkt.cc -> .o
 [     CXX] X86/debug/DistEthernetCmd.cc -> .o
 [     CXX] src/dev/net/i8254xGBe.cc -> X86/dev/net/i8254xGBe.o
 [     CXX] src/dev/net/ns_gige.cc -> X86/dev/net/ns_gige.o
 [     CXX] src/dev/net/sinic.cc -> X86/dev/net/sinic.o
 [ TRACING]  -> X86/debug/EthernetAll.cc
 [     CXX] X86/debug/EthernetAll.cc -> .o
 [ TRACING]  -> X86/debug/EthernetNoData.cc
 [ TRACING]  -> X86/debug/EthernetNoData.hh
 [     CXX] X86/debug/EthernetNoData.cc -> .o
 [ TRACING]  -> X86/debug/LupioBLK.cc
 [ TRACING]  -> X86/debug/LupioBLK.hh
 [     CXX] X86/debug/LupioBLK.cc -> .o
 [ TRACING]  -> X86/debug/LupioIPI.cc
 [ TRACING]  -> X86/debug/LupioIPI.hh
 [     CXX] X86/debug/LupioIPI.cc -> .o
 [ TRACING]  -> X86/debug/LupioPIC.cc
 [ TRACING]  -> X86/debug/LupioPIC.hh
 [     CXX] X86/debug/LupioPIC.cc -> .o
 [ TRACING]  -> X86/debug/LupioRNG.cc
 [ TRACING]  -> X86/debug/LupioRNG.hh
 [     CXX] X86/debug/LupioRNG.cc -> .o
 [ TRACING]  -> X86/debug/LupioRTC.cc
 [ TRACING]  -> X86/debug/LupioRTC.hh
 [     CXX] X86/debug/LupioRTC.cc -> .o
 [ TRACING]  -> X86/debug/LupioTMR.cc
 [ TRACING]  -> X86/debug/LupioTMR.hh
 [     CXX] X86/debug/LupioTMR.cc -> .o
 [ TRACING]  -> X86/debug/LupioTTY.cc
 [ TRACING]  -> X86/debug/LupioTTY.hh
 [     CXX] X86/debug/LupioTTY.cc -> .o
 [ TRACING]  -> X86/debug/LupioSYS.cc
 [     CXX] X86/dev/storage/Ide.py.cc -> .o
 [ TRACING]  -> X86/debug/LupioSYS.hh
 [     CXX] X86/debug/LupioSYS.cc -> .o
 [SO Param] m5.objects.Ide, IdeDisk -> X86/python/_m5/param_IdeDisk.cc
 [SO Param] m5.objects.Ide, IdeController -> X86/python/_m5/param_IdeController.cc
 [ENUMDECL] m5.objects.Ide, IdeID -> X86/enums/IdeID.hh
 [SO Param] m5.objects.Ide, IdeController -> X86/params/IdeController.hh
 [SO Param] m5.objects.Ide, IdeDisk -> X86/params/IdeDisk.hh
 [ENUM STR] m5.objects.Ide, IdeID -> X86/enums/IdeID.cc
 [ TRACING]  -> X86/debug/IdeCtrl.hh
 [ TRACING]  -> X86/debug/IdeDisk.hh
 [     CXX] X86/python/_m5/param_IdeDisk.cc -> .o
 [     CXX] src/dev/storage/ide_disk.cc -> X86/dev/storage/ide_disk.o
 [     CXX] X86/enums/IdeID.cc -> .o
 [     CXX] X86/python/_m5/param_IdeController.cc -> .o
 [     CXX] src/dev/storage/ide_ctrl.cc -> X86/dev/storage/ide_ctrl.o
 [ TRACING]  -> X86/debug/IdeCtrl.cc
 [     CXX] X86/debug/IdeCtrl.cc -> .o
 [ TRACING]  -> X86/debug/IdeDisk.cc
 [     CXX] X86/dev/storage/DiskImage.py.cc -> .o
 [     CXX] X86/debug/IdeDisk.cc -> .o
 [SO Param] m5.objects.DiskImage, DiskImage -> X86/python/_m5/param_DiskImage.cc
 [SO Param] m5.objects.DiskImage, RawDiskImage -> X86/python/_m5/param_RawDiskImage.cc
 [     CXX] X86/python/_m5/param_DiskImage.cc -> .o
 [     CXX] X86/python/_m5/param_RawDiskImage.cc -> .o
 [SO Param] m5.objects.DiskImage, CowDiskImage -> X86/python/_m5/param_CowDiskImage.cc
 [     CXX] X86/python/_m5/param_CowDiskImage.cc -> .o
 [     CXX] X86/dev/storage/SimpleDisk.py.cc -> .o
 [SO Param] m5.objects.SimpleDisk, SimpleDisk -> X86/python/_m5/param_SimpleDisk.cc
 [SO Param] m5.objects.SimpleDisk, SimpleDisk -> X86/params/SimpleDisk.hh
 [     CXX] X86/python/_m5/param_SimpleDisk.cc -> .o
 [ TRACING]  -> X86/debug/DiskImageRead.hh
 [ TRACING]  -> X86/debug/DiskImageWrite.hh
 [     CXX] src/dev/storage/disk_image.cc -> X86/dev/storage/disk_image.o
 [ TRACING]  -> X86/debug/SimpleDisk.hh
 [ TRACING]  -> X86/debug/SimpleDiskData.hh
 [     CXX] src/dev/storage/simple_disk.cc -> X86/dev/storage/simple_disk.o
 [ TRACING]  -> X86/debug/DiskImageRead.cc
 [     CXX] X86/debug/DiskImageRead.cc -> .o
 [ TRACING]  -> X86/debug/DiskImageWrite.cc
 [     CXX] X86/debug/DiskImageWrite.cc -> .o
 [ TRACING]  -> X86/debug/SimpleDisk.cc
 [     CXX] X86/debug/SimpleDisk.cc -> .o
 [ TRACING]  -> X86/debug/SimpleDiskData.cc
 [     CXX] X86/debug/SimpleDiskData.cc -> .o
 [ TRACING]  -> X86/debug/DiskImageAll.cc
 [ TRACING]  -> X86/debug/DiskImageAll.hh
 [     CXX] X86/debug/DiskImageAll.cc -> .o
 [ TRACING]  -> X86/debug/IdeAll.cc
 [ TRACING]  -> X86/debug/IdeAll.hh
 [     CXX] X86/dev/pci/PciDevice.py.cc -> .o
 [SO Param] m5.objects.PciDevice, PciBar -> X86/python/_m5/param_PciBar.cc
 [     CXX] X86/debug/IdeAll.cc -> .o
 [SO Param] m5.objects.PciDevice, PciBarNone -> X86/python/_m5/param_PciBarNone.cc
 [     CXX] X86/python/_m5/param_PciBarNone.cc -> .o
 [     CXX] X86/python/_m5/param_PciBar.cc -> .o
 [SO Param] m5.objects.PciDevice, PciIoBar -> X86/python/_m5/param_PciIoBar.cc
 [SO Param] m5.objects.PciDevice, PciLegacyIoBar -> X86/python/_m5/param_PciLegacyIoBar.cc
 [     CXX] X86/python/_m5/param_PciIoBar.cc -> .o
 [     CXX] X86/python/_m5/param_PciLegacyIoBar.cc -> .o
 [SO Param] m5.objects.PciDevice, PciMemBar -> X86/python/_m5/param_PciMemBar.cc
 [     CXX] X86/python/_m5/param_PciMemBar.cc -> .o
 [SO Param] m5.objects.PciDevice, PciMemUpperBar -> X86/python/_m5/param_PciMemUpperBar.cc
 [     CXX] X86/python/_m5/param_PciMemUpperBar.cc -> .o
 [SO Param] m5.objects.PciDevice, PciDevice -> X86/python/_m5/param_PciDevice.cc
 [     CXX] X86/python/_m5/param_PciDevice.cc -> .o
 [ TRACING]  -> X86/debug/PciDevice.hh
 [     CXX] src/dev/pci/device.cc -> X86/dev/pci/device.o
 [ TRACING]  -> X86/debug/PciDevice.cc
 [     CXX] X86/debug/PciDevice.cc -> .o
 [     CXX] X86/dev/pci/PciHost.py.cc -> .o
 [SO Param] m5.objects.PciHost, PciHost -> X86/python/_m5/param_PciHost.cc
 [     CXX] X86/python/_m5/param_PciHost.cc -> .o
 [SO Param] m5.objects.PciHost, GenericPciHost -> X86/python/_m5/param_GenericPciHost.cc
 [SO Param] m5.objects.PciHost, GenericPciHost -> X86/params/GenericPciHost.hh
 [ TRACING]  -> X86/debug/PciHost.hh
 [ TRACING]  -> X86/debug/PciHost.cc
 [     CXX] X86/debug/PciHost.cc -> .o
 [     CXX] X86/python/_m5/param_GenericPciHost.cc -> .o
 [     CXX] src/dev/pci/host.cc -> X86/dev/pci/host.o
 [     CXX] X86/dev/pci/CopyEngine.py.cc -> .o
 [SO Param] m5.objects.CopyEngine, CopyEngine -> X86/python/_m5/param_CopyEngine.cc
 [SO Param] m5.objects.CopyEngine, CopyEngine -> X86/params/CopyEngine.hh
 [     CXX] X86/python/_m5/param_CopyEngine.cc -> .o
 [ TRACING]  -> X86/debug/DMACopyEngine.hh
 [     CXX] src/dev/pci/copy_engine.cc -> X86/dev/pci/copy_engine.o
 [ TRACING]  -> X86/debug/DMACopyEngine.cc
 [     CXX] X86/debug/DMACopyEngine.cc -> .o
 [     CXX] X86/dev/qemu/QemuFwCfg.py.cc -> .o
 [SO Param] m5.objects.QemuFwCfg, QemuFwCfgItem -> X86/python/_m5/param_QemuFwCfgItem.cc
 [SO Param] m5.objects.QemuFwCfg, QemuFwCfgItem -> X86/params/QemuFwCfgItem.hh
 [SO Param] m5.objects.QemuFwCfg, QemuFwCfg -> X86/params/QemuFwCfg.hh
 [SO Param] m5.objects.QemuFwCfg, QemuFwCfgIo -> X86/params/QemuFwCfgIo.hh
 [SO Param] m5.objects.QemuFwCfg, QemuFwCfgItemBytes -> X86/params/QemuFwCfgItemBytes.hh
 [SO Param] m5.objects.QemuFwCfg, QemuFwCfgItemFile -> X86/params/QemuFwCfgItemFile.hh
 [SO Param] m5.objects.QemuFwCfg, QemuFwCfgItemString -> X86/params/QemuFwCfgItemString.hh
 [SO Param] m5.objects.QemuFwCfg, QemuFwCfgMmio -> X86/params/QemuFwCfgMmio.hh
 [SO Param] m5.objects.QemuFwCfg, QemuFwCfgItemBytes -> X86/python/_m5/param_QemuFwCfgItemBytes.cc
 [     CXX] X86/python/_m5/param_QemuFwCfgItem.cc -> .o
 [     CXX] X86/python/_m5/param_QemuFwCfgItemBytes.cc -> .o
 [SO Param] m5.objects.QemuFwCfg, QemuFwCfgItemFile -> X86/python/_m5/param_QemuFwCfgItemFile.cc
 [SO Param] m5.objects.QemuFwCfg, QemuFwCfgItemString -> X86/python/_m5/param_QemuFwCfgItemString.cc
 [     CXX] X86/python/_m5/param_QemuFwCfgItemString.cc -> .o
 [     CXX] X86/python/_m5/param_QemuFwCfgItemFile.cc -> .o
 [SO Param] m5.objects.QemuFwCfg, QemuFwCfg -> X86/python/_m5/param_QemuFwCfg.cc
 [     CXX] X86/python/_m5/param_QemuFwCfg.cc -> .o
 [SO Param] m5.objects.QemuFwCfg, QemuFwCfgIo -> X86/python/_m5/param_QemuFwCfgIo.cc
 [     CXX] X86/python/_m5/param_QemuFwCfgIo.cc -> .o
 [SO Param] m5.objects.QemuFwCfg, QemuFwCfgMmio -> X86/python/_m5/param_QemuFwCfgMmio.cc
 [     CXX] X86/python/_m5/param_QemuFwCfgMmio.cc -> .o
 [ TRACING]  -> X86/debug/QemuFwCfg.hh
 [ TRACING]  -> X86/debug/QemuFwCfgVerbose.hh
 [     CXX] src/dev/qemu/fw_cfg.cc -> X86/dev/qemu/fw_cfg.o
 [ TRACING]  -> X86/debug/QemuFwCfg.cc
 [     CXX] X86/debug/QemuFwCfg.cc -> .o
 [ TRACING]  -> X86/debug/QemuFwCfgVerbose.cc
 [     CXX] X86/debug/QemuFwCfgVerbose.cc -> .o
 [     CXX] X86/dev/serial/Serial.py.cc -> .o
 [SO Param] m5.objects.Serial, SerialDevice -> X86/python/_m5/param_SerialDevice.cc
 [SO Param] m5.objects.Serial, SerialNullDevice -> X86/python/_m5/param_SerialNullDevice.cc
 [     CXX] X86/dev/serial/Terminal.py.cc -> .o
 [SO Param] m5.objects.Terminal, Terminal -> X86/python/_m5/param_Terminal.cc
 [     CXX] X86/python/_m5/param_SerialDevice.cc -> .o
 [SO Param] m5.objects.Serial, SerialNullDevice -> X86/params/SerialNullDevice.hh
 [ENUMDECL] m5.objects.Terminal, TerminalDump -> X86/enums/TerminalDump.hh
 [     CXX] X86/python/_m5/param_SerialNullDevice.cc -> .o
 [SO Param] m5.objects.Terminal, Terminal -> X86/params/Terminal.hh
 [     CXX] X86/python/_m5/param_Terminal.cc -> .o
 [ENUM STR] m5.objects.Terminal, TerminalDump -> X86/enums/TerminalDump.cc
 [     CXX] X86/enums/TerminalDump.cc -> .o
 [     CXX] X86/dev/serial/Uart.py.cc -> .o
 [SO Param] m5.objects.Uart, Uart -> X86/python/_m5/param_Uart.cc
 [SO Param] m5.objects.Uart, Uart -> X86/params/Uart.hh
 [     CXX] X86/python/_m5/param_Uart.cc -> .o
 [SO Param] m5.objects.Uart, SimpleUart -> X86/python/_m5/param_SimpleUart.cc
 [SO Param] m5.objects.Uart, SimpleUart -> X86/params/SimpleUart.hh
 [SO Param] m5.objects.Uart, Uart8250 -> X86/python/_m5/param_Uart8250.cc
 [     CXX] X86/python/_m5/param_SimpleUart.cc -> .o
 [SO Param] m5.objects.Uart, Uart8250 -> X86/params/Uart8250.hh
 [     CXX] X86/python/_m5/param_Uart8250.cc -> .o
 [     CXX] src/dev/serial/serial.cc -> X86/dev/serial/serial.o
 [     CXX] src/dev/serial/simple.cc -> X86/dev/serial/simple.o
 [ TRACING]  -> X86/debug/Terminal.hh
 [ TRACING]  -> X86/debug/TerminalVerbose.hh
 [     CXX] src/dev/serial/terminal.cc -> X86/dev/serial/terminal.o
 [     CXX] src/dev/serial/uart.cc -> X86/dev/serial/uart.o
 [ TRACING]  -> X86/debug/Uart.hh
 [     CXX] src/dev/serial/uart8250.cc -> X86/dev/serial/uart8250.o
 [ TRACING]  -> X86/debug/Terminal.cc
 [     CXX] X86/debug/Terminal.cc -> .o
 [ TRACING]  -> X86/debug/TerminalVerbose.cc
 [     CXX] X86/debug/TerminalVerbose.cc -> .o
 [ TRACING]  -> X86/debug/Uart.cc
 [     CXX] X86/debug/Uart.cc -> .o
 [     CXX] X86/dev/x86/Pc.py.cc -> .o
 [SO Param] m5.objects.Pc, Pc -> X86/python/_m5/param_Pc.cc
 [SO Param] m5.objects.I82094AA, I82094AA -> X86/params/I82094AA.hh
 [SO Param] m5.objects.Pc, Pc -> X86/params/Pc.hh
 [SO Param] m5.objects.SouthBridge, SouthBridge -> X86/params/SouthBridge.hh
 [SO Param] m5.objects.I8254, I8254 -> X86/params/I8254.hh
 [SO Param] m5.objects.Cmos, Cmos -> X86/params/Cmos.hh
 [SO Param] m5.objects.I8042, I8042 -> X86/params/I8042.hh
 [SO Param] m5.objects.I8237, I8237 -> X86/params/I8237.hh
 [SO Param] m5.objects.I8259, I8259 -> X86/params/I8259.hh
 [SO Param] m5.objects.PcSpeaker, PcSpeaker -> X86/params/PcSpeaker.hh
 [ENUMDECL] m5.objects.I8259, X86I8259CascadeMode -> X86/enums/X86I8259CascadeMode.hh
 [     CXX] X86/dev/x86/SouthBridge.py.cc -> .o
 [SO Param] m5.objects.PS2, PS2Device -> X86/params/PS2Device.hh
 [SO Param] m5.objects.SouthBridge, SouthBridge -> X86/python/_m5/param_SouthBridge.cc
 [     CXX] X86/python/_m5/param_Pc.cc -> .o
 [     CXX] X86/python/_m5/param_SouthBridge.cc -> .o
 [     CXX] src/dev/x86/pc.cc -> X86/dev/x86/pc.o
 [     CXX] src/dev/x86/south_bridge.cc -> X86/dev/x86/south_bridge.o
 [     CXX] X86/dev/x86/Cmos.py.cc -> .o
 [SO Param] m5.objects.Cmos, Cmos -> X86/python/_m5/param_Cmos.cc
 [     CXX] X86/python/_m5/param_Cmos.cc -> .o
 [ TRACING]  -> X86/debug/CMOS.hh
 [     CXX] src/dev/x86/cmos.cc -> X86/dev/x86/cmos.o
 [ TRACING]  -> X86/debug/CMOS.cc
 [     CXX] X86/debug/CMOS.cc -> .o
 [     CXX] X86/dev/x86/I8259.py.cc -> .o
 [SO Param] m5.objects.I8259, I8259 -> X86/python/_m5/param_I8259.cc
 [     CXX] X86/python/_m5/param_I8259.cc -> .o
 [ENUM STR] m5.objects.I8259, X86I8259CascadeMode -> X86/enums/X86I8259CascadeMode.cc
 [     CXX] X86/enums/X86I8259CascadeMode.cc -> .o
 [ TRACING]  -> X86/debug/I8259.hh
 [     CXX] src/dev/x86/i8259.cc -> X86/dev/x86/i8259.o
 [ TRACING]  -> X86/debug/I8259.cc
 [     CXX] X86/debug/I8259.cc -> .o
 [     CXX] X86/dev/x86/I8254.py.cc -> .o
 [SO Param] m5.objects.I8254, I8254 -> X86/python/_m5/param_I8254.cc
 [     CXX] X86/python/_m5/param_I8254.cc -> .o
 [ TRACING]  -> X86/debug/I8254.hh
 [     CXX] src/dev/x86/i8254.cc -> X86/dev/x86/i8254.o
 [ TRACING]  -> X86/debug/I8254.cc
 [     CXX] X86/debug/I8254.cc -> .o
 [     CXX] X86/dev/x86/I8237.py.cc -> .o
 [SO Param] m5.objects.I8237, I8237 -> X86/python/_m5/param_I8237.cc
 [     CXX] X86/python/_m5/param_I8237.cc -> .o
 [     CXX] src/dev/x86/i8237.cc -> X86/dev/x86/i8237.o
 [ TRACING]  -> X86/debug/I8237.cc
 [ TRACING]  -> X86/debug/I8237.hh
 [     CXX] X86/debug/I8237.cc -> .o
 [     CXX] X86/dev/x86/I8042.py.cc -> .o
 [SO Param] m5.objects.I8042, I8042 -> X86/python/_m5/param_I8042.cc
 [     CXX] X86/python/_m5/param_I8042.cc -> .o
 [ TRACING]  -> X86/debug/I8042.hh
 [     CXX] src/dev/x86/i8042.cc -> X86/dev/x86/i8042.o
 [ TRACING]  -> X86/debug/I8042.cc
 [     CXX] X86/debug/I8042.cc -> .o
 [     CXX] X86/dev/x86/X86Ide.py.cc -> .o
 [SO Param] m5.objects.X86Ide, X86IdeController -> X86/python/_m5/param_X86IdeController.cc
 [SO Param] m5.objects.X86Ide, X86IdeController -> X86/params/X86IdeController.hh
 [     CXX] X86/dev/x86/PcSpeaker.py.cc -> .o
 [     CXX] X86/python/_m5/param_X86IdeController.cc -> .o
 [     CXX] src/dev/x86/ide_ctrl.cc -> X86/dev/x86/ide_ctrl.o
 [SO Param] m5.objects.PcSpeaker, PcSpeaker -> X86/python/_m5/param_PcSpeaker.cc
 [     CXX] X86/python/_m5/param_PcSpeaker.cc -> .o
 [ TRACING]  -> X86/debug/PcSpeaker.hh
 [     CXX] src/dev/x86/speaker.cc -> X86/dev/x86/speaker.o
 [ TRACING]  -> X86/debug/PcSpeaker.cc
 [     CXX] X86/debug/PcSpeaker.cc -> .o
 [     CXX] X86/dev/x86/I82094AA.py.cc -> .o
 [SO Param] m5.objects.I82094AA, I82094AA -> X86/python/_m5/param_I82094AA.cc
 [     CXX] X86/python/_m5/param_I82094AA.cc -> .o
 [ TRACING]  -> X86/debug/I82094AA.hh
 [SO Param] m5.objects.X86LocalApic, X86LocalApic -> X86/params/X86LocalApic.hh
 [SO Param] m5.objects.X86TLB, X86TLB -> X86/params/X86TLB.hh
 [ TRACING]  -> X86/debug/I82094AA.cc
 [     CXX] X86/dev/x86/X86QemuFwCfg.py.cc -> .o
 [     CXX] X86/debug/I82094AA.cc -> .o
 [SO Param] m5.objects.X86TLB, X86PagetableWalker -> X86/params/X86PagetableWalker.hh
 [SO Param] m5.objects.X86QemuFwCfg, QemuFwCfgItemE820 -> X86/python/_m5/param_QemuFwCfgItemE820.cc
 [SO Param] m5.objects.E820, X86E820Entry -> X86/params/X86E820Entry.hh
 [     CXX] src/dev/x86/i82094aa.cc -> X86/dev/x86/i82094aa.o
 [SO Param] m5.objects.X86QemuFwCfg, QemuFwCfgItemE820 -> X86/params/QemuFwCfgItemE820.hh
 [SO Param] m5.objects.E820, X86E820Table -> X86/params/X86E820Table.hh
 [     CXX] X86/dev/ps2/PS2.py.cc -> .o
 [     CXX] src/dev/x86/qemu_fw_cfg.cc -> X86/dev/x86/qemu_fw_cfg.o
 [     CXX] X86/python/_m5/param_QemuFwCfgItemE820.cc -> .o
 [SO Param] m5.objects.PS2, PS2Device -> X86/python/_m5/param_PS2Device.cc
 [     CXX] X86/python/_m5/param_PS2Device.cc -> .o
 [SO Param] m5.objects.PS2, PS2Keyboard -> X86/python/_m5/param_PS2Keyboard.cc
 [SO Param] m5.objects.PS2, PS2Keyboard -> X86/params/PS2Keyboard.hh
 [     CXX] X86/python/_m5/param_PS2Keyboard.cc -> .o
 [SO Param] m5.objects.PS2, PS2Mouse -> X86/python/_m5/param_PS2Mouse.cc
 [SO Param] m5.objects.PS2, PS2TouchKit -> X86/python/_m5/param_PS2TouchKit.cc
 [ TRACING]  -> X86/debug/PS2.hh
 [SO Param] m5.objects.PS2, PS2Mouse -> X86/params/PS2Mouse.hh
 [     CXX] src/dev/ps2/device.cc -> X86/dev/ps2/device.o
 [SO Param] m5.objects.PS2, PS2TouchKit -> X86/params/PS2TouchKit.hh
 [     CXX] X86/python/_m5/param_PS2Mouse.cc -> .o
 [     CXX] X86/python/_m5/param_PS2TouchKit.cc -> .o
 [     CXX] src/dev/ps2/keyboard.cc -> X86/dev/ps2/keyboard.o
 [     CXX] src/dev/ps2/mouse.cc -> X86/dev/ps2/mouse.o
 [     CXX] src/dev/ps2/touchkit.cc -> X86/dev/ps2/touchkit.o
 [     CXX] src/dev/ps2/types.cc -> X86/dev/ps2/types.o
 [ TRACING]  -> X86/debug/PS2.cc
 [     CXX] X86/sim/ClockedObject.py.cc -> .o
 [     CXX] X86/debug/PS2.cc -> .o
 [SO Param] m5.objects.ClockedObject, ClockedObject -> X86/python/_m5/param_ClockedObject.cc
 [     CXX] X86/python/_m5/param_ClockedObject.cc -> .o
 [     CXX] X86/sim/TickedObject.py.cc -> .o
 [SO Param] m5.objects.TickedObject, TickedObject -> X86/python/_m5/param_TickedObject.cc
 [SO Param] m5.objects.TickedObject, TickedObject -> X86/params/TickedObject.hh
 [     CXX] X86/python/_m5/param_TickedObject.cc -> .o
 [     CXX] X86/sim/Workload.py.cc -> .o
 [SO Param] m5.objects.Workload, Workload -> X86/python/_m5/param_Workload.cc
 [     CXX] X86/python/_m5/param_Workload.cc -> .o
 [SO Param] m5.objects.Workload, StubWorkload -> X86/python/_m5/param_StubWorkload.cc
 [     CXX] X86/python/_m5/param_StubWorkload.cc -> .o
 [SO Param] m5.objects.Workload, KernelWorkload -> X86/python/_m5/param_KernelWorkload.cc
 [SO Param] m5.objects.Workload, KernelWorkload -> X86/params/KernelWorkload.hh
 [     CXX] X86/python/_m5/param_KernelWorkload.cc -> .o
 [SO Param] m5.objects.Workload, SEWorkload -> X86/python/_m5/param_SEWorkload.cc
 [     CXX] X86/python/_m5/param_SEWorkload.cc -> .o
 [ENUM STR] m5.objects.Workload, KernelPanicOopsBehaviour -> X86/enums/KernelPanicOopsBehaviour.cc
 [     CXX] X86/enums/KernelPanicOopsBehaviour.cc -> .o
 [     CXX] X86/sim/Root.py.cc -> .o
 [SO Param] m5.objects.Root, Root -> X86/python/_m5/param_Root.cc
 [     CXX] X86/python/_m5/param_Root.cc -> .o
 [     CXX] X86/sim/ClockDomain.py.cc -> .o
 [SO Param] m5.objects.ClockDomain, ClockDomain -> X86/python/_m5/param_ClockDomain.cc
 [     CXX] X86/python/_m5/param_ClockDomain.cc -> .o
 [SO Param] m5.objects.ClockDomain, SrcClockDomain -> X86/python/_m5/param_SrcClockDomain.cc
 [     CXX] X86/python/_m5/param_SrcClockDomain.cc -> .o
 [SO Param] m5.objects.ClockDomain, DerivedClockDomain -> X86/python/_m5/param_DerivedClockDomain.cc
 [     CXX] X86/sim/VoltageDomain.py.cc -> .o
 [     CXX] X86/python/_m5/param_DerivedClockDomain.cc -> .o
 [SO Param] m5.objects.VoltageDomain, VoltageDomain -> X86/python/_m5/param_VoltageDomain.cc
 [     CXX] X86/python/_m5/param_VoltageDomain.cc -> .o
 [     CXX] X86/sim/System.py.cc -> .o
 [SO Param] m5.objects.System, System -> X86/python/_m5/param_System.cc
 [     CXX] X86/python/_m5/param_System.cc -> .o
 [ENUM STR] m5.objects.System, MemoryMode -> X86/enums/MemoryMode.cc
 [     CXX] X86/enums/MemoryMode.cc -> .o
 [     CXX] X86/sim/DVFSHandler.py.cc -> .o
 [SO Param] m5.objects.DVFSHandler, DVFSHandler -> X86/python/_m5/param_DVFSHandler.cc
 [SO Param] m5.objects.DVFSHandler, DVFSHandler -> X86/params/DVFSHandler.hh
 [ TRACING]  -> X86/debug/DVFS.hh
 [     CXX] X86/sim/SubSystem.py.cc -> .o
 [     CXX] X86/python/_m5/param_DVFSHandler.cc -> .o
 [SO Param] m5.objects.SubSystem, SubSystem -> X86/python/_m5/param_SubSystem.cc
 [     CXX] X86/python/_m5/param_SubSystem.cc -> .o
 [     CXX] X86/sim/RedirectPath.py.cc -> .o
 [SO Param] m5.objects.RedirectPath, RedirectPath -> X86/python/_m5/param_RedirectPath.cc
 [     CXX] X86/python/_m5/param_RedirectPath.cc -> .o
 [     CXX] X86/sim/PowerState.py.cc -> .o
 [SO Param] m5.objects.PowerState, PowerState -> X86/python/_m5/param_PowerState.cc
 [     CXX] X86/python/_m5/param_PowerState.cc -> .o
 [ENUM STR] m5.objects.PowerState, PwrState -> X86/enums/PwrState.cc
 [     CXX] X86/enums/PwrState.cc -> .o
 [     CXX] X86/sim/PowerDomain.py.cc -> .o
 [SO Param] m5.objects.PowerDomain, PowerDomain -> X86/python/_m5/param_PowerDomain.cc
 [SO Param] m5.objects.PowerDomain, PowerDomain -> X86/params/PowerDomain.hh
 [     CXX] X86/python/_m5/param_PowerDomain.cc -> .o
 [     CXX] X86/sim/SignalPort.py.cc -> .o
 [     CXX] src/sim/async.cc -> X86/sim/async.o
 [     CXX] src/sim/backtrace_glibc.cc -> X86/sim/backtrace_glibc.o
 [     CXX] src/sim/bufval.cc -> X86/sim/bufval.o
 [     CXX] src/sim/core.cc -> X86/sim/core.o
 [     CXX] src/sim/cur_tick.cc -> X86/sim/cur_tick.o
 [VER TAGS]  -> X86/sim/tags.cc
 [     CXX] X86/sim/tags.cc -> .o
 [     CXX] src/sim/cxx_config.cc -> X86/sim/cxx_config.o
 [ TRACING]  -> X86/debug/CxxConfig.hh
 [     CXX] src/sim/cxx_manager.cc -> X86/sim/cxx_manager.o
 [     CXX] src/sim/cxx_config_ini.cc -> X86/sim/cxx_config_ini.o
 [     CXX] src/sim/debug.cc -> X86/sim/debug.o
 [     CXX] src/sim/drain.cc -> X86/sim/drain.o
 [     CXX] src/sim/py_interact.cc -> X86/sim/py_interact.o
 [     CXX] src/sim/eventq.cc -> X86/sim/eventq.o
 [     CXX] src/sim/futex_map.cc -> X86/sim/futex_map.o
 [     CXX] src/sim/global_event.cc -> X86/sim/global_event.o
 [     CXX] src/sim/globals.cc -> X86/sim/globals.o
 [     CXX] src/sim/init.cc -> X86/sim/init.o
 [     CXX] src/sim/init_signals.cc -> X86/sim/init_signals.o
 [     CXX] src/sim/main.cc -> X86/sim/main.o
 [     CXX] src/sim/kernel_workload.cc -> X86/sim/kernel_workload.o
 [     CXX] src/sim/port.cc -> X86/sim/port.o
 [     CXX] src/sim/python.cc -> X86/sim/python.o
 [     CXX] src/sim/redirect_path.cc -> X86/sim/redirect_path.o
 [ TRACING]  -> X86/debug/TimeSync.hh
 [     CXX] src/sim/root.cc -> X86/sim/root.o
 [     CXX] src/sim/serialize.cc -> X86/sim/serialize.o
 [     CXX] src/sim/se_workload.cc -> X86/sim/se_workload.o
 [     CXX] src/sim/sim_events.cc -> X86/sim/sim_events.o
 [     CXX] src/sim/sim_object.cc -> X86/sim/sim_object.o
 [     CXX] src/sim/sub_system.cc -> X86/sim/sub_system.o
 [     CXX] src/sim/ticked_object.cc -> X86/sim/ticked_object.o
 [     CXX] src/sim/simulate.cc -> X86/sim/simulate.o
 [     CXX] src/sim/stat_control.cc -> X86/sim/stat_control.o
 [     CXX] src/sim/stat_register.cc -> X86/sim/stat_register.o
 [ TRACING]  -> X86/debug/ClockDomain.hh
 [     CXX] src/sim/clock_domain.cc -> X86/sim/clock_domain.o
 [ TRACING]  -> X86/debug/VoltageDomain.hh
 [     CXX] src/sim/se_signal.cc -> X86/sim/se_signal.o
 [     CXX] src/sim/voltage_domain.cc -> X86/sim/voltage_domain.o
 [     CXX] src/sim/linear_solver.cc -> X86/sim/linear_solver.o
 [ TRACING]  -> X86/debug/Quiesce.hh
 [ TRACING]  -> X86/debug/WorkItems.hh
 [     CXX] src/sim/dvfs_handler.cc -> X86/sim/dvfs_handler.o
 [     CXX] src/sim/system.cc -> X86/sim/system.o
 [     CXX] src/sim/clocked_object.cc -> X86/sim/clocked_object.o
 [     CXX] src/sim/mathexpr.cc -> X86/sim/mathexpr.o
 [ TRACING]  -> X86/debug/PowerDomain.hh
 [     CXX] src/sim/stats.cc -> X86/sim/stats.o
 [     CXX] src/sim/power_state.cc -> X86/sim/power_state.o
 [     CXX] src/sim/power_domain.cc -> X86/sim/power_domain.o
 [     CXX] src/sim/workload.cc -> X86/sim/workload.o
 [     CXX] src/sim/mem_pool.cc -> X86/sim/mem_pool.o
 [     CXX] X86/sim/InstTracer.py.cc -> .o
 [SO Param] m5.objects.InstTracer, InstTracer -> X86/python/_m5/param_InstTracer.cc
 [SO Param] m5.objects.InstTracer, InstDisassembler -> X86/python/_m5/param_InstDisassembler.cc
 [     CXX] X86/python/_m5/param_InstTracer.cc -> .o
 [     CXX] X86/python/_m5/param_InstDisassembler.cc -> .o
 [     CXX] X86/sim/Process.py.cc -> .o
 [SO Param] m5.objects.Process, Process -> X86/python/_m5/param_Process.cc
 [SO Param] m5.objects.Process, EmulatedDriver -> X86/python/_m5/param_EmulatedDriver.cc
 [SO Param] m5.objects.Process, Process -> X86/params/Process.hh
 [SO Param] m5.objects.Process, EmulatedDriver -> X86/params/EmulatedDriver.hh
 [ TRACING]  -> X86/debug/Faults.hh
 [SO Param] m5.objects.InstDecoder, InstDecoder -> X86/params/InstDecoder.hh
 [     CXX] src/sim/fd_entry.cc -> X86/sim/fd_entry.o
 [ TRACING]  -> X86/debug/SyscallBase.hh
 [     CXX] X86/python/_m5/param_Process.cc -> .o
 [     CXX] src/sim/mem_state.cc -> X86/sim/mem_state.o
 [SO Param] m5.objects.BaseISA, BaseISA -> X86/params/BaseISA.hh
 [     CXX] src/sim/faults.cc -> X86/sim/faults.o
 [     CXX] src/sim/fd_array.cc -> X86/sim/fd_array.o
 [     CXX] X86/python/_m5/param_EmulatedDriver.cc -> .o
 [     CXX] src/sim/process.cc -> X86/sim/process.o
 [SO Param] m5.objects.BaseCPU, BaseCPU -> X86/params/BaseCPU.hh
 [ TRACING]  -> X86/debug/PseudoInst.hh
 [     CXX] src/sim/pseudo_inst.cc -> X86/sim/pseudo_inst.o
 [     CXX] src/sim/syscall_emul.cc -> X86/sim/syscall_emul.o
 [     CXX] src/sim/syscall_desc.cc -> X86/sim/syscall_desc.o
 [     CXX] src/sim/vma.cc -> X86/sim/vma.o
 [ TRACING]  -> X86/debug/Checkpoint.cc
 [     CXX] X86/debug/Checkpoint.cc -> .o
 [ TRACING]  -> X86/debug/Config.cc
 [ TRACING]  -> X86/debug/Config.hh
 [     CXX] X86/debug/Config.cc -> .o
 [ TRACING]  -> X86/debug/CxxConfig.cc
 [     CXX] X86/debug/CxxConfig.cc -> .o
 [ TRACING]  -> X86/debug/Drain.cc
 [     CXX] X86/debug/Drain.cc -> .o
 [ TRACING]  -> X86/debug/Event.cc
 [ TRACING]  -> X86/debug/Flow.cc
 [     CXX] X86/debug/Event.cc -> .o
 [ TRACING]  -> X86/debug/Flow.hh
 [     CXX] X86/debug/Flow.cc -> .o
 [ TRACING]  -> X86/debug/IPI.cc
 [ TRACING]  -> X86/debug/IPI.hh
 [     CXX] X86/debug/IPI.cc -> .o
 [ TRACING]  -> X86/debug/IPR.cc
 [ TRACING]  -> X86/debug/Interrupt.cc
 [ TRACING]  -> X86/debug/IPR.hh
 [ TRACING]  -> X86/debug/Loader.cc
 [ TRACING]  -> X86/debug/Interrupt.hh
 [     CXX] X86/debug/IPR.cc -> .o
 [     CXX] X86/debug/Loader.cc -> .o
 [     CXX] X86/debug/Interrupt.cc -> .o
 [ TRACING]  -> X86/debug/PseudoInst.cc
 [     CXX] X86/debug/PseudoInst.cc -> .o
 [ TRACING]  -> X86/debug/Stack.cc
 [ TRACING]  -> X86/debug/SyscallBase.cc
 [ TRACING]  -> X86/debug/SyscallVerbose.cc
 [ TRACING]  -> X86/debug/Stack.hh
 [ TRACING]  -> X86/debug/TimeSync.cc
 [ TRACING]  -> X86/debug/Thread.cc
 [     CXX] X86/debug/SyscallBase.cc -> .o
 [     CXX] X86/debug/SyscallVerbose.cc -> .o
 [     CXX] X86/debug/Stack.cc -> .o
 [     CXX] X86/debug/TimeSync.cc -> .o
 [ TRACING]  -> X86/debug/Thread.hh
 [     CXX] X86/debug/Thread.cc -> .o
 [ TRACING]  -> X86/debug/Timer.cc
 [ TRACING]  -> X86/debug/Timer.hh
 [     CXX] X86/debug/Timer.cc -> .o
 [ TRACING]  -> X86/debug/VtoPhys.cc
 [ TRACING]  -> X86/debug/WorkItems.cc
 [ TRACING]  -> X86/debug/ClockDomain.cc
 [ TRACING]  -> X86/debug/VoltageDomain.cc
 [ TRACING]  -> X86/debug/VtoPhys.hh
 [ TRACING]  -> X86/debug/DVFS.cc
 [     CXX] X86/debug/WorkItems.cc -> .o
 [     CXX] X86/debug/ClockDomain.cc -> .o
 [     CXX] X86/debug/VoltageDomain.cc -> .o
 [     CXX] X86/debug/DVFS.cc -> .o
 [     CXX] X86/debug/VtoPhys.cc -> .o
 [ TRACING]  -> X86/debug/Vma.cc
 [     CXX] X86/debug/Vma.cc -> .o
 [ TRACING]  -> X86/debug/PowerDomain.cc
 [ TRACING]  -> X86/debug/SyscallAll.cc
 [     CXX] X86/sim/probe/Probe.py.cc -> .o
 [SO Param] m5.objects.Probe, ProbeListenerObject -> X86/python/_m5/param_ProbeListenerObject.cc
 [ TRACING]  -> X86/debug/ProbeVerbose.hh
 [SO Param] m5.objects.Probe, ProbeListenerObject -> X86/params/ProbeListenerObject.hh
 [ TRACING]  -> X86/debug/SyscallAll.hh
 [     CXX] X86/debug/PowerDomain.cc -> .o
 [ TRACING]  -> X86/debug/ProbeVerbose.cc
 [     CXX] X86/debug/SyscallAll.cc -> .o
 [     CXX] X86/debug/ProbeVerbose.cc -> .o
 [     CXX] X86/sim/power/MathExprPowerModel.py.cc -> .o
 [     CXX] X86/python/_m5/param_ProbeListenerObject.cc -> .o
 [     CXX] src/sim/probe/probe.cc -> X86/sim/probe/probe.o
 [SO Param] m5.objects.MathExprPowerModel, MathExprPowerModel -> X86/python/_m5/param_MathExprPowerModel.cc
 [     CXX] X86/sim/power/PowerModel.py.cc -> .o
 [SO Param] m5.objects.PowerModel, PowerModel -> X86/python/_m5/param_PowerModel.cc
 [ENUM STR] m5.objects.PowerModel, PMType -> X86/enums/PMType.cc
 [SO Param] m5.objects.MathExprPowerModel, MathExprPowerModel -> X86/params/MathExprPowerModel.hh
 [     CXX] X86/python/_m5/param_PowerModel.cc -> .o
 [     CXX] X86/enums/PMType.cc -> .o
 [     CXX] X86/python/_m5/param_MathExprPowerModel.cc -> .o
 [     CXX] X86/sim/power/PowerModelState.py.cc -> .o
 [SO Param] m5.objects.PowerModelState, PowerModelState -> X86/python/_m5/param_PowerModelState.cc
 [     CXX] X86/python/_m5/param_PowerModelState.cc -> .o
 [     CXX] X86/sim/power/ThermalDomain.py.cc -> .o
 [SO Param] m5.objects.ThermalDomain, ThermalDomain -> X86/python/_m5/param_ThermalDomain.cc
 [     CXX] X86/python/_m5/param_ThermalDomain.cc -> .o
 [     CXX] X86/sim/power/ThermalModel.py.cc -> .o
 [SO Param] m5.objects.ThermalModel, ThermalNode -> X86/python/_m5/param_ThermalNode.cc
 [SO Param] m5.objects.ThermalModel, ThermalNode -> X86/params/ThermalNode.hh
 [     CXX] X86/python/_m5/param_ThermalNode.cc -> .o
 [SO Param] m5.objects.ThermalModel, ThermalResistor -> X86/python/_m5/param_ThermalResistor.cc
 [SO Param] m5.objects.ThermalModel, ThermalCapacitor -> X86/python/_m5/param_ThermalCapacitor.cc
 [SO Param] m5.objects.ThermalModel, ThermalResistor -> X86/params/ThermalResistor.hh
 [SO Param] m5.objects.ThermalModel, ThermalReference -> X86/python/_m5/param_ThermalReference.cc
 [SO Param] m5.objects.ThermalModel, ThermalCapacitor -> X86/params/ThermalCapacitor.hh
 [     CXX] X86/python/_m5/param_ThermalResistor.cc -> .o
 [SO Param] m5.objects.ThermalModel, ThermalReference -> X86/params/ThermalReference.hh
 [     CXX] X86/python/_m5/param_ThermalCapacitor.cc -> .o
 [     CXX] X86/python/_m5/param_ThermalReference.cc -> .o
 [SO Param] m5.objects.ThermalModel, ThermalModel -> X86/python/_m5/param_ThermalModel.cc
 [     CXX] X86/python/_m5/param_ThermalModel.cc -> .o
 [     CXX] src/sim/power/power_model.cc -> X86/sim/power/power_model.o
 [     CXX] src/sim/power/mathexpr_powermodel.cc -> X86/sim/power/mathexpr_powermodel.o
 [ TRACING]  -> X86/debug/ThermalDomain.hh
 [     CXX] src/sim/power/thermal_domain.cc -> X86/sim/power/thermal_domain.o
 [     CXX] src/sim/power/thermal_model.cc -> X86/sim/power/thermal_model.o
 [     CXX] src/sim/power/thermal_node.cc -> X86/sim/power/thermal_node.o
 [ TRACING]  -> X86/debug/ThermalDomain.cc
 [     CXX] X86/debug/ThermalDomain.cc -> .o
 [  PROTOC] src/proto/inst_dep_record.proto -> X86/proto/inst_dep_record.pb.cc, X86/proto/inst_dep_record.pb.h
 [     CXX] X86/proto/inst_dep_record.pb.cc -> .o
 [  PROTOC] src/proto/packet.proto -> X86/proto/packet.pb.cc, X86/proto/packet.pb.h
 [     CXX] X86/proto/packet.pb.cc -> .o
 [  PROTOC] src/proto/inst.proto -> X86/proto/inst.pb.cc, X86/proto/inst.pb.h
 [     CXX] X86/proto/inst.pb.cc -> .o
 [     CXX] src/proto/protobuf.cc -> X86/proto/protobuf.o
 [     CXX] src/proto/protoio.cc -> X86/proto/protoio.o
 [     CXX] X86/mem/CommMonitor.py.cc -> .o
 [SO Param] m5.objects.CommMonitor, CommMonitor -> X86/python/_m5/param_CommMonitor.cc
 [ TRACING]  -> X86/debug/CommMonitor.hh
 [SO Param] m5.objects.CommMonitor, CommMonitor -> X86/params/CommMonitor.hh
 [     CXX] X86/mem/AbstractMemory.py.cc -> .o
 [     CXX] X86/python/_m5/param_CommMonitor.cc -> .o
 [     CXX] src/mem/comm_monitor.cc -> X86/mem/comm_monitor.o
 [SO Param] m5.objects.AbstractMemory, AbstractMemory -> X86/python/_m5/param_AbstractMemory.cc
 [     CXX] X86/mem/AddrMapper.py.cc -> .o
 [     CXX] X86/python/_m5/param_AbstractMemory.cc -> .o
 [SO Param] m5.objects.AddrMapper, AddrMapper -> X86/python/_m5/param_AddrMapper.cc
 [SO Param] m5.objects.AddrMapper, AddrMapper -> X86/params/AddrMapper.hh
 [SO Param] m5.objects.AddrMapper, RangeAddrMapper -> X86/params/RangeAddrMapper.hh
 [SO Param] m5.objects.AddrMapper, RangeAddrMapper -> X86/python/_m5/param_RangeAddrMapper.cc
 [     CXX] X86/python/_m5/param_AddrMapper.cc -> .o
 [     CXX] X86/python/_m5/param_RangeAddrMapper.cc -> .o
 [     CXX] X86/mem/Bridge.py.cc -> .o
 [SO Param] m5.objects.Bridge, Bridge -> X86/python/_m5/param_Bridge.cc
 [SO Param] m5.objects.Bridge, Bridge -> X86/params/Bridge.hh
 [     CXX] X86/mem/SysBridge.py.cc -> .o
 [     CXX] X86/python/_m5/param_Bridge.cc -> .o
 [SO Param] m5.objects.SysBridge, SysBridge -> X86/python/_m5/param_SysBridge.cc
 [SO Param] m5.objects.SysBridge, SysBridge -> X86/params/SysBridge.hh
 [ TRACING]  -> X86/debug/SysBridge.hh
 [     CXX] X86/python/_m5/param_SysBridge.cc -> .o
 [ TRACING]  -> X86/debug/SysBridge.cc
 [     CXX] X86/mem/MemCtrl.py.cc -> .o
 [     CXX] X86/debug/SysBridge.cc -> .o
 [SO Param] m5.objects.MemCtrl, MemCtrl -> X86/python/_m5/param_MemCtrl.cc
 [ENUM STR] m5.objects.MemCtrl, MemSched -> X86/enums/MemSched.cc
 [ENUMDECL] m5.objects.MemCtrl, MemSched -> X86/enums/MemSched.hh
 [SO Param] m5.objects.MemCtrl, MemCtrl -> X86/params/MemCtrl.hh
 [     CXX] X86/enums/MemSched.cc -> .o
 [ENUMDECL] m5.objects.MemInterface, AddrMap -> X86/enums/AddrMap.hh
 [ENUMDECL] m5.objects.DRAMInterface, PageManage -> X86/enums/PageManage.hh
 [SO Param] m5.objects.MemInterface, MemInterface -> X86/params/MemInterface.hh
 [ TRACING]  -> X86/debug/QOS.hh
 [SO Param] m5.objects.QoSMemCtrl, QoSMemCtrl -> X86/params/QoSMemCtrl.hh
 [     CXX] X86/mem/HeteroMemCtrl.py.cc -> .o
 [SO Param] m5.objects.HeteroMemCtrl, HeteroMemCtrl -> X86/python/_m5/param_HeteroMemCtrl.cc
 [ENUMDECL] m5.objects.QoSMemCtrl, QoSQPolicy -> X86/enums/QoSQPolicy.hh
 [SO Param] m5.objects.QoSPolicy, QoSPolicy -> X86/params/QoSPolicy.hh
 [SO Param] m5.objects.HeteroMemCtrl, HeteroMemCtrl -> X86/params/HeteroMemCtrl.hh
 [SO Param] m5.objects.NVMInterface, NVMInterface -> X86/params/NVMInterface.hh
 [SO Param] m5.objects.QoSTurnaround, QoSTurnaroundPolicy -> X86/params/QoSTurnaroundPolicy.hh
 [     CXX] X86/mem/HBMCtrl.py.cc -> .o
 [SO Param] m5.objects.HBMCtrl, HBMCtrl -> X86/python/_m5/param_HBMCtrl.cc
 [     CXX] X86/python/_m5/param_HeteroMemCtrl.cc -> .o
 [SO Param] m5.objects.HBMCtrl, HBMCtrl -> X86/params/HBMCtrl.hh
 [SO Param] m5.objects.DRAMInterface, DRAMInterface -> X86/params/DRAMInterface.hh
 [     CXX] X86/python/_m5/param_HBMCtrl.cc -> .o
 [     CXX] X86/python/_m5/param_MemCtrl.cc -> .o
 [     CXX] X86/mem/MemInterface.py.cc -> .o
 [SO Param] m5.objects.MemInterface, MemInterface -> X86/python/_m5/param_MemInterface.cc
 [     CXX] X86/python/_m5/param_MemInterface.cc -> .o
 [ENUM STR] m5.objects.MemInterface, AddrMap -> X86/enums/AddrMap.cc
 [     CXX] X86/enums/AddrMap.cc -> .o
 [     CXX] X86/mem/DRAMInterface.py.cc -> .o
 [SO Param] m5.objects.DRAMInterface, DRAMInterface -> X86/python/_m5/param_DRAMInterface.cc
 [     CXX] X86/python/_m5/param_DRAMInterface.cc -> .o
 [ENUM STR] m5.objects.DRAMInterface, PageManage -> X86/enums/PageManage.cc
 [     CXX] X86/enums/PageManage.cc -> .o
 [     CXX] X86/mem/NVMInterface.py.cc -> .o
 [SO Param] m5.objects.NVMInterface, NVMInterface -> X86/python/_m5/param_NVMInterface.cc
 [     CXX] X86/python/_m5/param_NVMInterface.cc -> .o
 [     CXX] X86/mem/ExternalMaster.py.cc -> .o
 [SO Param] m5.objects.ExternalMaster, ExternalMaster -> X86/python/_m5/param_ExternalMaster.cc
 [SO Param] m5.objects.ExternalMaster, ExternalMaster -> X86/params/ExternalMaster.hh
 [     CXX] X86/mem/ExternalSlave.py.cc -> .o
 [     CXX] X86/python/_m5/param_ExternalMaster.cc -> .o
 [SO Param] m5.objects.ExternalSlave, ExternalSlave -> X86/python/_m5/param_ExternalSlave.cc
 [SO Param] m5.objects.ExternalSlave, ExternalSlave -> X86/params/ExternalSlave.hh
 [     CXX] X86/python/_m5/param_ExternalSlave.cc -> .o
 [     CXX] X86/mem/CfiMemory.py.cc -> .o
 [SO Param] m5.objects.CfiMemory, CfiMemory -> X86/python/_m5/param_CfiMemory.cc
 [SO Param] m5.objects.CfiMemory, CfiMemory -> X86/params/CfiMemory.hh
 [     CXX] X86/python/_m5/param_CfiMemory.cc -> .o
 [     CXX] X86/mem/SharedMemoryServer.py.cc -> .o
 [SO Param] m5.objects.SharedMemoryServer, SharedMemoryServer -> X86/python/_m5/param_SharedMemoryServer.cc
 [SO Param] m5.objects.SharedMemoryServer, SharedMemoryServer -> X86/params/SharedMemoryServer.hh
 [     CXX] X86/mem/SimpleMemory.py.cc -> .o
 [     CXX] X86/python/_m5/param_SharedMemoryServer.cc -> .o
 [SO Param] m5.objects.SimpleMemory, SimpleMemory -> X86/python/_m5/param_SimpleMemory.cc
 [SO Param] m5.objects.SimpleMemory, SimpleMemory -> X86/params/SimpleMemory.hh
 [     CXX] X86/python/_m5/param_SimpleMemory.cc -> .o
 [     CXX] X86/mem/XBar.py.cc -> .o
 [SO Param] m5.objects.XBar, BaseXBar -> X86/python/_m5/param_BaseXBar.cc
 [SO Param] m5.objects.XBar, BaseXBar -> X86/params/BaseXBar.hh
 [     CXX] X86/python/_m5/param_BaseXBar.cc -> .o
 [SO Param] m5.objects.XBar, NoncoherentXBar -> X86/python/_m5/param_NoncoherentXBar.cc
 [SO Param] m5.objects.XBar, NoncoherentXBar -> X86/params/NoncoherentXBar.hh
 [     CXX] X86/python/_m5/param_NoncoherentXBar.cc -> .o
 [SO Param] m5.objects.XBar, CoherentXBar -> X86/python/_m5/param_CoherentXBar.cc
 [SO Param] m5.objects.XBar, CoherentXBar -> X86/params/CoherentXBar.hh
 [SO Param] m5.objects.XBar, SnoopFilter -> X86/params/SnoopFilter.hh
 [SO Param] m5.objects.XBar, SnoopFilter -> X86/python/_m5/param_SnoopFilter.cc
 [     CXX] X86/python/_m5/param_CoherentXBar.cc -> .o
 [     CXX] X86/python/_m5/param_SnoopFilter.cc -> .o
 [     CXX] X86/mem/HMCController.py.cc -> .o
 [SO Param] m5.objects.HMCController, HMCController -> X86/python/_m5/param_HMCController.cc
 [SO Param] m5.objects.HMCController, HMCController -> X86/params/HMCController.hh
 [     CXX] X86/python/_m5/param_HMCController.cc -> .o
 [     CXX] X86/mem/SerialLink.py.cc -> .o
 [SO Param] m5.objects.SerialLink, SerialLink -> X86/python/_m5/param_SerialLink.cc
 [SO Param] m5.objects.SerialLink, SerialLink -> X86/params/SerialLink.hh
 [     CXX] X86/python/_m5/param_SerialLink.cc -> .o
 [     CXX] X86/mem/MemDelay.py.cc -> .o
 [SO Param] m5.objects.MemDelay, MemDelay -> X86/python/_m5/param_MemDelay.cc
 [SO Param] m5.objects.MemDelay, MemDelay -> X86/params/MemDelay.hh
 [SO Param] m5.objects.MemDelay, SimpleMemDelay -> X86/python/_m5/param_SimpleMemDelay.cc
 [     CXX] X86/python/_m5/param_MemDelay.cc -> .o
 [SO Param] m5.objects.MemDelay, SimpleMemDelay -> X86/params/SimpleMemDelay.hh
 [     CXX] X86/python/_m5/param_SimpleMemDelay.cc -> .o
 [     CXX] X86/mem/PortTerminator.py.cc -> .o
 [SO Param] m5.objects.PortTerminator, PortTerminator -> X86/python/_m5/param_PortTerminator.cc
 [     CXX] X86/mem/ThreadBridge.py.cc -> .o
 [SO Param] m5.objects.PortTerminator, PortTerminator -> X86/params/PortTerminator.hh
 [     CXX] X86/python/_m5/param_PortTerminator.cc -> .o
 [SO Param] m5.objects.ThreadBridge, ThreadBridge -> X86/python/_m5/param_ThreadBridge.cc
 [SO Param] m5.objects.ThreadBridge, ThreadBridge -> X86/params/ThreadBridge.hh
 [     CXX] X86/python/_m5/param_ThreadBridge.cc -> .o
 [ TRACING]  -> X86/debug/LLSC.hh
 [ TRACING]  -> X86/debug/MemoryAccess.hh
 [     CXX] src/mem/abstract_mem.cc -> X86/mem/abstract_mem.o
src/mem/abstract_mem.cc:590:9: warning: multi-line comment [-Wcomment]
  590 |         //     panic_if(!pmemAddr, "Swap only works if there is real memory " \
      |         ^
 [     CXX] src/mem/addr_mapper.cc -> X86/mem/addr_mapper.o
 [     CXX] src/mem/backdoor_manager.cc -> X86/mem/backdoor_manager.o
src/mem/abstract_mem.cc: In member function ‘void gem5::memory::AbstractMemory::accessForDyL(gem5::PacketPtr, gem5::PacketPtr)’:
src/mem/abstract_mem.cc:564:36: warning: format ‘%x’ expects argument of type ‘unsigned int’, but argument 3 has type ‘gem5::Addr’ {aka ‘long unsigned int’} [-Wformat=]
  564 |         printf("recv Timing: %s 0x%x\n", pkt->cmdString().c_str(), pkt->getAddr());
      |                                   ~^                               ~~~~~~~~~~~~~~
      |                                    |                                           |
      |                                    unsigned int                                gem5::Addr {aka long unsigned int}
      |                                   %lx
src/mem/abstract_mem.cc: In member function ‘void gem5::memory::AbstractMemory::accessForCompr(gem5::PacketPtr, uint64_t, uint64_t, const Addr&)’:
src/mem/abstract_mem.cc:824:45: warning: format ‘%d’ expects argument of type ‘int’, but argument 2 has type ‘uint64_t’ {aka ‘long unsigned int’} [-Wformat=]
  824 |                     printf("the pageNum is %d\n", ppn);
      |                                            ~^     ~~~
      |                                             |     |
      |                                             int   uint64_t {aka long unsigned int}
      |                                            %ld
src/mem/abstract_mem.cc:929:34: warning: format ‘%lx’ expects argument of type ‘long unsigned int’, but argument 2 has type ‘gem5::PacketPtr’ {aka ‘gem5::Packet*’} [-Wformat=]
  929 |                 printf("marker:%lx\n", pkt);
      |                                ~~^     ~~~
      |                                  |     |
      |                                  |     gem5::PacketPtr {aka gem5::Packet*}
      |                                  long unsigned int
src/mem/abstract_mem.cc:969:38: warning: format ‘%lx’ expects argument of type ‘long unsigned int’, but argument 2 has type ‘gem5::PacketPtr’ {aka ‘gem5::Packet*’} [-Wformat=]
  969 |                     printf("marker:%lx\n", pkt);
      |                                    ~~^     ~~~
      |                                      |     |
      |                                      |     gem5::PacketPtr {aka gem5::Packet*}
      |                                      long unsigned int
src/mem/abstract_mem.cc:989:42: warning: format ‘%d’ expects argument of type ‘int’, but argument 2 has type ‘uint64_t’ {aka ‘long unsigned int’} [-Wformat=]
  989 |                         printf("the ppn %d metadata is: \n", ppn);
      |                                         ~^                   ~~~
      |                                          |                   |
      |                                          int                 uint64_t {aka long unsigned int}
      |                                         %ld
src/mem/abstract_mem.cc:1143:45: warning: format ‘%d’ expects argument of type ‘int’, but argument 2 has type ‘uint64_t’ {aka ‘long unsigned int’} [-Wformat=]
 1143 |                     printf("the pageNum is %d\n", ppn);
      |                                            ~^     ~~~
      |                                             |     |
      |                                             int   uint64_t {aka long unsigned int}
      |                                            %ld
src/mem/abstract_mem.cc:1275:38: warning: format ‘%d’ expects argument of type ‘int’, but argument 2 has type ‘uint64_t’ {aka ‘long unsigned int’} [-Wformat=]
 1275 |                     printf("the ppn %d metadata is: \n", ppn);
      |                                     ~^                   ~~~
      |                                      |                   |
      |                                      int                 uint64_t {aka long unsigned int}
      |                                     %ld
src/mem/abstract_mem.cc: In member function ‘void gem5::memory::AbstractMemory::accessForNew(gem5::PacketPtr, uint8_t)’:
src/mem/abstract_mem.cc:1482:21: warning: unused variable ‘cacheLineIdx’ [-Wunused-variable]
 1482 |             uint8_t cacheLineIdx = (aux_pkt->getAddr() >> 6) & 0x3F;
      |                     ^~~~~~~~~~~~
src/mem/abstract_mem.cc: In member function ‘void gem5::memory::AbstractMemory::accessForSecure(gem5::PacketPtr, long long unsigned int)’:
src/mem/abstract_mem.cc:1662:30: warning: format ‘%lx’ expects argument of type ‘long unsigned int’, but argument 2 has type ‘gem5::PacketPtr’ {aka ‘gem5::Packet*’} [-Wformat=]
 1662 |             printf("marker:%lx\n", pkt);
      |                            ~~^     ~~~
      |                              |     |
      |                              |     gem5::PacketPtr {aka gem5::Packet*}
      |                              long unsigned int
src/mem/abstract_mem.cc:1692:38: warning: format ‘%lx’ expects argument of type ‘long unsigned int’, but argument 2 has type ‘gem5::PacketPtr’ {aka ‘gem5::Packet*’} [-Wformat=]
 1692 |                     printf("marker:%lx\n", pkt);
      |                                    ~~^     ~~~
      |                                      |     |
      |                                      |     gem5::PacketPtr {aka gem5::Packet*}
      |                                      long unsigned int
src/mem/abstract_mem.cc: In member function ‘void gem5::memory::AbstractMemory::comprFunctionalAccess(gem5::PacketPtr, uint64_t, uint64_t, const Addr&)’:
src/mem/abstract_mem.cc:1914:14: warning: unused variable ‘host_addr’ [-Wunused-variable]
 1914 |     uint8_t *host_addr = toHostAddr(pkt->getAddr());
      |              ^~~~~~~~~
src/mem/abstract_mem.cc: In member function ‘void gem5::memory::AbstractMemory::functionalAccessForNew(gem5::PacketPtr, uint64_t, gem5::Addr, int)’:
src/mem/abstract_mem.cc:2338:37: warning: format ‘%d’ expects argument of type ‘int’, but argument 2 has type ‘uint64_t’ {aka ‘long unsigned int’} [-Wformat=]
 2338 |                     printf("ppn is %d, the metadata is:\n", ppn);
      |                                    ~^                       ~~~
      |                                     |                       |
      |                                     int                     uint64_t {aka long unsigned int}
      |                                    %ld
src/mem/abstract_mem.cc:2343:56: warning: format ‘%d’ expects argument of type ‘int’, but argument 2 has type ‘std::vector<unsigned char>::size_type’ {aka ‘long unsigned int’} [-Wformat=]
 2343 |                     printf("the new_cacheline size is %d\n", new_cacheLine.size());
      |                                                       ~^     ~~~~~~~~~~~~~~~~~~~~
      |                                                        |                       |
      |                                                        int                     std::vector<unsigned char>::size_type {aka long unsigned int}
      |                                                       %ld
src/mem/abstract_mem.cc: In member function ‘gem5::Addr gem5::memory::AbstractMemory::secondAddressTranslation(const std::vector<unsigned char>&, uint8_t)’:
src/mem/abstract_mem.cc:3238:13: warning: variable ‘loc’ set but not used [-Wunused-but-set-variable]
 3238 |     uint8_t loc = 0;
      |             ^~~
 [ TRACING]  -> X86/debug/Bridge.hh
 [     CXX] src/mem/bridge.cc -> X86/mem/bridge.o
 [ TRACING]  -> X86/debug/CoherentXBar.hh
 [     CXX] src/mem/coherent_xbar.cc -> X86/mem/coherent_xbar.o
 [ TRACING]  -> X86/debug/CFI.hh
 [     CXX] src/mem/cfi_mem.cc -> X86/mem/cfi_mem.o
 [     CXX] src/mem/drampower.cc -> X86/mem/drampower.o
 [ TRACING]  -> X86/debug/ExternalPort.hh
 [     CXX] src/mem/external_master.cc -> X86/mem/external_master.o
 [     CXX] src/mem/external_slave.cc -> X86/mem/external_slave.o
 [ TRACING]  -> X86/debug/DRAM.hh
 [ TRACING]  -> X86/debug/MemCtrl.hh
 [ TRACING]  -> X86/debug/NVM.hh
 [     CXX] src/mem/mem_ctrl.cc -> X86/mem/mem_ctrl.o
src/mem/mem_ctrl.cc:648:13: warning: multi-line comment [-Wcomment]
  648 |             //     panic_if(!mem_intr->hasValidHostMem(), "Swap only works if there is real memory " \
      |             ^
src/mem/mem_ctrl.cc:3370:25: warning: multi-line comment [-Wcomment]
 3370 |                         // printf("the metadata is :\n");\
      |                         ^
src/mem/mem_ctrl.cc:3379:29: warning: multi-line comment [-Wcomment]
 3379 |                             // printf("now the new metadata is :\n");\
      |                             ^
src/mem/mem_ctrl.cc:10226:17: warning: multi-line comment [-Wcomment]
10226 |                 //     panic_if(!mem_intr->hasValidHostMem(), "Swap only works if there is real memory " \
      |                 ^
src/mem/mem_ctrl.cc:12459:17: warning: multi-line comment [-Wcomment]
12459 |                 // printf("now the new metadata is :\n");\
      |                 ^
 [     CXX] src/mem/hetero_mem_ctrl.cc -> X86/mem/hetero_mem_ctrl.o
 [     CXX] src/mem/hbm_ctrl.cc -> X86/mem/hbm_ctrl.o
In file included from src/mem/mem_ctrl.cc:41:
src/mem/mem_ctrl.hh: In constructor ‘gem5::memory::MemCtrl::MemCtrl(const gem5::MemCtrlParams&)’:
src/mem/mem_ctrl.hh:1016:15: warning: ‘gem5::memory::MemCtrl::readCompressInWait’ will be initialized after [-Wreorder]
 1016 |     PacketPtr readCompressInWait;
      |               ^~~~~~~~~~~~~~~~~~
src/mem/mem_ctrl.hh:1006:10: warning:   ‘bool gem5::memory::MemCtrl::compressColdPageInProcess’ [-Wreorder]
 1006 |     bool compressColdPageInProcess;
      |          ^~~~~~~~~~~~~~~~~~~~~~~~~
src/mem/mem_ctrl.cc:122:1: warning:   when initialized here [-Wreorder]
  122 | MemCtrl::MemCtrl(const MemCtrlParams &p) :
      | ^~~~~~~
In file included from src/mem/mem_ctrl.cc:41:
src/mem/mem_ctrl.hh:1052:14: warning: ‘gem5::memory::MemCtrl::pktInProcess’ will be initialized after [-Wreorder]
 1052 |     uint64_t pktInProcess;
      |              ^~~~~~~~~~~~
src/mem/mem_ctrl.hh:994:14: warning:   ‘uint64_t gem5::memory::MemCtrl::startAddrForCTE’ [-Wreorder]
  994 |     uint64_t startAddrForCTE;
      |              ^~~~~~~~~~~~~~~
src/mem/mem_ctrl.cc:122:1: warning:   when initialized here [-Wreorder]
  122 | MemCtrl::MemCtrl(const MemCtrlParams &p) :
      | ^~~~~~~
In file included from src/mem/mem_ctrl.cc:41:
src/mem/mem_ctrl.hh:995:14: warning: ‘gem5::memory::MemCtrl::startAddrForPreGather’ will be initialized after [-Wreorder]
  995 |     uint64_t startAddrForPreGather;
      |              ^~~~~~~~~~~~~~~~~~~~~
src/mem/mem_ctrl.hh:982:14: warning:   ‘uint64_t gem5::memory::MemCtrl::decompress_latency’ [-Wreorder]
  982 |     uint64_t decompress_latency;
      |              ^~~~~~~~~~~~~~~~~~
src/mem/mem_ctrl.cc:122:1: warning:   when initialized here [-Wreorder]
  122 | MemCtrl::MemCtrl(const MemCtrlParams &p) :
      | ^~~~~~~
In file included from src/mem/mem_ctrl.cc:41:
src/mem/mem_ctrl.hh:983:14: warning: ‘gem5::memory::MemCtrl::compress_latency’ will be initialized after [-Wreorder]
  983 |     uint64_t compress_latency;
      |              ^~~~~~~~~~~~~~~~
src/mem/mem_ctrl.hh:833:14: warning:   ‘uint64_t gem5::memory::MemCtrl::expectReadQueueSize’ [-Wreorder]
  833 |     uint64_t expectReadQueueSize;
      |              ^~~~~~~~~~~~~~~~~~~
src/mem/mem_ctrl.cc:122:1: warning:   when initialized here [-Wreorder]
  122 | MemCtrl::MemCtrl(const MemCtrlParams &p) :
      | ^~~~~~~
In file included from src/mem/mem_ctrl.cc:41:
src/mem/mem_ctrl.hh:1062:10: warning: ‘gem5::memory::MemCtrl::blockedForSecure’ will be initialized after [-Wreorder]
 1062 |     bool blockedForSecure;
      |          ^~~~~~~~~~~~~~~~
src/mem/mem_ctrl.hh:1058:15: warning:   ‘gem5::Packet* gem5::memory::MemCtrl::pendingPktForSecure’ [-Wreorder]
 1058 |     PacketPtr pendingPktForSecure;
      |               ^~~~~~~~~~~~~~~~~~~
src/mem/mem_ctrl.cc:122:1: warning:   when initialized here [-Wreorder]
  122 | MemCtrl::MemCtrl(const MemCtrlParams &p) :
      | ^~~~~~~
src/mem/mem_ctrl.cc:184:50: warning: format ‘%lld’ expects argument of type ‘long long int’, but argument 2 has type ‘gem5::Tick’ {aka ‘long unsigned int’} [-Wformat=]
  184 |     printf("the record interval is setting to %lld\n", recordInterval);
      |                                               ~~~^     ~~~~~~~~~~~~~~
      |                                                  |     |
      |                                                  |     gem5::Tick {aka long unsigned int}
      |                                                  long long int
      |                                               %ld
src/mem/mem_ctrl.cc: In member function ‘virtual void gem5::memory::MemCtrl::init()’:
src/mem/mem_ctrl.cc:248:34: warning: format ‘%lld’ expects argument of type ‘long long int’, but argument 2 has type ‘uint64_t’ {aka ‘long unsigned int’} [-Wformat=]
  248 |         printf("OSPACapacity: %lld\n", OSPACapacity);
      |                               ~~~^     ~~~~~~~~~~~~
      |                                  |     |
      |                                  |     uint64_t {aka long unsigned int}
      |                                  long long int
      |                               %ld
src/mem/mem_ctrl.cc:250:34: warning: format ‘%lld’ expects argument of type ‘long long int’, but argument 2 has type ‘uint64_t’ {aka ‘long unsigned int’} [-Wformat=]
  250 |         printf("dramCapacity: %lld\n", dramCapacity);
      |                               ~~~^     ~~~~~~~~~~~~
      |                                  |     |
      |                                  |     uint64_t {aka long unsigned int}
      |                                  long long int
      |                               %ld
src/mem/mem_ctrl.cc:266:62: warning: format ‘%lld’ expects argument of type ‘long long int’, but argument 2 has type ‘uint64_t’ {aka ‘long unsigned int’} [-Wformat=]
  266 |         printf("Initial: the threshold of memory usage is %lld\n", memoryUsageThreshold);
      |                                                           ~~~^     ~~~~~~~~~~~~~~~~~~~~
      |                                                              |     |
      |                                                              |     uint64_t {aka long unsigned int}
      |                                                              long long int
      |                                                           %ld
src/mem/mem_ctrl.cc:269:61: warning: format ‘%lld’ expects argument of type ‘long long int’, but argument 2 has type ‘uint64_t’ {aka ‘long unsigned int’} [-Wformat=]
  269 |         printf("Initial: the total num of page groups is %lld\n", page_group_num);
      |                                                          ~~~^     ~~~~~~~~~~~~~~
      |                                                             |     |
      |                                                             |     uint64_t {aka long unsigned int}
      |                                                             long long int
      |                                                          %ld
src/mem/mem_ctrl.cc:299:52: warning: format ‘%d’ expects argument of type ‘int’, but argument 2 has type ‘gem5::Addr’ {aka ‘long unsigned int’} [-Wformat=]
  299 |         printf("=========\n\nthe realStartAddr is %d\n\n", realStartAddr);
      |                                                   ~^       ~~~~~~~~~~~~~
      |                                                    |       |
      |                                                    int     gem5::Addr {aka long unsigned int}
      |                                                   %ld
src/mem/mem_ctrl.cc: In member function ‘virtual void gem5::memory::MemCtrl::serialize(gem5::CheckpointOut&) const’:
src/mem/mem_ctrl.cc:331:48: warning: format ‘%d’ expects argument of type ‘int’, but argument 2 has type ‘std::__cxx11::list<long unsigned int>::size_type’ {aka ‘long unsigned int’} [-Wformat=]
  331 |         printf("the size of largeChunkList is %d\n", largeChunkList.size());
      |                                               ~^     ~~~~~~~~~~~~~~~~~~~~~
      |                                                |                        |
      |                                                int                      std::__cxx11::list<long unsigned int>::size_type {aka long unsigned int}
      |                                               %ld
src/mem/mem_ctrl.cc:332:48: warning: format ‘%d’ expects argument of type ‘int’, but argument 2 has type ‘std::__cxx11::list<long unsigned int>::size_type’ {aka ‘long unsigned int’} [-Wformat=]
  332 |         printf("the size of smallChunkList is %d\n", smallChunkList.size());
      |                                               ~^     ~~~~~~~~~~~~~~~~~~~~~
      |                                                |                        |
      |                                                int                      std::__cxx11::list<long unsigned int>::size_type {aka long unsigned int}
      |                                               %ld
src/mem/mem_ctrl.cc: In member function ‘virtual void gem5::memory::MemCtrl::unserialize(gem5::CheckpointIn&)’:
src/mem/mem_ctrl.cc:360:48: warning: format ‘%d’ expects argument of type ‘int’, but argument 2 has type ‘std::__cxx11::list<long unsigned int>::size_type’ {aka ‘long unsigned int’} [-Wformat=]
  360 |         printf("the size of largeChunkList is %d\n", largeChunkList.size());
      |                                               ~^     ~~~~~~~~~~~~~~~~~~~~~
      |                                                |                        |
      |                                                int                      std::__cxx11::list<long unsigned int>::size_type {aka long unsigned int}
      |                                               %ld
src/mem/mem_ctrl.cc:361:48: warning: format ‘%d’ expects argument of type ‘int’, but argument 2 has type ‘std::__cxx11::list<long unsigned int>::size_type’ {aka ‘long unsigned int’} [-Wformat=]
  361 |         printf("the size of smallChunkList is %d\n", smallChunkList.size());
      |                                               ~^     ~~~~~~~~~~~~~~~~~~~~~
      |                                                |                        |
      |                                                int                      std::__cxx11::list<long unsigned int>::size_type {aka long unsigned int}
      |                                               %ld
src/mem/mem_ctrl.cc: In member function ‘gem5::Tick gem5::memory::MemCtrl::recvAtomicLogic(gem5::PacketPtr, gem5::memory::MemInterface*)’:
src/mem/mem_ctrl.cc:441:36: warning: format ‘%x’ expects argument of type ‘unsigned int’, but argument 3 has type ‘gem5::Addr’ {aka ‘long unsigned int’} [-Wformat=]
  441 |         printf("recv Atomic: %s 0x%x\n", pkt->cmdString().c_str(), pkt->getAddr());
      |                                   ~^                               ~~~~~~~~~~~~~~
      |                                    |                                           |
      |                                    unsigned int                                gem5::Addr {aka long unsigned int}
      |                                   %lx
src/mem/mem_ctrl.cc: In member function ‘gem5::Tick gem5::memory::MemCtrl::recvAtomicLogicForCompr(gem5::PacketPtr, gem5::memory::MemInterface*)’:
src/mem/mem_ctrl.cc:719:22: warning: unused variable ‘mAddr’ [-Wunused-variable]
  719 |                 Addr mAddr = ppn * 64;
      |                      ^~~~~
src/mem/mem_ctrl.cc: In member function ‘gem5::Tick gem5::memory::MemCtrl::recvAtomicLogicForDyL(gem5::PacketPtr, gem5::memory::MemInterface*)’:
src/mem/mem_ctrl.cc:921:36: warning: format ‘%x’ expects argument of type ‘unsigned int’, but argument 3 has type ‘gem5::Addr’ {aka ‘long unsigned int’} [-Wformat=]
  921 |         printf("recv Atomic: %s 0x%x\n", pkt->cmdString().c_str(), pkt->getAddr());
      |                                   ~^                               ~~~~~~~~~~~~~~
      |                                    |                                           |
      |                                    unsigned int                                gem5::Addr {aka long unsigned int}
      |                                   %lx
src/mem/mem_ctrl.cc:1070:54: warning: format ‘%d’ expects argument of type ‘int’, but argument 4 has type ‘std::vector<unsigned char>::size_type’ {aka ‘long unsigned int’} [-Wformat=]
 1070 |         printf("Line %d: the addr is 0x%lx, size is %d\n", __LINE__, cteAddrAligned, cacheLine.size());
      |                                                     ~^                               ~~~~~~~~~~~~~~~~
      |                                                      |                                             |
      |                                                      int                                           std::vector<unsigned char>::size_type {aka long unsigned int}
      |                                                     %ld
src/mem/mem_ctrl.cc:1113:35: warning: format ‘%d’ expects argument of type ‘int’, but argument 2 has type ‘uint64_t’ {aka ‘long unsigned int’} [-Wformat=]
 1113 |             printf("the cSize is %d\n", cSize);
      |                                  ~^     ~~~~~
      |                                   |     |
      |                                   int   uint64_t {aka long unsigned int}
      |                                  %ld
src/mem/mem_ctrl.cc:1114:40: warning: format ‘%lx’ expects a matching ‘long unsigned int’ argument [-Wformat=]
 1114 |             printf("the old cte is 0x%lx\n");
      |                                      ~~^
      |                                        |
      |                                        long unsigned int
src/mem/mem_ctrl.cc: In member function ‘gem5::Tick gem5::memory::MemCtrl::recvAtomicLogicForNew(gem5::PacketPtr, gem5::memory::MemInterface*)’:
src/mem/mem_ctrl.cc:1226:36: warning: format ‘%x’ expects argument of type ‘unsigned int’, but argument 3 has type ‘gem5::Addr’ {aka ‘long unsigned int’} [-Wformat=]
 1226 |         printf("recv Atomic: %s 0x%x\n", pkt->cmdString().c_str(), pkt->getAddr());
      |                                   ~^                               ~~~~~~~~~~~~~~
      |                                    |                                           |
      |                                    unsigned int                                gem5::Addr {aka long unsigned int}
      |                                   %lx
src/mem/mem_ctrl.cc:1468:10: warning: unused variable ‘needsResponse’ [-Wunused-variable]
 1468 |     bool needsResponse = pkt->needsResponse();
      |          ^~~~~~~~~~~~~
src/mem/mem_ctrl.cc: In member function ‘gem5::Tick gem5::memory::MemCtrl::recvAtomicLogicForSecure(gem5::PacketPtr, gem5::memory::MemInterface*)’:
src/mem/mem_ctrl.cc:1514:36: warning: format ‘%x’ expects argument of type ‘unsigned int’, but argument 3 has type ‘gem5::Addr’ {aka ‘long unsigned int’} [-Wformat=]
 1514 |         printf("recv Atomic: %s 0x%x\n", pkt->cmdString().c_str(), pkt->getAddr());
      |                                   ~^                               ~~~~~~~~~~~~~~
      |                                    |                                           |
      |                                    unsigned int                                gem5::Addr {aka long unsigned int}
      |                                   %lx
src/mem/mem_ctrl.cc:1530:49: warning: format ‘%lx’ expects argument of type ‘long unsigned int’, but argument 2 has type ‘int’ [-Wformat=]
 1530 |         printf("the first elem of metadata is %lx\n", metaDataEntry[0]);
      |                                               ~~^
      |                                                 |
      |                                                 long unsigned int
      |                                               %x
src/mem/mem_ctrl.cc:1568:31: warning: format ‘%lx’ expects argument of type ‘long unsigned int’, but argument 2 has type ‘int’ [-Wformat=]
 1568 |                     printf("%lx ", evicted_matedata_entry[i]);
      |                             ~~^
      |                               |
      |                               long unsigned int
      |                             %x
src/mem/mem_ctrl.cc:1640:35: warning: format ‘%lx’ expects argument of type ‘long unsigned int’, but argument 2 has type ‘int’ [-Wformat=]
 1640 |                         printf("%lx ", evicted_metaData[i]);
      |                                 ~~^
      |                                   |
      |                                   long unsigned int
      |                                 %x
src/mem/mem_ctrl.cc:1663:31: warning: format ‘%lx’ expects argument of type ‘long unsigned int’, but argument 2 has type ‘int’ [-Wformat=]
 1663 |                     printf("%lx ", metaData[i]);
      |                             ~~^
      |                               |
      |                               long unsigned int
      |                             %x
src/mem/mem_ctrl.cc: In member function ‘bool gem5::memory::MemCtrl::addToReadQueueForNew(gem5::PacketPtr, unsigned int, gem5::memory::MemInterface*)’:
src/mem/mem_ctrl.cc:2760:13: warning: unused variable ‘ppn’ [-Wunused-variable]
 2760 |         PPN ppn = (ospa_addr >> 12 & ((1ULL << 52) - 1));
      |             ^~~
src/mem/mem_ctrl.cc:2761:17: warning: unused variable ‘cacheLineIdx’ [-Wunused-variable]
 2761 |         uint8_t cacheLineIdx = (ospa_addr >> 6) & 0x3F;
      |                 ^~~~~~~~~~~~
src/mem/mem_ctrl.cc:2837:13: warning: unused variable ‘ppn’ [-Wunused-variable]
 2837 |         PPN ppn = (addr >> 12 & ((1ULL << 52) - 1));
      |             ^~~
src/mem/mem_ctrl.cc:2838:17: warning: unused variable ‘cacheLineIdx’ [-Wunused-variable]
 2838 |         uint8_t cacheLineIdx = (addr >> 6) & 0x3F;
      |                 ^~~~~~~~~~~~
src/mem/mem_ctrl.cc: In member function ‘bool gem5::memory::MemCtrl::addToWriteQueueForCompr(gem5::PacketPtr, unsigned int, gem5::memory::MemInterface*)’:
src/mem/mem_ctrl.cc:3194:18: warning: unused variable ‘crossBoundary’ [-Wunused-variable]
 3194 |             bool crossBoundary = false;
      |                  ^~~~~~~~~~~~~
src/mem/mem_ctrl.cc:3196:22: warning: variable ‘real_size’ set but not used [-Wunused-but-set-variable]
 3196 |             unsigned real_size = size;
      |                      ^~~~~~~~~
In file included from /usr/include/c++/11/cassert:44,
                 from ext/drampower/src/MemorySpecification.h:41,
                 from ext/drampower/src/MemCommand.h:45,
                 from ext/drampower/src/CommandAnalysis.h:53,
                 from ext/drampower/src/libdrampower/LibDRAMPower.h:48,
                 from src/mem/drampower.hh:46,
                 from src/mem/dram_interface.hh:49,
                 from src/mem/mem_ctrl.cc:49:
src/mem/mem_ctrl.cc:3496:50: warning: suggest parentheses around assignment used as truth value [-Wparentheses]
 3496 |                             assert(memPktAddr[1] = endAddrAligned);
src/mem/mem_ctrl.cc:3688:18: warning: unused variable ‘crossBoundary’ [-Wunused-variable]
 3688 |             bool crossBoundary = false;
      |                  ^~~~~~~~~~~~~
src/mem/mem_ctrl.cc: In member function ‘bool gem5::memory::MemCtrl::addToWriteQueueForNew(gem5::PacketPtr, unsigned int, gem5::memory::MemInterface*)’:
src/mem/mem_ctrl.cc:4214:14: warning: unused variable ‘new_size’ [-Wunused-variable]
 4214 |     uint64_t new_size = ((((base_addr + pkt->getSize()) + (burst_size - 1)) >> 6) << 6) - addrAligned;
      |              ^~~~~~~~
src/mem/mem_ctrl.cc: In member function ‘virtual bool gem5::memory::MemCtrl::recvTimingReq(gem5::PacketPtr)’:
src/mem/mem_ctrl.cc:4372:46: warning: format ‘%x’ expects argument of type ‘unsigned int’, but argument 3 has type ‘gem5::Addr’ {aka ‘long unsigned int’} [-Wformat=]
 4372 |         printf("[For test] request %s addr %#x size %d\n",
      |                                            ~~^
      |                                              |
      |                                              unsigned int
      |                                            %#lx
 4373 |                     pkt->cmdString().c_str(), pkt->getAddr(), pkt->getSize());
      |                                               ~~~~~~~~~~~~~~
      |                                                           |
      |                                                           gem5::Addr {aka long unsigned int}
src/mem/mem_ctrl.cc:4379:30: warning: format ‘%llx’ expects argument of type ‘long long unsigned int’, but argument 2 has type ‘gem5::PacketPtr’ {aka ‘gem5::Packet*’} [-Wformat=]
 4379 |         printf("rev pkt 0x%llx\n", pkt);
      |                           ~~~^     ~~~
      |                              |     |
      |                              |     gem5::PacketPtr {aka gem5::Packet*}
      |                              long long unsigned int
src/mem/mem_ctrl.cc:4384:46: warning: format ‘%x’ expects argument of type ‘unsigned int’, but argument 3 has type ‘gem5::Addr’ {aka ‘long unsigned int’} [-Wformat=]
 4384 |         printf("[For test] request %s addr %#x size %d\n",
      |                                            ~~^
      |                                              |
      |                                              unsigned int
      |                                            %#lx
 4385 |                     pkt->cmdString().c_str(), pkt->getAddr(), pkt->getSize());
      |                                               ~~~~~~~~~~~~~~
      |                                                           |
      |                                                           gem5::Addr {aka long unsigned int}
src/mem/mem_ctrl.cc: In member function ‘bool gem5::memory::MemCtrl::recvTimingReqLogic(gem5::PacketPtr)’:
src/mem/mem_ctrl.cc:4437:68: warning: format ‘%x’ expects argument of type ‘unsigned int’, but argument 3 has type ‘gem5::Addr’ {aka ‘long unsigned int’} [-Wformat=]
 4437 |                 printf("marker accept TimingReq: request %s addr %#x size %d\n",
      |                                                                  ~~^
      |                                                                    |
      |                                                                    unsigned int
      |                                                                  %#lx
 4438 |                     pkt->cmdString().c_str(), pkt->getAddr(), pkt->getSize());
      |                                               ~~~~~~~~~~~~~~        
      |                                                           |
      |                                                           gem5::Addr {aka long unsigned int}
src/mem/mem_ctrl.cc:4439:27: warning: format ‘%lx’ expects argument of type ‘long unsigned int’, but argument 2 has type ‘gem5::PacketPtr’ {aka ‘gem5::Packet*’} [-Wformat=]
 4439 |                 printf("%lx\n", pkt);
      |                         ~~^     ~~~
      |                           |     |
      |                           |     gem5::PacketPtr {aka gem5::Packet*}
      |                           long unsigned int
src/mem/mem_ctrl.cc:4471:68: warning: format ‘%x’ expects argument of type ‘unsigned int’, but argument 3 has type ‘gem5::Addr’ {aka ‘long unsigned int’} [-Wformat=]
 4471 |                 printf("marker accept TimingReq: request %s addr %#x size %d\n",
      |                                                                  ~~^
      |                                                                    |
      |                                                                    unsigned int
      |                                                                  %#lx
 4472 |                     pkt->cmdString().c_str(), pkt->getAddr(), pkt->getSize());
      |                                               ~~~~~~~~~~~~~~        
      |                                                           |
      |                                                           gem5::Addr {aka long unsigned int}
src/mem/mem_ctrl.cc:4473:27: warning: format ‘%lx’ expects argument of type ‘long unsigned int’, but argument 2 has type ‘gem5::PacketPtr’ {aka ‘gem5::Packet*’} [-Wformat=]
 4473 |                 printf("%lx\n", pkt);
      |                         ~~^     ~~~
      |                           |     |
      |                           |     gem5::PacketPtr {aka gem5::Packet*}
      |                           long unsigned int
src/mem/mem_ctrl.cc: In member function ‘bool gem5::memory::MemCtrl::recvTimingReqLogicForCompr(gem5::PacketPtr, bool)’:
src/mem/mem_ctrl.cc:4629:60: warning: format ‘%x’ expects argument of type ‘unsigned int’, but argument 3 has type ‘gem5::Addr’ {aka ‘long unsigned int’} [-Wformat=]
 4629 |         printf("marker accept TimingReq: request %s addr %#x size %d\n",
      |                                                          ~~^
      |                                                            |
      |                                                            unsigned int
      |                                                          %#lx
 4630 |             pkt->cmdString().c_str(), pkt->getAddr(), pkt->getSize());
      |                                       ~~~~~~~~~~~~~~        
      |                                                   |
      |                                                   gem5::Addr {aka long unsigned int}
src/mem/mem_ctrl.cc:4631:19: warning: format ‘%lx’ expects argument of type ‘long unsigned int’, but argument 2 has type ‘gem5::PacketPtr’ {aka ‘gem5::Packet*’} [-Wformat=]
 4631 |         printf("%lx\n", auxPkt);
      |                 ~~^     ~~~~~~
      |                   |     |
      |                   |     gem5::PacketPtr {aka gem5::Packet*}
      |                   long unsigned int
src/mem/mem_ctrl.cc: In member function ‘std::pair<long unsigned int, unsigned int> gem5::memory::MemCtrl::parsePageInfoForDyL(const std::vector<unsigned char>&, uint32_t, uint8_t, gem5::memory::MemCtrl::PPN)’:
src/mem/mem_ctrl.cc:4702:42: warning: format ‘%llx’ expects argument of type ‘long long unsigned int’, but argument 2 has type ‘uint64_t’ {aka ‘long unsigned int’} [-Wformat=]
 4702 |             printf("the readed CTE is %llx\n", for_test);
      |                                       ~~~^     ~~~~~~~~
      |                                          |     |
      |                                          |     uint64_t {aka long unsigned int}
      |                                          long long unsigned int
      |                                       %lx
In file included from /usr/include/c++/11/cassert:44,
                 from ext/drampower/src/MemorySpecification.h:41,
                 from ext/drampower/src/MemCommand.h:45,
                 from ext/drampower/src/CommandAnalysis.h:53,
                 from ext/drampower/src/libdrampower/LibDRAMPower.h:48,
                 from src/mem/drampower.hh:46,
                 from src/mem/dram_interface.hh:49,
                 from src/mem/mem_ctrl.cc:49:
src/mem/mem_ctrl.cc: In member function ‘bool gem5::memory::MemCtrl::recvTimingReqLogicForDyL(gem5::PacketPtr, bool)’:
src/mem/mem_ctrl.cc:4803:25: warning: comparison of unsigned expression in ‘>= 0’ is always true [-Wtype-limits]
 4803 |     assert(preGatherOft >= 0);
      |            ~~~~~~~~~~~~~^~~~
src/mem/mem_ctrl.cc:4847:38: warning: format ‘%d’ expects argument of type ‘int’, but argument 2 has type ‘uint64_t’ {aka ‘long unsigned int’} [-Wformat=]
 4847 |             printf("pktinProcess is %d\n", pktInProcess);
      |                                     ~^     ~~~~~~~~~~~~
      |                                      |     |
      |                                      int   uint64_t {aka long unsigned int}
      |                                     %ld
src/mem/mem_ctrl.cc:4848:46: warning: format ‘%d’ expects argument of type ‘int’, but argument 2 has type ‘uint64_t’ {aka ‘long unsigned int’} [-Wformat=]
 4848 |             printf("expectWriteQueueSize is %d\n", expectWriteQueueSize);
      |                                             ~^     ~~~~~~~~~~~~~~~~~~~~
      |                                              |     |
      |                                              int   uint64_t {aka long unsigned int}
      |                                             %ld
src/mem/mem_ctrl.cc:4858:68: warning: format ‘%x’ expects argument of type ‘unsigned int’, but argument 3 has type ‘gem5::Addr’ {aka ‘long unsigned int’} [-Wformat=]
 4858 |                 printf("marker accept TimingReq: request %s addr %#x size %d\n",
      |                                                                  ~~^
      |                                                                    |
      |                                                                    unsigned int
      |                                                                  %#lx
 4859 |                     pkt->cmdString().c_str(), pkt->getAddr(), pkt->getSize());
      |                                               ~~~~~~~~~~~~~~        
      |                                                           |
      |                                                           gem5::Addr {aka long unsigned int}
src/mem/mem_ctrl.cc:4860:27: warning: format ‘%lx’ expects argument of type ‘long unsigned int’, but argument 2 has type ‘gem5::PacketPtr’ {aka ‘gem5::Packet*’} [-Wformat=]
 4860 |                 printf("%lx\n", auxPkt);
      |                         ~~^     ~~~~~~
      |                           |     |
      |                           |     gem5::PacketPtr {aka gem5::Packet*}
      |                           long unsigned int
src/mem/mem_ctrl.cc:4894:43: warning: format ‘%lld’ expects argument of type ‘long long int’, but argument 2 has type ‘gem5::memory::MemCtrl::PPN’ {aka ‘long unsigned int’} [-Wformat=]
 4894 |                     printf("the ppn is %lld\n", ppn);
      |                                        ~~~^     ~~~
      |                                           |     |
      |                                           |     gem5::memory::MemCtrl::PPN {aka long unsigned int}
      |                                           long long int
      |                                        %ld
src/mem/mem_ctrl.cc:4897:66: warning: format ‘%llx’ expects argument of type ‘long long unsigned int’, but argument 2 has type ‘gem5::PacketPtr’ {aka ‘gem5::Packet*’} [-Wformat=]
 4897 |                     printf("the readCompress pkt address is 0x%llx\n", readCompress);
      |                                                               ~~~^     ~~~~~~~~~~~~
      |                                                                  |     |
      |                                                                  |     gem5::PacketPtr {aka gem5::Packet*}
      |                                                                  long long unsigned int
src/mem/mem_ctrl.cc:4951:38: warning: format ‘%d’ expects argument of type ‘int’, but argument 2 has type ‘uint64_t’ {aka ‘long unsigned int’} [-Wformat=]
 4951 |             printf("pktinProcess is %d\n", pktInProcess);
      |                                     ~^     ~~~~~~~~~~~~
      |                                      |     |
      |                                      int   uint64_t {aka long unsigned int}
      |                                     %ld
src/mem/mem_ctrl.cc:4952:45: warning: format ‘%d’ expects argument of type ‘int’, but argument 2 has type ‘uint64_t’ {aka ‘long unsigned int’} [-Wformat=]
 4952 |             printf("expectReadQueueSize is %d\n", expectReadQueueSize);
      |                                            ~^     ~~~~~~~~~~~~~~~~~~~
      |                                             |     |
      |                                             int   uint64_t {aka long unsigned int}
      |                                            %ld
src/mem/mem_ctrl.cc:4961:68: warning: format ‘%x’ expects argument of type ‘unsigned int’, but argument 3 has type ‘gem5::Addr’ {aka ‘long unsigned int’} [-Wformat=]
 4961 |                 printf("marker accept TimingReq: request %s addr %#x size %d\n",
      |                                                                  ~~^
      |                                                                    |
      |                                                                    unsigned int
      |                                                                  %#lx
 4962 |                     pkt->cmdString().c_str(), pkt->getAddr(), pkt->getSize());
      |                                               ~~~~~~~~~~~~~~        
      |                                                           |
      |                                                           gem5::Addr {aka long unsigned int}
src/mem/mem_ctrl.cc:4963:27: warning: format ‘%lx’ expects argument of type ‘long unsigned int’, but argument 2 has type ‘gem5::PacketPtr’ {aka ‘gem5::Packet*’} [-Wformat=]
 4963 |                 printf("%lx\n", auxPkt);
      |                         ~~^     ~~~~~~
      |                           |     |
      |                           |     gem5::PacketPtr {aka gem5::Packet*}
      |                           long unsigned int
src/mem/mem_ctrl.cc:4993:43: warning: format ‘%lld’ expects argument of type ‘long long int’, but argument 2 has type ‘gem5::memory::MemCtrl::PPN’ {aka ‘long unsigned int’} [-Wformat=]
 4993 |                     printf("the ppn is %lld\n", ppn);
      |                                        ~~~^     ~~~
      |                                           |     |
      |                                           |     gem5::memory::MemCtrl::PPN {aka long unsigned int}
      |                                           long long int
      |                                        %ld
src/mem/mem_ctrl.cc:4998:56: warning: format ‘%llx’ expects argument of type ‘long long unsigned int’, but argument 2 has type ‘gem5::Addr’ {aka ‘long unsigned int’} [-Wformat=]
 4998 |                     printf("the cteAlignedAddr is 0x%llx\n", cteAddrAligned);
      |                                                     ~~~^     ~~~~~~~~~~~~~~
      |                                                        |     |
      |                                                        |     gem5::Addr {aka long unsigned int}
      |                                                        long long unsigned int
      |                                                     %lx
src/mem/mem_ctrl.cc:4999:66: warning: format ‘%llx’ expects argument of type ‘long long unsigned int’, but argument 2 has type ‘gem5::PacketPtr’ {aka ‘gem5::Packet*’} [-Wformat=]
 4999 |                     printf("the readCompress pkt address is 0x%llx\n", readCompress);
      |                                                               ~~~^     ~~~~~~~~~~~~
      |                                                                  |     |
      |                                                                  |     gem5::PacketPtr {aka gem5::Packet*}
      |                                                                  long long unsigned int
src/mem/mem_ctrl.cc:5009:49: warning: format ‘%lld’ expects argument of type ‘long long int’, but argument 2 has type ‘std::__cxx11::list<gem5::Packet*>::size_type’ {aka ‘long unsigned int’} [-Wformat=]
 5009 |                     printf("inProcessSize 2: %lld\n", inProcessPkts.size());
      |                                              ~~~^     ~~~~~~~~~~~~~~~~~~~~
      |                                                 |                       |
      |                                                 long long int           std::__cxx11::list<gem5::Packet*>::size_type {aka long unsigned int}
      |                                              %ld
src/mem/mem_ctrl.cc: In member function ‘bool gem5::memory::MemCtrl::recvTimingReqLogicForSecure(gem5::PacketPtr, bool)’:
src/mem/mem_ctrl.cc:5491:81: warning: format ‘%d’ expects argument of type ‘int’, but argument 3 has type ‘uint64_t’ {aka ‘long unsigned int’} [-Wformat=]
 5491 |             printf("write queue full. pkt count is %d, expectWriteQueueSize is %d\n", pkt_count, expectWriteQueueSize);
      |                                                                                ~^                ~~~~~~~~~~~~~~~~~~~~
      |                                                                                 |                |
      |                                                                                 int              uint64_t {aka long unsigned int}
      |                                                                                %ld
src/mem/mem_ctrl.cc:5505:79: warning: format ‘%d’ expects argument of type ‘int’, but argument 3 has type ‘uint64_t’ {aka ‘long unsigned int’} [-Wformat=]
 5505 |             printf("read queue full. pkt count is %d, expectReadQueueSize is %d, respQueue size %d\n", pkt_count, expectReadQueueSize, respQueue.size());
      |                                                                              ~^                                   ~~~~~~~~~~~~~~~~~~~
      |                                                                               |                                   |
      |                                                                               int                                 uint64_t {aka long unsigned int}
      |                                                                              %ld
src/mem/mem_ctrl.cc:5505:98: warning: format ‘%d’ expects argument of type ‘int’, but argument 4 has type ‘std::deque<gem5::memory::MemPacket*>::size_type’ {aka ‘long unsigned int’} [-Wformat=]
 5505 |             printf("read queue full. pkt count is %d, expectReadQueueSize is %d, respQueue size %d\n", pkt_count, expectReadQueueSize, respQueue.size());
      |                                                                                                 ~^                                     ~~~~~~~~~~~~~~~~
      |                                                                                                  |                                                   |
      |                                                                                                  int                                                 std::deque<gem5::memory::MemPacket*>::size_type {aka long unsigned int}
      |                                                                                                 %ld
src/mem/mem_ctrl.cc:5516:60: warning: format ‘%x’ expects argument of type ‘unsigned int’, but argument 3 has type ‘gem5::Addr’ {aka ‘long unsigned int’} [-Wformat=]
 5516 |         printf("marker accept TimingReq: request %s addr %#x size %d\n",
      |                                                          ~~^
      |                                                            |
      |                                                            unsigned int
      |                                                          %#lx
 5517 |             pkt->cmdString().c_str(), pkt->getAddr(), pkt->getSize());
      |                                       ~~~~~~~~~~~~~~        
      |                                                   |
      |                                                   gem5::Addr {aka long unsigned int}
src/mem/mem_ctrl.cc:5518:19: warning: format ‘%lx’ expects argument of type ‘long unsigned int’, but argument 2 has type ‘gem5::PacketPtr’ {aka ‘gem5::Packet*’} [-Wformat=]
 5518 |         printf("%lx\n", auxPkt);
      |                 ~~^     ~~~~~~
      |                   |     |
      |                   |     gem5::PacketPtr {aka gem5::Packet*}
      |                   long unsigned int
src/mem/mem_ctrl.cc:5612:64: warning: format ‘%lx’ expects argument of type ‘long unsigned int’, but argument 2 has type ‘gem5::PacketPtr’ {aka ‘gem5::Packet*’} [-Wformat=]
 5612 |                 printf("secure: create a readMetaData pkt: 0x%lx\n", readMetaData);
      |                                                              ~~^     ~~~~~~~~~~~~
      |                                                                |     |
      |                                                                |     gem5::PacketPtr {aka gem5::Packet*}
      |                                                                long unsigned int
src/mem/mem_ctrl.cc: In member function ‘bool gem5::memory::MemCtrl::recvTimingReqLogicForNew(gem5::PacketPtr, bool)’:
src/mem/mem_ctrl.cc:6028:60: warning: format ‘%x’ expects argument of type ‘unsigned int’, but argument 3 has type ‘gem5::Addr’ {aka ‘long unsigned int’} [-Wformat=]
 6028 |         printf("marker accept TimingReq: request %s addr %#x size %d\n",
      |                                                          ~~^
      |                                                            |
      |                                                            unsigned int
      |                                                          %#lx
 6029 |             pkt->cmdString().c_str(), pkt->getAddr(), pkt->getSize());
      |                                       ~~~~~~~~~~~~~~        
      |                                                   |
      |                                                   gem5::Addr {aka long unsigned int}
src/mem/mem_ctrl.cc:6030:19: warning: format ‘%lx’ expects argument of type ‘long unsigned int’, but argument 2 has type ‘gem5::PacketPtr’ {aka ‘gem5::Packet*’} [-Wformat=]
 6030 |         printf("%lx\n", aux_pkt);
      |                 ~~^     ~~~~~~~
      |                   |     |
      |                   |     gem5::PacketPtr {aka gem5::Packet*}
      |                   long unsigned int
src/mem/mem_ctrl.cc: In member function ‘virtual void gem5::memory::MemCtrl::accessAndRespondForCompr(gem5::PacketPtr, gem5::Tick, gem5::memory::MemInterface*)’:
src/mem/mem_ctrl.cc:6461:22: warning: unused variable ‘size’ [-Wunused-variable]
 6461 |             unsigned size = auxPkt->comprBackup->getSize();
      |                      ^~~~
src/mem/mem_ctrl.cc:6463:26: warning: unused variable ‘pkt_count’ [-Wunused-variable]
 6463 |             unsigned int pkt_count = divCeil(offset + auxPkt->getSize(), burst_size);
      |                          ^~~~~~~~~
src/mem/mem_ctrl.cc:6566:22: warning: unused variable ‘size’ [-Wunused-variable]
 6566 |             unsigned size = auxPkt->comprBackup->getSize();
      |                      ^~~~
src/mem/mem_ctrl.cc:6568:26: warning: unused variable ‘pkt_count’ [-Wunused-variable]
 6568 |             unsigned int pkt_count = divCeil(offset + auxPkt->getSize(), burst_size);
      |                          ^~~~~~~~~
src/mem/mem_ctrl.cc: In member function ‘void gem5::memory::MemCtrl::updateCTEForDyL(uint64_t, gem5::Addr, gem5::memory::MemInterface*, uint32_t)’:
src/mem/mem_ctrl.cc:6770:25: warning: format ‘%d’ expects argument of type ‘int’, but argument 2 has type ‘uint64_t’ {aka ‘long unsigned int’} [-Wformat=]
 6770 |     printf("the ppn is %d\n", ppn);
      |                        ~^     ~~~
      |                         |     |
      |                         int   uint64_t {aka long unsigned int}
      |                        %ld
In file included from /usr/include/c++/11/cassert:44,
                 from ext/drampower/src/MemorySpecification.h:41,
                 from ext/drampower/src/MemCommand.h:45,
                 from ext/drampower/src/CommandAnalysis.h:53,
                 from ext/drampower/src/libdrampower/LibDRAMPower.h:48,
                 from src/mem/drampower.hh:46,
                 from src/mem/dram_interface.hh:49,
                 from src/mem/mem_ctrl.cc:49:
src/mem/mem_ctrl.cc: In member function ‘virtual void gem5::memory::MemCtrl::accessAndRespondForDyL(gem5::PacketPtr, gem5::Tick, gem5::memory::MemInterface*)’:
src/mem/mem_ctrl.cc:7321:29: warning: comparison of unsigned expression in ‘>= 0’ is always true [-Wtype-limits]
 7321 |         assert(preGatherOft >= 0);
      |                ~~~~~~~~~~~~~^~~~
src/mem/mem_ctrl.cc: In member function ‘virtual void gem5::memory::MemCtrl::accessAndRespondForNew(gem5::PacketPtr, gem5::Tick, gem5::memory::MemInterface*)’:
src/mem/mem_ctrl.cc:8100:29: warning: format ‘%d’ expects argument of type ‘int’, but argument 2 has type ‘gem5::Addr’ {aka ‘long unsigned int’} [-Wformat=]
 8100 |             printf("ppn is %d, the metadata is:\n", (origin_addr >> 12));
      |                            ~^                       ~~~~~~~~~~~~~~~~~~~
      |                             |                                    |
      |                             int                                  gem5::Addr {aka long unsigned int}
      |                            %ld
src/mem/mem_ctrl.cc: In member function ‘gem5::Addr gem5::memory::MemCtrl::allocateChunkForSecure(int)’:
src/mem/mem_ctrl.cc:8276:49: warning: format ‘%d’ expects argument of type ‘int’, but argument 2 has type ‘std::__cxx11::list<long unsigned int>::size_type’ {aka ‘long unsigned int’} [-Wformat=]
 8276 |             printf("the largeChunkList size is %d\n", largeChunkList.size());
      |                                                ~^     ~~~~~~~~~~~~~~~~~~~~~
      |                                                 |                        |
      |                                                 int                      std::__cxx11::list<long unsigned int>::size_type {aka long unsigned int}
      |                                                %ld
src/mem/mem_ctrl.cc:8277:49: warning: format ‘%d’ expects argument of type ‘int’, but argument 2 has type ‘std::__cxx11::list<long unsigned int>::size_type’ {aka ‘long unsigned int’} [-Wformat=]
 8277 |             printf("the smallChunkList size is %d\n", smallChunkList.size());
      |                                                ~^     ~~~~~~~~~~~~~~~~~~~~~
      |                                                 |                        |
      |                                                 int                      std::__cxx11::list<long unsigned int>::size_type {aka long unsigned int}
      |                                                %ld
src/mem/mem_ctrl.cc:8289:53: warning: format ‘%d’ expects argument of type ‘int’, but argument 2 has type ‘std::__cxx11::list<long unsigned int>::size_type’ {aka ‘long unsigned int’} [-Wformat=]
 8289 |                 printf("the largeChunkList size is %d\n", largeChunkList.size());
      |                                                    ~^     ~~~~~~~~~~~~~~~~~~~~~
      |                                                     |                        |
      |                                                     int                      std::__cxx11::list<long unsigned int>::size_type {aka long unsigned int}
      |                                                    %ld
src/mem/mem_ctrl.cc:8290:53: warning: format ‘%d’ expects argument of type ‘int’, but argument 2 has type ‘std::__cxx11::list<long unsigned int>::size_type’ {aka ‘long unsigned int’} [-Wformat=]
 8290 |                 printf("the smallChunkList size is %d\n", smallChunkList.size());
      |                                                    ~^     ~~~~~~~~~~~~~~~~~~~~~
      |                                                     |                        |
      |                                                     int                      std::__cxx11::list<long unsigned int>::size_type {aka long unsigned int}
      |                                                    %ld
src/mem/mem_ctrl.cc: In member function ‘virtual void gem5::memory::MemCtrl::accessAndRespondForSecure(gem5::PacketPtr, gem5::Tick, gem5::memory::MemInterface*)’:
src/mem/mem_ctrl.cc:8358:33: warning: format ‘%d’ expects argument of type ‘int’, but argument 2 has type ‘gem5::memory::MemCtrl::PPN’ {aka ‘long unsigned int’} [-Wformat=]
 8358 |             printf("the ppn is %d\n", ppn);
      |                                ~^     ~~~
      |                                 |     |
      |                                 int   gem5::memory::MemCtrl::PPN {aka long unsigned int}
      |                                %ld
src/mem/mem_ctrl.cc:8362:29: warning: format ‘%lx’ expects argument of type ‘long unsigned int’, but argument 2 has type ‘int’ [-Wformat=]
 8362 |                 printf("%02lx ", metaData[i]);
      |                         ~~~~^
      |                             |
      |                             long unsigned int
      |                         %02x
src/mem/mem_ctrl.cc:8527:59: warning: format ‘%d’ expects argument of type ‘int’, but argument 2 has type ‘gem5::memory::MemCtrl::PPN’ {aka ‘long unsigned int’} [-Wformat=]
 8527 |             printf("update the metadata for page: ppn is %d\n", ppn);
      |                                                          ~^     ~~~
      |                                                           |     |
      |                                                           int   gem5::memory::MemCtrl::PPN {aka long unsigned int}
      |                                                          %ld
src/mem/mem_ctrl.cc:8532:29: warning: format ‘%lx’ expects argument of type ‘long unsigned int’, but argument 2 has type ‘int’ [-Wformat=]
 8532 |                 printf("%02lx ", metaData[i]);
      |                         ~~~~^
      |                             |
      |                             long unsigned int
      |                         %02x
src/mem/mem_ctrl.cc:8558:29: warning: format ‘%lx’ expects argument of type ‘long unsigned int’, but argument 2 has type ‘int’ [-Wformat=]
 8558 |                 printf("%02lx ", metaData[i]);
      |                         ~~~~^
      |                             |
      |                             long unsigned int
      |                         %02x
src/mem/mem_ctrl.cc:8676:37: warning: format ‘%d’ expects argument of type ‘int’, but argument 2 has type ‘gem5::memory::MemCtrl::PPN’ {aka ‘long unsigned int’} [-Wformat=]
 8676 |             printf("update ppn is: %d\n", ppn);
      |                                    ~^     ~~~
      |                                     |     |
      |                                     int   gem5::memory::MemCtrl::PPN {aka long unsigned int}
      |                                    %ld
src/mem/mem_ctrl.cc:8680:29: warning: format ‘%lx’ expects argument of type ‘long unsigned int’, but argument 2 has type ‘int’ [-Wformat=]
 8680 |                 printf("%02lx ", metaData[i]);
      |                         ~~~~^
      |                             |
      |                             long unsigned int
      |                         %02x
src/mem/mem_ctrl.cc:8712:29: warning: format ‘%lx’ expects argument of type ‘long unsigned int’, but argument 2 has type ‘int’ [-Wformat=]
 8712 |                 printf("%02lx ", metaData[i]);
      |                         ~~~~^
      |                             |
      |                             long unsigned int
      |                         %02x
src/mem/mem_ctrl.cc: In member function ‘virtual gem5::Tick gem5::memory::MemCtrl::doBurstAccess(gem5::memory::MemPacket*, gem5::memory::MemInterface*)’:
src/mem/mem_ctrl.cc:9038:10: warning: unused variable ‘nextBurstAt’ [-Wunused-variable]
 9038 |     Tick nextBurstAt = mem_intr->nextBurstAt;
      |          ^~~~~~~~~~~
src/mem/mem_ctrl.cc: In member function ‘virtual void gem5::memory::MemCtrl::processNextReqEvent(gem5::memory::MemInterface*, gem5::memory::MemPacketQueue&, gem5::EventFunctionWrapper&, gem5::EventFunctionWrapper&, bool&)’:
src/mem/mem_ctrl.cc:9245:48: warning: format ‘%d’ expects argument of type ‘int’, but argument 2 has type ‘std::__cxx11::list<gem5::Packet*>::size_type’ {aka ‘long unsigned int’} [-Wformat=]
 9245 |         printf("the current waitQueue size is %d\n", blockedQueueForDyL.size());
      |                                               ~^     ~~~~~~~~~~~~~~~~~~~~~~~~~
      |                                                |                            |
      |                                                int                          std::__cxx11::list<gem5::Packet*>::size_type {aka long unsigned int}
      |                                               %ld
src/mem/mem_ctrl.cc:9252:37: warning: format ‘%llx’ expects argument of type ‘long long unsigned int’, but argument 2 has type ‘gem5::Packet*’ [-Wformat=]
 9252 |             printf("the pkt is 0x%llx\n", pkt);
      |                                  ~~~^     ~~~
      |                                     |     |
      |                                     |     gem5::Packet*
      |                                     long long unsigned int
src/mem/mem_ctrl.cc: In member function ‘bool gem5::memory::MemCtrl::compressColdPage(gem5::Packet* const&, gem5::memory::MemInterface*)’:
src/mem/mem_ctrl.cc:9606:67: warning: format ‘%llx’ expects argument of type ‘long long unsigned int’, but argument 2 has type ‘gem5::PacketPtr’ {aka ‘gem5::Packet*’} [-Wformat=]
 9606 |         printf("enter compress cold page, the pkt address is 0x%llx\n", aux_pkt);
      |                                                                ~~~^     ~~~~~~~
      |                                                                   |     |
      |                                                                   |     gem5::PacketPtr {aka gem5::Packet*}
      |                                                                   long long unsigned int
src/mem/mem_ctrl.cc: In member function ‘bool gem5::memory::MemCtrl::recvFunctionalLogic(gem5::PacketPtr, gem5::memory::MemInterface*)’:
src/mem/mem_ctrl.cc:10011:40: warning: format ‘%x’ expects argument of type ‘unsigned int’, but argument 3 has type ‘gem5::Addr’ {aka ‘long unsigned int’} [-Wformat=]
10011 |         printf("recv Functional: %s 0x%x\n", pkt->cmdString().c_str(), pkt->getAddr());
      |                                       ~^                               ~~~~~~~~~~~~~~
      |                                        |                                           |
      |                                        unsigned int                                gem5::Addr {aka long unsigned int}
      |                                       %lx
src/mem/mem_ctrl.cc: In member function ‘bool gem5::memory::MemCtrl::recvFunctionalLogicForCompr(gem5::PacketPtr, gem5::memory::MemInterface*)’:
src/mem/mem_ctrl.cc:10032:40: warning: format ‘%x’ expects argument of type ‘unsigned int’, but argument 3 has type ‘gem5::Addr’ {aka ‘long unsigned int’} [-Wformat=]
10032 |         printf("recv Functional: %s 0x%x\n", pkt->cmdString().c_str(), pkt->getAddr());
      |                                       ~^                               ~~~~~~~~~~~~~~
      |                                        |                                           |
      |                                        unsigned int                                gem5::Addr {aka long unsigned int}
      |                                       %lx
src/mem/mem_ctrl.cc: In member function ‘bool gem5::memory::MemCtrl::recvFunctionalLogicForDyL(gem5::PacketPtr, gem5::memory::MemInterface*)’:
src/mem/mem_ctrl.cc:10491:40: warning: format ‘%x’ expects argument of type ‘unsigned int’, but argument 3 has type ‘gem5::Addr’ {aka ‘long unsigned int’} [-Wformat=]
10491 |         printf("recv Functional: %s 0x%x\n",
      |                                       ~^
      |                                        |
      |                                        unsigned int
      |                                       %lx
10492 |             pkt->cmdString().c_str(), pkt->getAddr());
      |                                       ~~~~~~~~~~~~~~
      |                                                   |
      |                                                   gem5::Addr {aka long unsigned int}
src/mem/mem_ctrl.cc:10700:50: warning: format ‘%x’ expects argument of type ‘unsigned int’, but argument 3 has type ‘gem5::Addr’ {aka ‘long unsigned int’} [-Wformat=]
10700 |         printf("[F] cur Processing pkt is: %s 0x%x\n",
      |                                                 ~^
      |                                                  |
      |                                                  unsigned int
      |                                                 %lx
10701 |             pkt->cmdString().c_str(), pkt->getAddr());
      |                                       ~~~~~~~~~~~~~~
      |                                                   |
      |                                                   gem5::Addr {aka long unsigned int}
src/mem/mem_ctrl.cc:10702:44: warning: format ‘%lx’ expects argument of type ‘long unsigned int’, but argument 2 has type ‘gem5::PacketPtr’ {aka ‘gem5::Packet*’} [-Wformat=]
10702 |         printf("[F] the pkt address is 0x%lx\n", pkt);
      |                                          ~~^     ~~~
      |                                            |     |
      |                                            |     gem5::PacketPtr {aka gem5::Packet*}
      |                                            long unsigned int
src/mem/mem_ctrl.cc: In member function ‘bool gem5::memory::MemCtrl::recvFunctionalLogicForNew(gem5::PacketPtr, gem5::memory::MemInterface*, bool)’:
src/mem/mem_ctrl.cc:11385:44: warning: format ‘%x’ expects argument of type ‘unsigned int’, but argument 3 has type ‘gem5::Addr’ {aka ‘long unsigned int’} [-Wformat=]
11385 |             printf("recv Functional: %s 0x%x\n", pkt->cmdString().c_str(), pkt->getAddr());
      |                                           ~^                               ~~~~~~~~~~~~~~
      |                                            |                                           |
      |                                            unsigned int                                gem5::Addr {aka long unsigned int}
      |                                           %lx
src/mem/mem_ctrl.cc: In member function ‘bool gem5::memory::MemCtrl::recvFunctionalLogicForSecure(gem5::PacketPtr, gem5::memory::MemInterface*)’:
src/mem/mem_ctrl.cc:11810:40: warning: format ‘%x’ expects argument of type ‘unsigned int’, but argument 3 has type ‘gem5::Addr’ {aka ‘long unsigned int’} [-Wformat=]
11810 |         printf("recv Functional: %s 0x%x\n",
      |                                       ~^
      |                                        |
      |                                        unsigned int
      |                                       %lx
11811 |             pkt->cmdString().c_str(), pkt->getAddr());
      |                                       ~~~~~~~~~~~~~~
      |                                                   |
      |                                                   gem5::Addr {aka long unsigned int}
src/mem/mem_ctrl.cc:11851:34: warning: suggest parentheses around comparison in operand of ‘&’ [-Wparentheses]
11851 |     if ((metaData[0] >> 6) & 0x1 == 1) {
      |                              ~~~~^~~~
src/mem/mem_ctrl.cc:11860:33: warning: format ‘%d’ expects argument of type ‘int’, but argument 2 has type ‘gem5::memory::MemCtrl::PPN’ {aka ‘long unsigned int’} [-Wformat=]
11860 |             printf("the ppn is %d\n", ppn);
      |                                ~^     ~~~
      |                                 |     |
      |                                 int   gem5::memory::MemCtrl::PPN {aka long unsigned int}
      |                                %ld
src/mem/mem_ctrl.cc:11862:35: warning: format ‘%d’ expects argument of type ‘int’, but argument 2 has type ‘uint64_t’ {aka ‘long unsigned int’} [-Wformat=]
11862 |             printf("the cSize is %d\n", cPageSize);
      |                                  ~^     ~~~~~~~~~
      |                                   |     |
      |                                   int   uint64_t {aka long unsigned int}
      |                                  %ld
src/mem/mem_ctrl.cc: In member function ‘bool gem5::memory::MemCtrl::updateMetaData(std::vector<unsigned char>&, std::vector<unsigned char>&, uint8_t, bool, gem5::memory::MemInterface*)’:
src/mem/mem_ctrl.cc:12447:17: warning: unused variable ‘originAddr’ [-Wunused-variable]
12447 |            Addr originAddr = moveForwardAtomic(metaData, cacheLineIdx, mem_intr);
      |                 ^~~~~~~~~~
src/mem/mem_ctrl.cc:12458:22: warning: unused variable ‘inflatedAddr’ [-Wunused-variable]
12458 |                 Addr inflatedAddr = allocateInflateRoom(metaData, cacheLineIdx);
      |                      ^~~~~~~~~~~~
src/mem/mem_ctrl.cc: In member function ‘void gem5::memory::MemCtrl::recompressAtomic(std::vector<unsigned char>&, uint64_t, uint8_t, std::vector<unsigned char>&, gem5::memory::MemInterface*)’:
src/mem/mem_ctrl.cc:12554:13: warning: unused variable ‘isCompressed’ [-Wunused-variable]
12554 |        bool isCompressed = false;
      |             ^~~~~~~~~~~~
src/mem/mem_ctrl.cc: In member function ‘std::vector<unsigned char> gem5::memory::MemCtrl::recompressTiming(gem5::PacketPtr)’:
src/mem/mem_ctrl.cc:12697:14: warning: unused variable ‘isCompressed’ [-Wunused-variable]
12697 |         bool isCompressed = false;
      |              ^~~~~~~~~~~~
src/mem/mem_ctrl.cc: In member function ‘bool gem5::memory::MemCtrl::isEligible(gem5::PacketPtr, bool)’:
src/mem/mem_ctrl.cc:13265:43: warning: format ‘%d’ expects argument of type ‘int’, but argument 2 has type ‘std::set<gem5::Packet*, gem5::memory::MemCtrl::compareByTick>::size_type’ {aka ‘long unsigned int’} [-Wformat=]
13265 |         printf("the size of waitQueue is %d\n", waitQueue.size());
      |                                          ~^     ~~~~~~~~~~~~~~~~
      |                                           |                   |
      |                                           int                 std::set<gem5::Packet*, gem5::memory::MemCtrl::compareByTick>::size_type {aka long unsigned int}
      |                                          %ld
src/mem/mem_ctrl.cc: In member function ‘void gem5::memory::MemCtrl::afterDecompForDyL(gem5::PacketPtr, gem5::memory::MemInterface*)’:
src/mem/mem_ctrl.cc:13540:10: warning: unused variable ‘cteAddrAligned’ [-Wunused-variable]
13540 |     Addr cteAddrAligned = (cteAddr >> 6) << 6;
      |          ^~~~~~~~~~~~~~
src/mem/mem_ctrl.cc:13541:13: warning: unused variable ‘loc’ [-Wunused-variable]
13541 |     uint8_t loc = (cteAddr >> 3) & ((1 << 3) - 1);
      |             ^~~
src/mem/mem_ctrl.cc: In member function ‘void gem5::memory::MemCtrl::prepareMetaDataForNew(gem5::PacketPtr, gem5::memory::MemInterface*)’:
src/mem/mem_ctrl.cc:13950:49: warning: format ‘%d’ expects argument of type ‘int’, but argument 2 has type ‘gem5::memory::MemCtrl::PPN’ {aka ‘long unsigned int’} [-Wformat=]
13950 |             printf("hit in metadata cache, ppn %d\n", ppn);
      |                                                ~^     ~~~
      |                                                 |     |
      |                                                 int   gem5::memory::MemCtrl::PPN {aka long unsigned int}
      |                                                %ld
 [     CXX] src/mem/mem_interface.cc -> X86/mem/mem_interface.o
 [ TRACING]  -> X86/debug/DRAMPower.hh
 [ TRACING]  -> X86/debug/DRAMState.hh
 [     CXX] src/mem/dram_interface.cc -> X86/mem/dram_interface.o
 [     CXX] src/mem/nvm_interface.cc -> X86/mem/nvm_interface.o
src/mem/mem_ctrl.cc: In member function ‘bool gem5::memory::MemCtrl::recvFunctionalLogicForNew(gem5::PacketPtr, gem5::memory::MemInterface*, bool)’:
src/mem/mem_ctrl.cc:11801:1: warning: control reaches end of non-void function [-Wreturn-type]
11801 | }
      | ^
 [ TRACING]  -> X86/debug/NoncoherentXBar.hh
 [ TRACING]  -> X86/debug/XBar.hh
 [ TRACING]  -> X86/debug/BaseXBar.hh
 [ TRACING]  -> X86/debug/SnoopFilter.hh
 [     CXX] src/mem/noncoherent_xbar.cc -> X86/mem/noncoherent_xbar.o
 [     CXX] src/mem/packet.cc -> X86/mem/packet.o
 [ TRACING]  -> X86/debug/PortTrace.hh
 [ TRACING]  -> X86/debug/ResponsePort.hh
 [     CXX] src/mem/port.cc -> X86/mem/port.o
 [ TRACING]  -> X86/debug/PacketQueue.hh
 [     CXX] src/mem/packet_queue.cc -> X86/mem/packet_queue.o
 [     CXX] src/mem/port_proxy.cc -> X86/mem/port_proxy.o
 [     CXX] src/mem/port_wrapper.cc -> X86/mem/port_wrapper.o
 [     CXX] src/mem/physical.cc -> X86/mem/physical.o
 [     CXX] src/mem/shared_memory_server.cc -> X86/mem/shared_memory_server.o
 [     CXX] src/mem/simple_mem.cc -> X86/mem/simple_mem.o
 [     CXX] src/mem/snoop_filter.cc -> X86/mem/snoop_filter.o
 [ TRACING]  -> X86/debug/StackDist.hh
 [     CXX] src/mem/stack_dist_calc.cc -> X86/mem/stack_dist_calc.o
 [     CXX] src/mem/sys_bridge.cc -> X86/mem/sys_bridge.o
 [     CXX] src/mem/thread_bridge.cc -> X86/mem/thread_bridge.o
 [ TRACING]  -> X86/debug/TokenPort.hh
 [     CXX] src/mem/token_port.cc -> X86/mem/token_port.o
 [     CXX] src/mem/tport.cc -> X86/mem/tport.o
 [     CXX] src/mem/xbar.cc -> X86/mem/xbar.o
 [ TRACING]  -> X86/debug/HMCController.hh
 [     CXX] src/mem/hmc_controller.cc -> X86/mem/hmc_controller.o
 [     CXX] src/mem/htm.cc -> X86/mem/htm.o
 [ TRACING]  -> X86/debug/SerialLink.hh
 [     CXX] src/mem/serial_link.cc -> X86/mem/serial_link.o
 [     CXX] src/mem/mem_delay.cc -> X86/mem/mem_delay.o
 [     CXX] src/mem/port_terminator.cc -> X86/mem/port_terminator.o
 [     CXX] src/mem/translating_port_proxy.cc -> X86/mem/translating_port_proxy.o
 [     CXX] src/mem/se_translating_port_proxy.cc -> X86/mem/se_translating_port_proxy.o
 [ TRACING]  -> X86/debug/MMU.hh
 [     CXX] src/mem/page_table.cc -> X86/mem/page_table.o
 [     CXX] X86/mem/MemChecker.py.cc -> .o
 [SO Param] m5.objects.MemChecker, MemChecker -> X86/python/_m5/param_MemChecker.cc
 [SO Param] m5.objects.MemChecker, MemChecker -> X86/params/MemChecker.hh
 [ TRACING]  -> X86/debug/MemChecker.hh
 [SO Param] m5.objects.MemChecker, MemCheckerMonitor -> X86/python/_m5/param_MemCheckerMonitor.cc
 [     CXX] X86/python/_m5/param_MemChecker.cc -> .o
 [     CXX] src/mem/mem_checker.cc -> X86/mem/mem_checker.o
 [SO Param] m5.objects.MemChecker, MemCheckerMonitor -> X86/params/MemCheckerMonitor.hh
 [     CXX] X86/python/_m5/param_MemCheckerMonitor.cc -> .o
 [ TRACING]  -> X86/debug/MemCheckerMonitor.hh
 [     CXX] src/mem/mem_checker_monitor.cc -> X86/mem/mem_checker_monitor.o
 [ TRACING]  -> X86/debug/AddrRanges.cc
 [     CXX] X86/debug/AddrRanges.cc -> .o
 [ TRACING]  -> X86/debug/BaseXBar.cc
 [     CXX] X86/debug/BaseXBar.cc -> .o
 [ TRACING]  -> X86/debug/CoherentXBar.cc
 [ TRACING]  -> X86/debug/CFI.cc
 [     CXX] X86/debug/CoherentXBar.cc -> .o
 [     CXX] X86/debug/CFI.cc -> .o
 [ TRACING]  -> X86/debug/NoncoherentXBar.cc
 [ TRACING]  -> X86/debug/SnoopFilter.cc
 [     CXX] X86/debug/NoncoherentXBar.cc -> .o
 [     CXX] X86/debug/SnoopFilter.cc -> .o
 [ TRACING]  -> X86/debug/XBar.cc
 [ TRACING]  -> X86/debug/Bridge.cc
 [     CXX] X86/debug/Bridge.cc -> .o
 [     CXX] X86/debug/XBar.cc -> .o
 [ TRACING]  -> X86/debug/CommMonitor.cc
 [ TRACING]  -> X86/debug/DRAM.cc
 [ TRACING]  -> X86/debug/DRAMPower.cc
 [     CXX] X86/debug/CommMonitor.cc -> .o
 [     CXX] X86/debug/DRAMPower.cc -> .o
 [     CXX] X86/debug/DRAM.cc -> .o
 [ TRACING]  -> X86/debug/DRAMState.cc
 [ TRACING]  -> X86/debug/NVM.cc
 [     CXX] X86/debug/DRAMState.cc -> .o
 [ TRACING]  -> X86/debug/ExternalPort.cc
 [     CXX] X86/debug/NVM.cc -> .o
 [     CXX] X86/debug/ExternalPort.cc -> .o
 [ TRACING]  -> X86/debug/HtmMem.cc
 [ TRACING]  -> X86/debug/LLSC.cc
 [ TRACING]  -> X86/debug/HtmMem.hh
 [     CXX] X86/debug/LLSC.cc -> .o
 [     CXX] X86/debug/HtmMem.cc -> .o
 [ TRACING]  -> X86/debug/MemCtrl.cc
 [     CXX] X86/debug/MemCtrl.cc -> .o
 [ TRACING]  -> X86/debug/MMU.cc
 [     CXX] X86/debug/MMU.cc -> .o
 [ TRACING]  -> X86/debug/MemoryAccess.cc
 [     CXX] X86/debug/MemoryAccess.cc -> .o
 [ TRACING]  -> X86/debug/PacketQueue.cc
 [ TRACING]  -> X86/debug/PortTrace.cc
 [     CXX] X86/debug/PacketQueue.cc -> .o
 [     CXX] X86/debug/PortTrace.cc -> .o
 [ TRACING]  -> X86/debug/ResponsePort.cc
 [     CXX] X86/debug/ResponsePort.cc -> .o
 [ TRACING]  -> X86/debug/StackDist.cc
 [ TRACING]  -> X86/debug/DRAMSim2.cc
 [     CXX] X86/debug/StackDist.cc -> .o
 [ TRACING]  -> X86/debug/DRAMSim2.hh
 [ TRACING]  -> X86/debug/DRAMsim3.cc
 [ TRACING]  -> X86/debug/HMCController.cc
 [     CXX] X86/debug/DRAMSim2.cc -> .o
 [ TRACING]  -> X86/debug/DRAMsim3.hh
 [     CXX] X86/debug/HMCController.cc -> .o
 [     CXX] X86/debug/DRAMsim3.cc -> .o
 [ TRACING]  -> X86/debug/SerialLink.cc
 [     CXX] X86/debug/SerialLink.cc -> .o
 [ TRACING]  -> X86/debug/TokenPort.cc
 [ TRACING]  -> X86/debug/MemChecker.cc
 [     CXX] X86/debug/TokenPort.cc -> .o
 [     CXX] X86/debug/MemChecker.cc -> .o
 [ TRACING]  -> X86/debug/MemCheckerMonitor.cc
 [ TRACING]  -> X86/debug/QOS.cc
 [     CXX] X86/debug/MemCheckerMonitor.cc -> .o
 [     CXX] X86/mem/cache/Cache.py.cc -> .o
 [     CXX] X86/debug/QOS.cc -> .o
 [SO Param] m5.objects.Cache, WriteAllocator -> X86/python/_m5/param_WriteAllocator.cc
 [SO Param] m5.objects.Cache, BaseCache -> X86/python/_m5/param_BaseCache.cc
 [SO Param] m5.objects.Cache, Cache -> X86/python/_m5/param_Cache.cc
 [SO Param] m5.objects.Cache, NoncoherentCache -> X86/python/_m5/param_NoncoherentCache.cc
 [SO Param] m5.objects.Cache, WriteAllocator -> X86/params/WriteAllocator.hh
 [ TRACING]  -> X86/debug/Cache.hh
 [ENUMDECL] m5.objects.Cache, Clusivity -> X86/enums/Clusivity.hh
 [SO Param] m5.objects.Cache, BaseCache -> X86/params/BaseCache.hh
 [SO Param] m5.objects.Cache, Cache -> X86/params/Cache.hh
 [SO Param] m5.objects.Cache, NoncoherentCache -> X86/params/NoncoherentCache.hh
 [ TRACING]  -> X86/debug/CachePort.hh
 [SO Param] m5.objects.Tags, BaseTags -> X86/params/BaseTags.hh
 [SO Param] m5.objects.Tags, TaggedIndexingPolicy -> X86/params/TaggedIndexingPolicy.hh
 [SO Param] m5.objects.Tags, TaggedSetAssociative -> X86/params/TaggedSetAssociative.hh
 [ TRACING]  -> X86/debug/MSHR.hh
 [SO Param] m5.objects.IndexingPolicies, BaseIndexingPolicy -> X86/params/BaseIndexingPolicy.hh
 [SO Param] m5.objects.ReplacementPolicies, BaseReplacementPolicy -> X86/params/BaseReplacementPolicy.hh
 [SO Param] m5.objects.PartitioningPolicies, PartitionManager -> X86/params/PartitionManager.hh
 [ENUM STR] m5.objects.Cache, Clusivity -> X86/enums/Clusivity.cc
 [ TRACING]  -> X86/debug/CacheComp.hh
 [ TRACING]  -> X86/debug/CacheRepl.hh
 [SO Param] m5.objects.Compressors, BaseCacheCompressor -> X86/params/BaseCacheCompressor.hh
 [SO Param] m5.objects.Prefetcher, BasePrefetcher -> X86/params/BasePrefetcher.hh
 [ TRACING]  -> X86/debug/CacheVerbose.hh
 [SO Param] m5.objects.PartitioningPolicies, BasePartitioningPolicy -> X86/params/BasePartitioningPolicy.hh
 [     CXX] X86/enums/Clusivity.cc -> .o
 [ TRACING]  -> X86/debug/HWPrefetch.hh
 [SO Param] m5.objects.Tags, SectorTags -> X86/params/SectorTags.hh
 [ TRACING]  -> X86/debug/CacheTags.hh
 [     CXX] src/mem/cache/cache_blk.cc -> X86/mem/cache/cache_blk.o
 [     CXX] src/mem/cache/mshr_queue.cc -> X86/mem/cache/mshr_queue.o
 [     CXX] X86/python/_m5/param_WriteAllocator.cc -> .o
 [     CXX] src/mem/cache/base.cc -> X86/mem/cache/base.o
 [     CXX] src/mem/cache/mshr.cc -> X86/mem/cache/mshr.o
 [     CXX] X86/python/_m5/param_NoncoherentCache.cc -> .o
 [     CXX] X86/python/_m5/param_Cache.cc -> .o
 [     CXX] X86/python/_m5/param_BaseCache.cc -> .o
 [     CXX] src/mem/cache/cache.cc -> X86/mem/cache/cache.o
 [     CXX] src/mem/cache/noncoherent_cache.cc -> X86/mem/cache/noncoherent_cache.o
 [     CXX] src/mem/cache/write_queue.cc -> X86/mem/cache/write_queue.o
 [     CXX] src/mem/cache/write_queue_entry.cc -> X86/mem/cache/write_queue_entry.o
 [ TRACING]  -> X86/debug/Cache.cc
 [     CXX] X86/debug/Cache.cc -> .o
 [ TRACING]  -> X86/debug/CacheComp.cc
 [     CXX] X86/debug/CacheComp.cc -> .o
 [ TRACING]  -> X86/debug/CachePort.cc
 [     CXX] X86/debug/CachePort.cc -> .o
 [ TRACING]  -> X86/debug/CacheRepl.cc
 [     CXX] X86/debug/CacheRepl.cc -> .o
 [ TRACING]  -> X86/debug/CacheTags.cc
 [     CXX] X86/debug/CacheTags.cc -> .o
 [ TRACING]  -> X86/debug/CacheVerbose.cc
 [     CXX] X86/debug/CacheVerbose.cc -> .o
 [ TRACING]  -> X86/debug/HWPrefetch.cc
 [     CXX] X86/debug/HWPrefetch.cc -> .o
 [ TRACING]  -> X86/debug/MSHR.cc
 [     CXX] X86/debug/MSHR.cc -> .o
 [ TRACING]  -> X86/debug/HWPrefetchQueue.cc
 [ TRACING]  -> X86/debug/HWPrefetchQueue.hh
 [ TRACING]  -> X86/debug/PartitionPolicy.cc
 [ TRACING]  -> X86/debug/PartitionPolicy.hh
 [     CXX] X86/debug/HWPrefetchQueue.cc -> .o
 [ TRACING]  -> X86/debug/CacheAll.cc
 [     CXX] X86/mem/cache/compressors/Compressors.py.cc -> .o
 [     CXX] X86/debug/PartitionPolicy.cc -> .o
 [ TRACING]  -> X86/debug/CacheAll.hh
 [     CXX] X86/debug/CacheAll.cc -> .o
 [SO Param] m5.objects.Compressors, BaseCacheCompressor -> X86/python/_m5/param_BaseCacheCompressor.cc
 [SO Param] m5.objects.Compressors, BaseDictionaryCompressor -> X86/python/_m5/param_BaseDictionaryCompressor.cc
 [SO Param] m5.objects.Compressors, Base64Delta8 -> X86/python/_m5/param_Base64Delta8.cc
 [     CXX] X86/python/_m5/param_BaseCacheCompressor.cc -> .o
 [SO Param] m5.objects.Compressors, Base64Delta16 -> X86/python/_m5/param_Base64Delta16.cc
 [SO Param] m5.objects.Compressors, BaseDictionaryCompressor -> X86/params/BaseDictionaryCompressor.hh
 [SO Param] m5.objects.Compressors, Base64Delta8 -> X86/params/Base64Delta8.hh
 [SO Param] m5.objects.Compressors, Base64Delta32 -> X86/python/_m5/param_Base64Delta32.cc
 [SO Param] m5.objects.Compressors, Base64Delta16 -> X86/params/Base64Delta16.hh
 [     CXX] X86/python/_m5/param_BaseDictionaryCompressor.cc -> .o
 [     CXX] X86/python/_m5/param_Base64Delta8.cc -> .o
 [SO Param] m5.objects.Compressors, Base64Delta32 -> X86/params/Base64Delta32.hh
 [     CXX] X86/python/_m5/param_Base64Delta16.cc -> .o
 [SO Param] m5.objects.Compressors, Base32Delta8 -> X86/python/_m5/param_Base32Delta8.cc
 [     CXX] X86/python/_m5/param_Base64Delta32.cc -> .o
 [SO Param] m5.objects.Compressors, Base32Delta8 -> X86/params/Base32Delta8.hh
 [     CXX] X86/python/_m5/param_Base32Delta8.cc -> .o
 [SO Param] m5.objects.Compressors, Base32Delta16 -> X86/python/_m5/param_Base32Delta16.cc
 [SO Param] m5.objects.Compressors, Base32Delta16 -> X86/params/Base32Delta16.hh
 [     CXX] X86/python/_m5/param_Base32Delta16.cc -> .o
 [SO Param] m5.objects.Compressors, Base16Delta8 -> X86/python/_m5/param_Base16Delta8.cc
 [SO Param] m5.objects.Compressors, Base16Delta8 -> X86/params/Base16Delta8.hh
 [     CXX] X86/python/_m5/param_Base16Delta8.cc -> .o
 [SO Param] m5.objects.Compressors, CPack -> X86/python/_m5/param_CPack.cc
 [SO Param] m5.objects.Compressors, CPack -> X86/params/CPack.hh
 [     CXX] X86/python/_m5/param_CPack.cc -> .o
 [SO Param] m5.objects.Compressors, FPC -> X86/python/_m5/param_FPC.cc
 [SO Param] m5.objects.Compressors, FPCD -> X86/python/_m5/param_FPCD.cc
 [SO Param] m5.objects.Compressors, FPC -> X86/params/FPC.hh
 [SO Param] m5.objects.Compressors, FrequentValuesCompressor -> X86/python/_m5/param_FrequentValuesCompressor.cc
 [SO Param] m5.objects.Compressors, FPCD -> X86/params/FPCD.hh
 [SO Param] m5.objects.Compressors, MultiCompressor -> X86/python/_m5/param_MultiCompressor.cc
 [     CXX] X86/python/_m5/param_FPC.cc -> .o
 [SO Param] m5.objects.Compressors, PerfectCompressor -> X86/python/_m5/param_PerfectCompressor.cc
 [SO Param] m5.objects.Compressors, FrequentValuesCompressor -> X86/params/FrequentValuesCompressor.hh
 [     CXX] X86/python/_m5/param_FPCD.cc -> .o
 [SO Param] m5.objects.Compressors, MultiCompressor -> X86/params/MultiCompressor.hh
 [SO Param] m5.objects.Compressors, PerfectCompressor -> X86/params/PerfectCompressor.hh
 [     CXX] X86/python/_m5/param_FrequentValuesCompressor.cc -> .o
 [     CXX] X86/python/_m5/param_MultiCompressor.cc -> .o
 [     CXX] X86/python/_m5/param_PerfectCompressor.cc -> .o
 [SO Param] m5.objects.Compressors, RepeatedQwordsCompressor -> X86/python/_m5/param_RepeatedQwordsCompressor.cc
 [SO Param] m5.objects.Compressors, RepeatedQwordsCompressor -> X86/params/RepeatedQwordsCompressor.hh
 [     CXX] X86/python/_m5/param_RepeatedQwordsCompressor.cc -> .o
 [SO Param] m5.objects.Compressors, ZeroCompressor -> X86/python/_m5/param_ZeroCompressor.cc
 [SO Param] m5.objects.Compressors, ZeroCompressor -> X86/params/ZeroCompressor.hh
 [     CXX] X86/python/_m5/param_ZeroCompressor.cc -> .o
 [     CXX] src/mem/cache/compressors/base.cc -> X86/mem/cache/compressors/base.o
 [     CXX] src/mem/cache/compressors/base_dictionary_compressor.cc -> X86/mem/cache/compressors/base_dictionary_compressor.o
 [     CXX] src/mem/cache/compressors/base_delta.cc -> X86/mem/cache/compressors/base_delta.o
 [     CXX] src/mem/cache/compressors/cpack.cc -> X86/mem/cache/compressors/cpack.o
 [     CXX] src/mem/cache/compressors/fpc.cc -> X86/mem/cache/compressors/fpc.o
 [     CXX] src/mem/cache/compressors/fpcd.cc -> X86/mem/cache/compressors/fpcd.o
 [     CXX] src/mem/cache/compressors/frequent_values.cc -> X86/mem/cache/compressors/frequent_values.o
 [     CXX] src/mem/cache/compressors/multi.cc -> X86/mem/cache/compressors/multi.o
 [     CXX] src/mem/cache/compressors/perfect.cc -> X86/mem/cache/compressors/perfect.o
 [     CXX] src/mem/cache/compressors/repeated_qwords.cc -> X86/mem/cache/compressors/repeated_qwords.o
 [     CXX] src/mem/cache/compressors/zero.cc -> X86/mem/cache/compressors/zero.o
 [     CXX] src/mem/cache/compressors/encoders/huffman.cc -> X86/mem/cache/compressors/encoders/huffman.o
 [     CXX] X86/mem/cache/replacement_policies/ReplacementPolicies.py.cc -> .o
 [SO Param] m5.objects.ReplacementPolicies, BaseReplacementPolicy -> X86/python/_m5/param_BaseReplacementPolicy.cc
 [SO Param] m5.objects.ReplacementPolicies, DuelingRP -> X86/python/_m5/param_DuelingRP.cc
 [     CXX] X86/python/_m5/param_BaseReplacementPolicy.cc -> .o
 [SO Param] m5.objects.ReplacementPolicies, DuelingRP -> X86/params/DuelingRP.hh
 [     CXX] X86/python/_m5/param_DuelingRP.cc -> .o
 [SO Param] m5.objects.ReplacementPolicies, FIFORP -> X86/python/_m5/param_FIFORP.cc
 [SO Param] m5.objects.ReplacementPolicies, FIFORP -> X86/params/FIFORP.hh
 [SO Param] m5.objects.ReplacementPolicies, SecondChanceRP -> X86/python/_m5/param_SecondChanceRP.cc
 [     CXX] X86/python/_m5/param_FIFORP.cc -> .o
 [SO Param] m5.objects.ReplacementPolicies, SecondChanceRP -> X86/params/SecondChanceRP.hh
 [     CXX] X86/python/_m5/param_SecondChanceRP.cc -> .o
 [SO Param] m5.objects.ReplacementPolicies, LFURP -> X86/python/_m5/param_LFURP.cc
 [SO Param] m5.objects.ReplacementPolicies, LFURP -> X86/params/LFURP.hh
 [     CXX] X86/python/_m5/param_LFURP.cc -> .o
 [SO Param] m5.objects.ReplacementPolicies, LRURP -> X86/python/_m5/param_LRURP.cc
 [SO Param] m5.objects.ReplacementPolicies, BIPRP -> X86/python/_m5/param_BIPRP.cc
 [SO Param] m5.objects.ReplacementPolicies, LRURP -> X86/params/LRURP.hh
 [SO Param] m5.objects.ReplacementPolicies, BIPRP -> X86/params/BIPRP.hh
 [     CXX] X86/python/_m5/param_LRURP.cc -> .o
 [     CXX] X86/python/_m5/param_BIPRP.cc -> .o
 [SO Param] m5.objects.ReplacementPolicies, MRURP -> X86/python/_m5/param_MRURP.cc
 [SO Param] m5.objects.ReplacementPolicies, MRURP -> X86/params/MRURP.hh
 [     CXX] X86/python/_m5/param_MRURP.cc -> .o
 [SO Param] m5.objects.ReplacementPolicies, RandomRP -> X86/python/_m5/param_RandomRP.cc
 [SO Param] m5.objects.ReplacementPolicies, RandomRP -> X86/params/RandomRP.hh
 [     CXX] X86/python/_m5/param_RandomRP.cc -> .o
 [SO Param] m5.objects.ReplacementPolicies, BRRIPRP -> X86/python/_m5/param_BRRIPRP.cc
 [SO Param] m5.objects.ReplacementPolicies, BRRIPRP -> X86/params/BRRIPRP.hh
 [SO Param] m5.objects.ReplacementPolicies, SHiPRP -> X86/python/_m5/param_SHiPRP.cc
 [     CXX] X86/python/_m5/param_BRRIPRP.cc -> .o
 [SO Param] m5.objects.ReplacementPolicies, SHiPRP -> X86/params/SHiPRP.hh
 [SO Param] m5.objects.ReplacementPolicies, SHiPMemRP -> X86/python/_m5/param_SHiPMemRP.cc
 [     CXX] X86/python/_m5/param_SHiPRP.cc -> .o
 [SO Param] m5.objects.ReplacementPolicies, SHiPMemRP -> X86/params/SHiPMemRP.hh
 [     CXX] X86/python/_m5/param_SHiPMemRP.cc -> .o
 [SO Param] m5.objects.ReplacementPolicies, SHiPPCRP -> X86/python/_m5/param_SHiPPCRP.cc
 [SO Param] m5.objects.ReplacementPolicies, SHiPPCRP -> X86/params/SHiPPCRP.hh
 [     CXX] X86/python/_m5/param_SHiPPCRP.cc -> .o
 [SO Param] m5.objects.ReplacementPolicies, TreePLRURP -> X86/python/_m5/param_TreePLRURP.cc
 [SO Param] m5.objects.ReplacementPolicies, TreePLRURP -> X86/params/TreePLRURP.hh
 [     CXX] X86/python/_m5/param_TreePLRURP.cc -> .o
 [SO Param] m5.objects.ReplacementPolicies, WeightedLRURP -> X86/python/_m5/param_WeightedLRURP.cc
 [SO Param] m5.objects.ReplacementPolicies, WeightedLRURP -> X86/params/WeightedLRURP.hh
 [     CXX] X86/python/_m5/param_WeightedLRURP.cc -> .o
 [     CXX] src/mem/cache/replacement_policies/bip_rp.cc -> X86/mem/cache/replacement_policies/bip_rp.o
 [     CXX] src/mem/cache/replacement_policies/brrip_rp.cc -> X86/mem/cache/replacement_policies/brrip_rp.o
 [     CXX] src/mem/cache/replacement_policies/dueling_rp.cc -> X86/mem/cache/replacement_policies/dueling_rp.o
 [     CXX] src/mem/cache/replacement_policies/fifo_rp.cc -> X86/mem/cache/replacement_policies/fifo_rp.o
 [     CXX] src/mem/cache/replacement_policies/lfu_rp.cc -> X86/mem/cache/replacement_policies/lfu_rp.o
 [     CXX] src/mem/cache/replacement_policies/lru_rp.cc -> X86/mem/cache/replacement_policies/lru_rp.o
 [     CXX] src/mem/cache/replacement_policies/mru_rp.cc -> X86/mem/cache/replacement_policies/mru_rp.o
 [     CXX] src/mem/cache/replacement_policies/random_rp.cc -> X86/mem/cache/replacement_policies/random_rp.o
 [     CXX] src/mem/cache/replacement_policies/second_chance_rp.cc -> X86/mem/cache/replacement_policies/second_chance_rp.o
 [     CXX] src/mem/cache/replacement_policies/ship_rp.cc -> X86/mem/cache/replacement_policies/ship_rp.o
 [     CXX] src/mem/cache/replacement_policies/tree_plru_rp.cc -> X86/mem/cache/replacement_policies/tree_plru_rp.o
 [     CXX] src/mem/cache/replacement_policies/weighted_lru_rp.cc -> X86/mem/cache/replacement_policies/weighted_lru_rp.o
 [     CXX] X86/mem/cache/tags/Tags.py.cc -> .o
 [SO Param] m5.objects.Tags, BaseTags -> X86/python/_m5/param_BaseTags.cc
 [SO Param] m5.objects.Tags, BaseSetAssoc -> X86/python/_m5/param_BaseSetAssoc.cc
 [SO Param] m5.objects.Tags, SectorTags -> X86/python/_m5/param_SectorTags.cc
 [     CXX] X86/python/_m5/param_BaseTags.cc -> .o
 [SO Param] m5.objects.Tags, CompressedTags -> X86/python/_m5/param_CompressedTags.cc
 [SO Param] m5.objects.Tags, FALRU -> X86/python/_m5/param_FALRU.cc
 [SO Param] m5.objects.Tags, BaseSetAssoc -> X86/params/BaseSetAssoc.hh
 [     CXX] X86/python/_m5/param_SectorTags.cc -> .o
 [SO Param] m5.objects.Tags, CompressedTags -> X86/params/CompressedTags.hh
 [SO Param] m5.objects.Tags, FALRU -> X86/params/FALRU.hh
 [     CXX] X86/python/_m5/param_BaseSetAssoc.cc -> .o
 [SO Param] m5.objects.Tags, TaggedIndexingPolicy -> X86/python/_m5/param_TaggedIndexingPolicy.cc
 [     CXX] X86/python/_m5/param_CompressedTags.cc -> .o
 [SO Param] m5.objects.Tags, TaggedSetAssociative -> X86/python/_m5/param_TaggedSetAssociative.cc
 [     CXX] X86/python/_m5/param_FALRU.cc -> .o
 [     CXX] X86/python/_m5/param_TaggedIndexingPolicy.cc -> .o
 [     CXX] X86/python/_m5/param_TaggedSetAssociative.cc -> .o
 [     CXX] src/mem/cache/tags/base.cc -> X86/mem/cache/tags/base.o
 [     CXX] src/mem/cache/tags/base_set_assoc.cc -> X86/mem/cache/tags/base_set_assoc.o
 [     CXX] src/mem/cache/tags/compressed_tags.cc -> X86/mem/cache/tags/compressed_tags.o
 [     CXX] src/mem/cache/tags/dueling.cc -> X86/mem/cache/tags/dueling.o
 [     CXX] src/mem/cache/tags/fa_lru.cc -> X86/mem/cache/tags/fa_lru.o
 [     CXX] src/mem/cache/tags/sector_blk.cc -> X86/mem/cache/tags/sector_blk.o
 [     CXX] src/mem/cache/tags/sector_tags.cc -> X86/mem/cache/tags/sector_tags.o
 [     CXX] src/mem/cache/tags/super_blk.cc -> X86/mem/cache/tags/super_blk.o
 [     CXX] X86/mem/cache/tags/indexing_policies/IndexingPolicies.py.cc -> .o
 [SO Param] m5.objects.IndexingPolicies, BaseIndexingPolicy -> X86/python/_m5/param_BaseIndexingPolicy.cc
 [     CXX] X86/python/_m5/param_BaseIndexingPolicy.cc -> .o
 [SO Param] m5.objects.IndexingPolicies, SetAssociative -> X86/python/_m5/param_SetAssociative.cc
 [SO Param] m5.objects.IndexingPolicies, SetAssociative -> X86/params/SetAssociative.hh
 [SO Param] m5.objects.IndexingPolicies, SkewedAssociative -> X86/python/_m5/param_SkewedAssociative.cc
 [SO Param] m5.objects.IndexingPolicies, SkewedAssociative -> X86/params/SkewedAssociative.hh
 [     CXX] src/mem/cache/tags/indexing_policies/set_associative.cc -> X86/mem/cache/tags/indexing_policies/set_associative.o
 [     CXX] X86/python/_m5/param_SetAssociative.cc -> .o
 [     CXX] X86/python/_m5/param_SkewedAssociative.cc -> .o
 [     CXX] src/mem/cache/tags/indexing_policies/skewed_associative.cc -> X86/mem/cache/tags/indexing_policies/skewed_associative.o
 [     CXX] X86/mem/cache/tags/partitioning_policies/PartitioningPolicies.py.cc -> .o
 [SO Param] m5.objects.PartitioningPolicies, PartitionManager -> X86/python/_m5/param_PartitionManager.cc
 [     CXX] X86/python/_m5/param_PartitionManager.cc -> .o
 [SO Param] m5.objects.PartitioningPolicies, BasePartitioningPolicy -> X86/python/_m5/param_BasePartitioningPolicy.cc
 [     CXX] X86/python/_m5/param_BasePartitioningPolicy.cc -> .o
 [SO Param] m5.objects.PartitioningPolicies, MaxCapacityPartitioningPolicy -> X86/python/_m5/param_MaxCapacityPartitioningPolicy.cc
 [SO Param] m5.objects.PartitioningPolicies, MaxCapacityPartitioningPolicy -> X86/params/MaxCapacityPartitioningPolicy.hh
 [SO Param] m5.objects.PartitioningPolicies, WayPolicyAllocation -> X86/python/_m5/param_WayPolicyAllocation.cc
 [     CXX] X86/python/_m5/param_MaxCapacityPartitioningPolicy.cc -> .o
 [SO Param] m5.objects.PartitioningPolicies, WayPolicyAllocation -> X86/params/WayPolicyAllocation.hh
 [     CXX] X86/python/_m5/param_WayPolicyAllocation.cc -> .o
 [SO Param] m5.objects.PartitioningPolicies, WayPartitioningPolicy -> X86/python/_m5/param_WayPartitioningPolicy.cc
 [SO Param] m5.objects.PartitioningPolicies, WayPartitioningPolicy -> X86/params/WayPartitioningPolicy.hh
 [     CXX] X86/python/_m5/param_WayPartitioningPolicy.cc -> .o
 [     CXX] src/mem/cache/tags/partitioning_policies/base_pp.cc -> X86/mem/cache/tags/partitioning_policies/base_pp.o
 [     CXX] src/mem/cache/tags/partitioning_policies/max_capacity_pp.cc -> X86/mem/cache/tags/partitioning_policies/max_capacity_pp.o
 [     CXX] src/mem/cache/tags/partitioning_policies/way_allocation.cc -> X86/mem/cache/tags/partitioning_policies/way_allocation.o
 [     CXX] src/mem/cache/tags/partitioning_policies/way_pp.cc -> X86/mem/cache/tags/partitioning_policies/way_pp.o
 [     CXX] src/mem/cache/tags/partitioning_policies/partition_manager.cc -> X86/mem/cache/tags/partitioning_policies/partition_manager.o
 [     CXX] X86/mem/cache/prefetch/Prefetcher.py.cc -> .o
 [SO Param] m5.objects.Prefetcher, BasePrefetcher -> X86/python/_m5/param_BasePrefetcher.cc
 [SO Param] m5.objects.Prefetcher, MultiPrefetcher -> X86/python/_m5/param_MultiPrefetcher.cc
 [     CXX] X86/python/_m5/param_BasePrefetcher.cc -> .o
 [SO Param] m5.objects.Prefetcher, MultiPrefetcher -> X86/params/MultiPrefetcher.hh
 [     CXX] X86/python/_m5/param_MultiPrefetcher.cc -> .o
 [SO Param] m5.objects.Prefetcher, QueuedPrefetcher -> X86/python/_m5/param_QueuedPrefetcher.cc
 [SO Param] m5.objects.Prefetcher, StridePrefetcherHashedSetAssociative -> X86/python/_m5/param_StridePrefetcherHashedSetAssociative.cc
 [SO Param] m5.objects.Prefetcher, QueuedPrefetcher -> X86/params/QueuedPrefetcher.hh
 [SO Param] m5.objects.Prefetcher, StridePrefetcherHashedSetAssociative -> X86/params/StridePrefetcherHashedSetAssociative.hh
 [     CXX] X86/python/_m5/param_QueuedPrefetcher.cc -> .o
 [SO Param] m5.objects.Prefetcher, StridePrefetcher -> X86/python/_m5/param_StridePrefetcher.cc
 [     CXX] X86/python/_m5/param_StridePrefetcherHashedSetAssociative.cc -> .o
 [SO Param] m5.objects.Prefetcher, SmsPrefetcher -> X86/python/_m5/param_SmsPrefetcher.cc
 [SO Param] m5.objects.Prefetcher, StridePrefetcher -> X86/params/StridePrefetcher.hh
 [SO Param] m5.objects.Prefetcher, SmsPrefetcher -> X86/params/SmsPrefetcher.hh
 [     CXX] X86/python/_m5/param_StridePrefetcher.cc -> .o
 [     CXX] X86/python/_m5/param_SmsPrefetcher.cc -> .o
 [SO Param] m5.objects.Prefetcher, TaggedPrefetcher -> X86/python/_m5/param_TaggedPrefetcher.cc
 [SO Param] m5.objects.Prefetcher, TaggedPrefetcher -> X86/params/TaggedPrefetcher.hh
 [SO Param] m5.objects.Prefetcher, IndirectMemoryPrefetcher -> X86/python/_m5/param_IndirectMemoryPrefetcher.cc
 [     CXX] X86/python/_m5/param_TaggedPrefetcher.cc -> .o
 [SO Param] m5.objects.Prefetcher, IndirectMemoryPrefetcher -> X86/params/IndirectMemoryPrefetcher.hh
 [     CXX] X86/python/_m5/param_IndirectMemoryPrefetcher.cc -> .o
 [SO Param] m5.objects.Prefetcher, SignaturePathPrefetcher -> X86/python/_m5/param_SignaturePathPrefetcher.cc
 [SO Param] m5.objects.Prefetcher, SignaturePathPrefetcherV2 -> X86/python/_m5/param_SignaturePathPrefetcherV2.cc
 [SO Param] m5.objects.Prefetcher, SignaturePathPrefetcher -> X86/params/SignaturePathPrefetcher.hh
 [SO Param] m5.objects.Prefetcher, SignaturePathPrefetcherV2 -> X86/params/SignaturePathPrefetcherV2.hh
 [     CXX] X86/python/_m5/param_SignaturePathPrefetcher.cc -> .o
 [SO Param] m5.objects.Prefetcher, AccessMapPatternMatching -> X86/python/_m5/param_AccessMapPatternMatching.cc
 [     CXX] X86/python/_m5/param_SignaturePathPrefetcherV2.cc -> .o
 [SO Param] m5.objects.Prefetcher, AccessMapPatternMatching -> X86/params/AccessMapPatternMatching.hh
 [     CXX] X86/python/_m5/param_AccessMapPatternMatching.cc -> .o
 [SO Param] m5.objects.Prefetcher, AMPMPrefetcher -> X86/python/_m5/param_AMPMPrefetcher.cc
 [SO Param] m5.objects.Prefetcher, AMPMPrefetcher -> X86/params/AMPMPrefetcher.hh
 [     CXX] X86/python/_m5/param_AMPMPrefetcher.cc -> .o
 [SO Param] m5.objects.Prefetcher, DeltaCorrelatingPredictionTables -> X86/python/_m5/param_DeltaCorrelatingPredictionTables.cc
 [SO Param] m5.objects.Prefetcher, DCPTPrefetcher -> X86/python/_m5/param_DCPTPrefetcher.cc
 [SO Param] m5.objects.Prefetcher, DeltaCorrelatingPredictionTables -> X86/params/DeltaCorrelatingPredictionTables.hh
 [SO Param] m5.objects.Prefetcher, DCPTPrefetcher -> X86/params/DCPTPrefetcher.hh
 [SO Param] m5.objects.Prefetcher, IrregularStreamBufferPrefetcher -> X86/python/_m5/param_IrregularStreamBufferPrefetcher.cc
 [     CXX] X86/python/_m5/param_DCPTPrefetcher.cc -> .o
 [SO Param] m5.objects.Prefetcher, IrregularStreamBufferPrefetcher -> X86/params/IrregularStreamBufferPrefetcher.hh
 [     CXX] X86/python/_m5/param_IrregularStreamBufferPrefetcher.cc -> .o
 [     CXX] X86/python/_m5/param_DeltaCorrelatingPredictionTables.cc -> .o
 [SO Param] m5.objects.Prefetcher, SlimAMPMPrefetcher -> X86/python/_m5/param_SlimAMPMPrefetcher.cc
 [SO Param] m5.objects.Prefetcher, SlimAMPMPrefetcher -> X86/params/SlimAMPMPrefetcher.hh
 [     CXX] X86/python/_m5/param_SlimAMPMPrefetcher.cc -> .o
 [SO Param] m5.objects.Prefetcher, BOPPrefetcher -> X86/python/_m5/param_BOPPrefetcher.cc
 [SO Param] m5.objects.Prefetcher, BOPPrefetcher -> X86/params/BOPPrefetcher.hh
 [SO Param] m5.objects.Prefetcher, SBOOEPrefetcher -> X86/python/_m5/param_SBOOEPrefetcher.cc
 [     CXX] X86/python/_m5/param_BOPPrefetcher.cc -> .o
 [SO Param] m5.objects.Prefetcher, STeMSPrefetcher -> X86/python/_m5/param_STeMSPrefetcher.cc
 [SO Param] m5.objects.Prefetcher, SBOOEPrefetcher -> X86/params/SBOOEPrefetcher.hh
 [SO Param] m5.objects.Prefetcher, PIFPrefetcher -> X86/python/_m5/param_PIFPrefetcher.cc
 [SO Param] m5.objects.Prefetcher, STeMSPrefetcher -> X86/params/STeMSPrefetcher.hh
 [     CXX] X86/python/_m5/param_SBOOEPrefetcher.cc -> .o
 [SO Param] m5.objects.Prefetcher, PIFPrefetcher -> X86/params/PIFPrefetcher.hh
 [     CXX] X86/python/_m5/param_STeMSPrefetcher.cc -> .o
 [     CXX] X86/python/_m5/param_PIFPrefetcher.cc -> .o
 [     CXX] src/mem/cache/prefetch/access_map_pattern_matching.cc -> X86/mem/cache/prefetch/access_map_pattern_matching.o
 [     CXX] src/mem/cache/prefetch/base.cc -> X86/mem/cache/prefetch/base.o
 [     CXX] src/mem/cache/prefetch/multi.cc -> X86/mem/cache/prefetch/multi.o
 [     CXX] src/mem/cache/prefetch/bop.cc -> X86/mem/cache/prefetch/bop.o
 [     CXX] src/mem/cache/prefetch/delta_correlating_prediction_tables.cc -> X86/mem/cache/prefetch/delta_correlating_prediction_tables.o
 [     CXX] src/mem/cache/prefetch/irregular_stream_buffer.cc -> X86/mem/cache/prefetch/irregular_stream_buffer.o
 [     CXX] src/mem/cache/prefetch/indirect_memory.cc -> X86/mem/cache/prefetch/indirect_memory.o
 [     CXX] src/mem/cache/prefetch/pif.cc -> X86/mem/cache/prefetch/pif.o
 [     CXX] src/mem/cache/prefetch/queued.cc -> X86/mem/cache/prefetch/queued.o
 [     CXX] src/mem/cache/prefetch/sbooe.cc -> X86/mem/cache/prefetch/sbooe.o
 [     CXX] src/mem/cache/prefetch/sms.cc -> X86/mem/cache/prefetch/sms.o
 [     CXX] src/mem/cache/prefetch/signature_path.cc -> X86/mem/cache/prefetch/signature_path.o
 [     CXX] src/mem/cache/prefetch/signature_path_v2.cc -> X86/mem/cache/prefetch/signature_path_v2.o
 [     CXX] src/mem/cache/prefetch/slim_ampm.cc -> X86/mem/cache/prefetch/slim_ampm.o
 [     CXX] src/mem/cache/prefetch/spatio_temporal_memory_streaming.cc -> X86/mem/cache/prefetch/spatio_temporal_memory_streaming.o
 [     CXX] src/mem/cache/prefetch/stride.cc -> X86/mem/cache/prefetch/stride.o
 [     CXX] src/mem/cache/prefetch/tagged.cc -> X86/mem/cache/prefetch/tagged.o
 [     CXX] src/mem/protocol/atomic.cc -> X86/mem/protocol/atomic.o
 [     CXX] src/mem/protocol/functional.cc -> X86/mem/protocol/functional.o
 [     CXX] src/mem/protocol/timing.cc -> X86/mem/protocol/timing.o
 [ TRACING]  -> X86/debug/ProtocolTrace.cc
 [ TRACING]  -> X86/debug/ProtocolTrace.hh
 [     CXX] X86/debug/ProtocolTrace.cc -> .o
 [ TRACING]  -> X86/debug/RubyCache.cc
 [ TRACING]  -> X86/debug/RubyCacheTrace.cc
 [ TRACING]  -> X86/debug/RubyCache.hh
 [ TRACING]  -> X86/debug/RubyCacheTrace.hh
 [     CXX] X86/debug/RubyCache.cc -> .o
 [     CXX] X86/debug/RubyCacheTrace.cc -> .o
 [ TRACING]  -> X86/debug/RubyDma.cc
 [ TRACING]  -> X86/debug/RubyDma.hh
 [ TRACING]  -> X86/debug/RubyGenerated.cc
 [     CXX] X86/debug/RubyDma.cc -> .o
 [ TRACING]  -> X86/debug/RubyGenerated.hh
 [     CXX] X86/debug/RubyGenerated.cc -> .o
 [ TRACING]  -> X86/debug/RubyNetwork.cc
 [ TRACING]  -> X86/debug/RubyNetwork.hh
 [ TRACING]  -> X86/debug/RubyPort.cc
 [ TRACING]  -> X86/debug/RubyPrefetcher.cc
 [     CXX] X86/debug/RubyNetwork.cc -> .o
 [ TRACING]  -> X86/debug/RubyPort.hh
 [ TRACING]  -> X86/debug/RubyPrefetcher.hh
 [ TRACING]  -> X86/debug/RubyQueue.cc
 [     CXX] X86/debug/RubyPort.cc -> .o
 [     CXX] X86/debug/RubyPrefetcher.cc -> .o
 [ TRACING]  -> X86/debug/RubySequencer.cc
 [ TRACING]  -> X86/debug/RubyQueue.hh
 [ TRACING]  -> X86/debug/RubySequencer.hh
 [     CXX] X86/debug/RubyQueue.cc -> .o
 [     CXX] X86/debug/RubySequencer.cc -> .o
 [ TRACING]  -> X86/debug/RubySlicc.cc
 [ TRACING]  -> X86/debug/RubySlicc.hh
 [ TRACING]  -> X86/debug/RubySystem.cc
 [     CXX] X86/debug/RubySlicc.cc -> .o
 [ TRACING]  -> X86/debug/RubyTester.cc
 [ TRACING]  -> X86/debug/RubyStats.cc
 [ TRACING]  -> X86/debug/RubySystem.hh
 [ TRACING]  -> X86/debug/RubyTester.hh
 [ TRACING]  -> X86/debug/RubyStats.hh
 [     CXX] X86/debug/RubySystem.cc -> .o
 [     CXX] X86/debug/RubyStats.cc -> .o
 [     CXX] X86/debug/RubyTester.cc -> .o
 [ TRACING]  -> X86/debug/RubyResourceStalls.cc
 [ TRACING]  -> X86/debug/RubyProtocol.cc
 [ TRACING]  -> X86/debug/RubyHitMiss.cc
 [ TRACING]  -> X86/debug/RubyProtocol.hh
 [ TRACING]  -> X86/debug/RubyResourceStalls.hh
 [ TRACING]  -> X86/debug/RubyHitMiss.hh
 [     CXX] X86/debug/RubyProtocol.cc -> .o
 [     CXX] X86/debug/RubyResourceStalls.cc -> .o
 [     CXX] X86/debug/RubyHitMiss.cc -> .o
 [ TRACING]  -> X86/debug/Ruby.cc
 [ TRACING]  -> X86/debug/Ruby.hh
 [     CXX] X86/mem/ruby/slicc_interface/Controller.py.cc -> .o
 [     CXX] X86/debug/Ruby.cc -> .o
 [SO Param] m5.objects.Controller, RubyController -> X86/python/_m5/param_RubyController.cc
 [SO Param] m5.objects.Network, RubyNetwork -> X86/params/RubyNetwork.hh
 [MAKE INC] src/mem/ruby/common/DataBlock.hh -> X86/mem/ruby/protocol/DataBlock.hh
 [MAKE INC] src/mem/ruby/common/MachineID.hh -> X86/mem/ruby/protocol/MachineID.hh
 [MAKE INC] src/mem/ruby/slicc_interface/Message.hh -> X86/mem/ruby/protocol/Message.hh
 [SO Param] m5.objects.Controller, RubyController -> X86/params/RubyController.hh
 [SO Param] m5.objects.RubySystem, RubySystem -> X86/params/RubySystem.hh
 [SO Param] m5.objects.Sequencer, RubySequencer -> X86/params/RubySequencer.hh
 [SO Param] m5.objects.MessageBuffer, MessageBuffer -> X86/params/MessageBuffer.hh
 [SO Param] m5.objects.RubyTester, RubyTester -> X86/params/RubyTester.hh
 [MAKE INC] src/mem/ruby/slicc_interface/RubyRequest.hh -> X86/mem/ruby/protocol/RubyRequest.hh
 [SO Param] m5.objects.RubyCache, RubyCache -> X86/params/RubyCache.hh
 [SO Param] m5.objects.Sequencer, RubyPort -> X86/params/RubyPort.hh
 [SO Param] m5.objects.BasicLink, BasicExtLink -> X86/params/BasicExtLink.hh
 [SO Param] m5.objects.BasicLink, BasicIntLink -> X86/params/BasicIntLink.hh
 [SO Param] m5.objects.BasicLink, BasicLink -> X86/params/BasicLink.hh
 [ENUMDECL] m5.objects.MessageBuffer, MessageRandomization -> X86/enums/MessageRandomization.hh
 [SO Param] m5.objects.BasicRouter, BasicRouter -> X86/params/BasicRouter.hh
 [SO Param] m5.objects.DirectoryMemory, RubyDirectoryMemory -> X86/params/RubyDirectoryMemory.hh
 [     CXX] src/mem/ruby/slicc_interface/AbstractCacheEntry.cc -> X86/mem/ruby/slicc_interface/AbstractCacheEntry.o
 [     CXX] src/mem/ruby/slicc_interface/RubyRequest.cc -> X86/mem/ruby/slicc_interface/RubyRequest.o
 [MAKE INC] src/mem/ruby/structures/TimerTable.hh -> X86/mem/ruby/protocol/TimerTable.hh
 [     CXX] X86/python/_m5/param_RubyController.cc -> .o
 [MAKE INC] src/mem/ruby/structures/TBETable.hh -> X86/mem/ruby/protocol/TBETable.hh
 [SO Param] m5.objects.MESI_Two_Level_L1Cache_Controller, MESI_Two_Level_L1Cache_Controller -> X86/params/MESI_Two_Level_L1Cache_Controller.hh
 [MAKE INC] src/mem/ruby/common/BoolVec.hh -> X86/mem/ruby/protocol/BoolVec.hh
 [SO Param] m5.objects.Sequencer, DMASequencer -> X86/params/DMASequencer.hh
 [     CXX] src/mem/ruby/slicc_interface/AbstractController.cc -> X86/mem/ruby/slicc_interface/AbstractController.o
 [MAKE INC] src/mem/ruby/structures/CacheMemory.hh -> X86/mem/ruby/protocol/CacheMemory.hh
 [MAKE INC] src/mem/ruby/structures/DirectoryMemory.hh -> X86/mem/ruby/protocol/DirectoryMemory.hh
 [SO Param] m5.objects.Sequencer, RubyHTMSequencer -> X86/params/RubyHTMSequencer.hh
 [MAKE INC] src/mem/ruby/system/DMASequencer.hh -> X86/mem/ruby/protocol/DMASequencer.hh
 [MAKE INC] src/mem/ruby/common/NetDest.hh -> X86/mem/ruby/protocol/NetDest.hh
 [SO Param] m5.objects.RubyPrefetcher, RubyPrefetcher -> X86/params/RubyPrefetcher.hh
 [MAKE INC] src/mem/ruby/structures/RubyPrefetcherProxy.hh -> X86/mem/ruby/protocol/RubyPrefetcherProxy.hh
 [MAKE INC] src/mem/ruby/system/Sequencer.hh -> X86/mem/ruby/protocol/Sequencer.hh
 [MAKE INC] src/mem/ruby/common/Set.hh -> X86/mem/ruby/protocol/Set.hh
 [SO Param] m5.objects.WireBuffer, RubyWireBuffer -> X86/params/RubyWireBuffer.hh
 [MAKE INC] src/mem/ruby/system/HTMSequencer.hh -> X86/mem/ruby/protocol/HTMSequencer.hh
 [MAKE INC] src/mem/ruby/common/WriteMask.hh -> X86/mem/ruby/protocol/WriteMask.hh
 [MAKE INC] src/mem/ruby/slicc_interface/AbstractCacheEntry.hh -> X86/mem/ruby/protocol/AbstractCacheEntry.hh
 [SO Param] m5.objects.MESI_Two_Level_Directory_Controller, MESI_Two_Level_Directory_Controller -> X86/params/MESI_Two_Level_Directory_Controller.hh
 [MAKE INC] src/mem/ruby/structures/RubyPrefetcher.hh -> X86/mem/ruby/protocol/RubyPrefetcher.hh
 [SO Param] m5.objects.MESI_Two_Level_L2Cache_Controller, MESI_Two_Level_L2Cache_Controller -> X86/params/MESI_Two_Level_L2Cache_Controller.hh
 [MAKE INC] src/mem/ruby/structures/WireBuffer.hh -> X86/mem/ruby/protocol/WireBuffer.hh
 [     CXX] X86/mem/ruby/protocol/MESI_Two_Level/L1Cache_Wakeup.cc -> .o
 [     CXX] X86/mem/ruby/protocol/MESI_Two_Level/Directory_Controller.cc -> .o
 [     CXX] X86/mem/ruby/protocol/MESI_Two_Level/L2Cache_Transitions.cc -> .o
 [     CXX] X86/mem/ruby/protocol/MESI_Two_Level/Directory_Transitions.cc -> .o
 [     CXX] X86/mem/ruby/protocol/LinkDirection.cc -> .o
 [     CXX] X86/mem/ruby/protocol/MESI_Two_Level/L2Cache_Controller.cc -> .o
 [     CXX] X86/mem/ruby/protocol/CacheResourceType.cc -> .o
 [     CXX] X86/mem/ruby/protocol/MESI_Two_Level/L2Cache_Wakeup.cc -> .o
 [     CXX] X86/mem/ruby/protocol/MESI_Two_Level/DMA_TBE.cc -> .o
 [     CXX] X86/mem/ruby/protocol/MESI_Two_Level/Directory_Wakeup.cc -> .o
 [     CXX] X86/mem/ruby/protocol/MESI_Two_Level/CoherenceRequestType.cc -> .o
 [     CXX] X86/mem/ruby/protocol/RubyAccessMode.cc -> .o
 [     CXX] X86/mem/ruby/protocol/MemoryControlRequestType.cc -> .o
 [     CXX] X86/mem/ruby/protocol/MESI_Two_Level/Directory_Entry.cc -> .o
 [     CXX] X86/mem/ruby/protocol/MESI_Two_Level/MESI_Two_Level_DMA_Controller.py.cc -> .o
 [SO Param] m5.objects.MESI_Two_Level_DMA_Controller, MESI_Two_Level_DMA_Controller -> X86/python/_m5/param_MESI_Two_Level_DMA_Controller.cc
 [SO Param] m5.objects.MESI_Two_Level_DMA_Controller, MESI_Two_Level_DMA_Controller -> X86/params/MESI_Two_Level_DMA_Controller.hh
 [     CXX] X86/mem/ruby/protocol/MESI_Two_Level/L1Cache_Controller.cc -> .o
 [     CXX] X86/python/_m5/param_MESI_Two_Level_DMA_Controller.cc -> .o
 [     CXX] X86/mem/ruby/protocol/SeriesRequestGeneratorStatus.cc -> .o
 [     CXX] X86/mem/ruby/protocol/MESI_Two_Level/L2Cache_Entry.cc -> .o
 [     CXX] X86/mem/ruby/protocol/MESI_Two_Level/MESI_Two_Level_Directory_Controller.py.cc -> .o
 [SO Param] m5.objects.MESI_Two_Level_Directory_Controller, MESI_Two_Level_Directory_Controller -> X86/python/_m5/param_MESI_Two_Level_Directory_Controller.cc
 [     CXX] X86/mem/ruby/protocol/MESI_Two_Level/DMA_Transitions.cc -> .o
 [     CXX] X86/python/_m5/param_MESI_Two_Level_Directory_Controller.cc -> .o
 [     CXX] X86/mem/ruby/protocol/MESI_Two_Level/CoherenceResponseType.cc -> .o
 [     CXX] X86/mem/ruby/protocol/RubyRequestType.cc -> .o
 [     CXX] X86/mem/ruby/protocol/MemoryMsg.cc -> .o
 [     CXX] X86/mem/ruby/protocol/MESI_Two_Level/Directory_Event.cc -> .o
 [     CXX] X86/mem/ruby/protocol/MESI_Two_Level/MESI_Two_Level_L1Cache_Controller.py.cc -> .o
 [SO Param] m5.objects.MESI_Two_Level_L1Cache_Controller, MESI_Two_Level_L1Cache_Controller -> X86/python/_m5/param_MESI_Two_Level_L1Cache_Controller.cc
 [     CXX] X86/python/_m5/param_MESI_Two_Level_L1Cache_Controller.cc -> .o
 [     CXX] X86/mem/ruby/protocol/MESI_Two_Level/L1Cache_Entry.cc -> .o
 [     CXX] X86/mem/ruby/protocol/TesterStatus.cc -> .o
 [     CXX] X86/mem/ruby/protocol/LockStatus.cc -> .o
 [     CXX] X86/mem/ruby/protocol/MESI_Two_Level/MESI_Two_Level_L2Cache_Controller.py.cc -> .o
 [SO Param] m5.objects.MESI_Two_Level_L2Cache_Controller, MESI_Two_Level_L2Cache_Controller -> X86/python/_m5/param_MESI_Two_Level_L2Cache_Controller.cc
 [     CXX] X86/python/_m5/param_MESI_Two_Level_L2Cache_Controller.cc -> .o
 [     CXX] X86/mem/ruby/protocol/TransitionResult.cc -> .o
 [     CXX] X86/mem/ruby/protocol/HtmCallbackMode.cc -> .o
 [     CXX] X86/mem/ruby/protocol/SequencerMsg.cc -> .o
 [     CXX] X86/mem/ruby/protocol/DirectoryRequestType.cc -> .o
 [     CXX] X86/mem/ruby/protocol/MESI_Two_Level/RequestMsg.cc -> .o
 [     CXX] X86/mem/ruby/protocol/MESI_Two_Level/L1Cache_Event.cc -> .o
 [     CXX] X86/mem/ruby/protocol/AccessPermission.cc -> .o
 [     CXX] X86/mem/ruby/protocol/MachineType.cc -> .o
 [     CXX] X86/mem/ruby/protocol/MemoryRequestType.cc -> .o
 [     CXX] X86/mem/ruby/protocol/SequencerStatus.cc -> .o
 [     CXX] X86/mem/ruby/protocol/SequencerRequestType.cc -> .o
 [     CXX] X86/mem/ruby/protocol/MESI_Two_Level/L2Cache_Event.cc -> .o
 [     CXX] X86/mem/ruby/protocol/CacheRequestType.cc -> .o
 [     CXX] X86/mem/ruby/protocol/AccessType.cc -> .o
 [     CXX] X86/mem/ruby/protocol/MESI_Two_Level/L1Cache_State.cc -> .o
 [     CXX] X86/mem/ruby/protocol/MessageSizeType.cc -> .o
 [     CXX] X86/mem/ruby/protocol/MaskPredictorIndex.cc -> .o
 [     CXX] X86/mem/ruby/protocol/HtmFailedInCacheReason.cc -> .o
 [     CXX] X86/mem/ruby/protocol/MESI_Two_Level/ResponseMsg.cc -> .o
 [     CXX] X86/mem/ruby/protocol/MESI_Two_Level/L2Cache_State.cc -> .o
 [     CXX] X86/mem/ruby/protocol/MESI_Two_Level/Directory_State.cc -> .o
 [     CXX] X86/mem/ruby/protocol/MESI_Two_Level/L1Cache_TBE.cc -> .o
 [     CXX] X86/mem/ruby/protocol/MESI_Two_Level/DMA_Controller.cc -> .o
 [     CXX] X86/mem/ruby/protocol/PrefetchBit.cc -> .o
 [     CXX] X86/mem/ruby/protocol/MaskPredictorTraining.cc -> .o
 [     CXX] X86/mem/ruby/protocol/DMASequencerRequestType.cc -> .o
 [     CXX] X86/mem/ruby/protocol/MESI_Two_Level/L2Cache_TBE.cc -> .o
 [     CXX] X86/mem/ruby/protocol/MESI_Two_Level/Directory_TBE.cc -> .o
 [     CXX] X86/mem/ruby/protocol/InvalidateGeneratorStatus.cc -> .o
 [     CXX] X86/mem/ruby/protocol/MESI_Two_Level/L1Cache_Transitions.cc -> .o
 [     CXX] X86/mem/ruby/protocol/MESI_Two_Level/DMA_Wakeup.cc -> .o
 [     CXX] X86/mem/ruby/protocol/MESI_Two_Level/DMA_State.cc -> .o
 [     CXX] X86/mem/ruby/protocol/MESI_Two_Level/DMA_Event.cc -> .o
 [     CXX] X86/mem/ruby/protocol/RequestStatus.cc -> .o
 [     CXX] X86/mem/ruby/protocol/MaskPredictorType.cc -> .o
 [     CXX] src/mem/ruby/common/Address.cc -> X86/mem/ruby/common/Address.o
 [     CXX] src/mem/ruby/common/BoolVec.cc -> X86/mem/ruby/common/BoolVec.o
 [     CXX] src/mem/ruby/common/Consumer.cc -> X86/mem/ruby/common/Consumer.o
 [     CXX] src/mem/ruby/common/DataBlock.cc -> X86/mem/ruby/common/DataBlock.o
 [     CXX] src/mem/ruby/common/Histogram.cc -> X86/mem/ruby/common/Histogram.o
 [     CXX] src/mem/ruby/common/IntVec.cc -> X86/mem/ruby/common/IntVec.o
 [     CXX] src/mem/ruby/common/NetDest.cc -> X86/mem/ruby/common/NetDest.o
 [     CXX] src/mem/ruby/common/SubBlock.cc -> X86/mem/ruby/common/SubBlock.o
 [     CXX] src/mem/ruby/common/WriteMask.cc -> X86/mem/ruby/common/WriteMask.o
 [     CXX] src/mem/ruby/profiler/AccessTraceForAddress.cc -> X86/mem/ruby/profiler/AccessTraceForAddress.o
 [     CXX] src/mem/ruby/profiler/AddressProfiler.cc -> X86/mem/ruby/profiler/AddressProfiler.o
 [CONFIG H] BUILD_GPU, 0 -> X86/config/build_gpu.hh
 [ CFG ISA]  -> X86/config/the_gpu_isa.hh
 [     CXX] src/mem/ruby/profiler/Profiler.cc -> X86/mem/ruby/profiler/Profiler.o
 [     CXX] src/mem/ruby/profiler/StoreTrace.cc -> X86/mem/ruby/profiler/StoreTrace.o
 [     CXX] X86/mem/ruby/system/RubySystem.py.cc -> .o
 [SO Param] m5.objects.RubySystem, RubySystem -> X86/python/_m5/param_RubySystem.cc
 [     CXX] X86/mem/ruby/system/Sequencer.py.cc -> .o
 [     CXX] X86/python/_m5/param_RubySystem.cc -> .o
 [SO Param] m5.objects.Sequencer, RubyPort -> X86/python/_m5/param_RubyPort.cc
 [     CXX] X86/python/_m5/param_RubyPort.cc -> .o
 [SO Param] m5.objects.Sequencer, RubyPortProxy -> X86/python/_m5/param_RubyPortProxy.cc
 [SO Param] m5.objects.Sequencer, RubySequencer -> X86/python/_m5/param_RubySequencer.cc
 [SO Param] m5.objects.Sequencer, RubyPortProxy -> X86/params/RubyPortProxy.hh
 [     CXX] X86/python/_m5/param_RubySequencer.cc -> .o
 [     CXX] X86/python/_m5/param_RubyPortProxy.cc -> .o
 [SO Param] m5.objects.Sequencer, RubyHTMSequencer -> X86/python/_m5/param_RubyHTMSequencer.cc
 [     CXX] X86/python/_m5/param_RubyHTMSequencer.cc -> .o
 [SO Param] m5.objects.Sequencer, DMASequencer -> X86/python/_m5/param_DMASequencer.cc
 [     CXX] X86/python/_m5/param_DMASequencer.cc -> .o
 [     CXX] src/mem/ruby/system/CacheRecorder.cc -> X86/mem/ruby/system/CacheRecorder.o
 [     CXX] src/mem/ruby/system/DMASequencer.cc -> X86/mem/ruby/system/DMASequencer.o
 [     CXX] src/mem/ruby/system/HTMSequencer.cc -> X86/mem/ruby/system/HTMSequencer.o
 [     CXX] src/mem/ruby/system/RubyPort.cc -> X86/mem/ruby/system/RubyPort.o
 [     CXX] src/mem/ruby/system/RubyPortProxy.cc -> X86/mem/ruby/system/RubyPortProxy.o
 [     CXX] src/mem/ruby/system/RubySystem.cc -> X86/mem/ruby/system/RubySystem.o
 [     CXX] src/mem/ruby/system/Sequencer.cc -> X86/mem/ruby/system/Sequencer.o
 [     CXX] X86/mem/ruby/structures/RubyCache.py.cc -> .o
 [SO Param] m5.objects.RubyCache, RubyCache -> X86/python/_m5/param_RubyCache.cc
 [     CXX] X86/python/_m5/param_RubyCache.cc -> .o
 [     CXX] X86/mem/ruby/structures/DirectoryMemory.py.cc -> .o
 [SO Param] m5.objects.DirectoryMemory, RubyDirectoryMemory -> X86/python/_m5/param_RubyDirectoryMemory.cc
 [     CXX] X86/python/_m5/param_RubyDirectoryMemory.cc -> .o
 [     CXX] X86/mem/ruby/structures/RubyPrefetcher.py.cc -> .o
 [SO Param] m5.objects.RubyPrefetcher, RubyPrefetcher -> X86/python/_m5/param_RubyPrefetcher.cc
 [     CXX] X86/mem/ruby/structures/WireBuffer.py.cc -> .o
 [     CXX] X86/python/_m5/param_RubyPrefetcher.cc -> .o
 [SO Param] m5.objects.WireBuffer, RubyWireBuffer -> X86/python/_m5/param_RubyWireBuffer.cc
 [     CXX] X86/python/_m5/param_RubyWireBuffer.cc -> .o
 [     CXX] src/mem/ruby/structures/DirectoryMemory.cc -> X86/mem/ruby/structures/DirectoryMemory.o
 [     CXX] src/mem/ruby/structures/CacheMemory.cc -> X86/mem/ruby/structures/CacheMemory.o
 [     CXX] src/mem/ruby/structures/WireBuffer.cc -> X86/mem/ruby/structures/WireBuffer.o
 [     CXX] src/mem/ruby/structures/PersistentTable.cc -> X86/mem/ruby/structures/PersistentTable.o
 [     CXX] src/mem/ruby/structures/RubyPrefetcher.cc -> X86/mem/ruby/structures/RubyPrefetcher.o
 [     CXX] src/mem/ruby/structures/RubyPrefetcherProxy.cc -> X86/mem/ruby/structures/RubyPrefetcherProxy.o
 [     CXX] src/mem/ruby/structures/TimerTable.cc -> X86/mem/ruby/structures/TimerTable.o
 [     CXX] src/mem/ruby/structures/BankedArray.cc -> X86/mem/ruby/structures/BankedArray.o
 [     CXX] src/mem/ruby/structures/ALUFreeListArray.cc -> X86/mem/ruby/structures/ALUFreeListArray.o
 [     CXX] src/mem/ruby/structures/TBEStorage.cc -> X86/mem/ruby/structures/TBEStorage.o
 [     CXX] X86/mem/ruby/network/BasicLink.py.cc -> .o
 [SO Param] m5.objects.BasicLink, BasicLink -> X86/python/_m5/param_BasicLink.cc
 [SO Param] m5.objects.BasicLink, BasicExtLink -> X86/python/_m5/param_BasicExtLink.cc
 [     CXX] X86/python/_m5/param_BasicLink.cc -> .o
 [SO Param] m5.objects.BasicLink, BasicIntLink -> X86/python/_m5/param_BasicIntLink.cc
 [     CXX] X86/python/_m5/param_BasicExtLink.cc -> .o
 [     CXX] X86/mem/ruby/network/BasicRouter.py.cc -> .o
 [SO Param] m5.objects.BasicRouter, BasicRouter -> X86/python/_m5/param_BasicRouter.cc
 [     CXX] X86/mem/ruby/network/MessageBuffer.py.cc -> .o
 [     CXX] X86/python/_m5/param_BasicIntLink.cc -> .o
 [     CXX] X86/python/_m5/param_BasicRouter.cc -> .o
 [SO Param] m5.objects.MessageBuffer, MessageBuffer -> X86/python/_m5/param_MessageBuffer.cc
 [     CXX] X86/python/_m5/param_MessageBuffer.cc -> .o
 [ENUM STR] m5.objects.MessageBuffer, MessageRandomization -> X86/enums/MessageRandomization.cc
 [     CXX] X86/enums/MessageRandomization.cc -> .o
 [     CXX] X86/mem/ruby/network/Network.py.cc -> .o
 [SO Param] m5.objects.Network, RubyNetwork -> X86/python/_m5/param_RubyNetwork.cc
 [     CXX] X86/python/_m5/param_RubyNetwork.cc -> .o
 [     CXX] src/mem/ruby/network/BasicLink.cc -> X86/mem/ruby/network/BasicLink.o
 [     CXX] src/mem/ruby/network/BasicRouter.cc -> X86/mem/ruby/network/BasicRouter.o
 [     CXX] src/mem/ruby/network/MessageBuffer.cc -> X86/mem/ruby/network/MessageBuffer.o
 [     CXX] src/mem/ruby/network/Network.cc -> X86/mem/ruby/network/Network.o
 [     CXX] src/mem/ruby/network/Topology.cc -> X86/mem/ruby/network/Topology.o
 [     CXX] X86/mem/ruby/network/fault_model/FaultModel.py.cc -> .o
 [SO Param] m5.objects.FaultModel, FaultModel -> X86/python/_m5/param_FaultModel.cc
 [SO Param] m5.objects.FaultModel, FaultModel -> X86/params/FaultModel.hh
 [     CXX] X86/mem/ruby/network/simple/SimpleLink.py.cc -> .o
 [     CXX] src/mem/ruby/network/fault_model/FaultModel.cc -> X86/mem/ruby/network/fault_model/FaultModel.o
 [     CXX] X86/python/_m5/param_FaultModel.cc -> .o
 [SO Param] m5.objects.SimpleLink, SimpleExtLink -> X86/python/_m5/param_SimpleExtLink.cc
 [SO Param] m5.objects.SimpleLink, SimpleExtLink -> X86/params/SimpleExtLink.hh
 [SO Param] m5.objects.SimpleLink, SimpleIntLink -> X86/params/SimpleIntLink.hh
 [SO Param] m5.objects.SimpleLink, SimpleIntLink -> X86/python/_m5/param_SimpleIntLink.cc
 [     CXX] X86/python/_m5/param_SimpleExtLink.cc -> .o
 [     CXX] X86/python/_m5/param_SimpleIntLink.cc -> .o
 [     CXX] X86/mem/ruby/network/simple/SimpleNetwork.py.cc -> .o
 [SO Param] m5.objects.SimpleNetwork, SimpleNetwork -> X86/python/_m5/param_SimpleNetwork.cc
 [SO Param] m5.objects.SimpleNetwork, SimpleNetwork -> X86/params/SimpleNetwork.hh
 [     CXX] X86/python/_m5/param_SimpleNetwork.cc -> .o
 [SO Param] m5.objects.SimpleNetwork, BaseRoutingUnit -> X86/python/_m5/param_BaseRoutingUnit.cc
 [SO Param] m5.objects.SimpleNetwork, BaseRoutingUnit -> X86/params/BaseRoutingUnit.hh
 [SO Param] m5.objects.SimpleNetwork, WeightBased -> X86/python/_m5/param_WeightBased.cc
 [     CXX] X86/python/_m5/param_BaseRoutingUnit.cc -> .o
 [SO Param] m5.objects.SimpleNetwork, WeightBased -> X86/params/WeightBased.hh
 [SO Param] m5.objects.SimpleNetwork, Switch -> X86/python/_m5/param_Switch.cc
 [     CXX] X86/python/_m5/param_WeightBased.cc -> .o
 [SO Param] m5.objects.SimpleNetwork, Switch -> X86/params/Switch.hh
 [     CXX] X86/python/_m5/param_Switch.cc -> .o
 [     CXX] src/mem/ruby/network/simple/PerfectSwitch.cc -> X86/mem/ruby/network/simple/PerfectSwitch.o
 [     CXX] src/mem/ruby/network/simple/SimpleLink.cc -> X86/mem/ruby/network/simple/SimpleLink.o
 [     CXX] src/mem/ruby/network/simple/SimpleNetwork.cc -> X86/mem/ruby/network/simple/SimpleNetwork.o
 [     CXX] src/mem/ruby/network/simple/Switch.cc -> X86/mem/ruby/network/simple/Switch.o
 [     CXX] src/mem/ruby/network/simple/Throttle.cc -> X86/mem/ruby/network/simple/Throttle.o
 [     CXX] src/mem/ruby/network/simple/routing/WeightBased.cc -> X86/mem/ruby/network/simple/routing/WeightBased.o
 [     CXX] X86/mem/ruby/network/garnet/GarnetLink.py.cc -> .o
 [SO Param] m5.objects.GarnetLink, NetworkLink -> X86/python/_m5/param_NetworkLink.cc
 [SO Param] m5.objects.GarnetLink, CreditLink -> X86/python/_m5/param_CreditLink.cc
 [SO Param] m5.objects.GarnetLink, NetworkLink -> X86/params/NetworkLink.hh
 [SO Param] m5.objects.GarnetLink, CreditLink -> X86/params/CreditLink.hh
 [SO Param] m5.objects.GarnetLink, NetworkBridge -> X86/python/_m5/param_NetworkBridge.cc
 [     CXX] X86/python/_m5/param_NetworkLink.cc -> .o
 [     CXX] X86/python/_m5/param_CreditLink.cc -> .o
 [ENUMDECL] m5.objects.GarnetLink, CDCType -> X86/enums/CDCType.hh
 [SO Param] m5.objects.GarnetLink, NetworkBridge -> X86/params/NetworkBridge.hh
 [SO Param] m5.objects.GarnetLink, GarnetExtLink -> X86/params/GarnetExtLink.hh
 [SO Param] m5.objects.GarnetLink, GarnetIntLink -> X86/params/GarnetIntLink.hh
 [SO Param] m5.objects.GarnetLink, GarnetIntLink -> X86/python/_m5/param_GarnetIntLink.cc
 [     CXX] X86/python/_m5/param_NetworkBridge.cc -> .o
 [     CXX] X86/python/_m5/param_GarnetIntLink.cc -> .o
 [SO Param] m5.objects.GarnetLink, GarnetExtLink -> X86/python/_m5/param_GarnetExtLink.cc
 [     CXX] X86/python/_m5/param_GarnetExtLink.cc -> .o
 [ENUM STR] m5.objects.GarnetLink, CDCType -> X86/enums/CDCType.cc
 [     CXX] X86/enums/CDCType.cc -> .o
 [     CXX] X86/mem/ruby/network/garnet/GarnetNetwork.py.cc -> .o
 [SO Param] m5.objects.GarnetNetwork, GarnetNetwork -> X86/python/_m5/param_GarnetNetwork.cc
 [SO Param] m5.objects.GarnetNetwork, GarnetNetwork -> X86/params/GarnetNetwork.hh
 [     CXX] X86/python/_m5/param_GarnetNetwork.cc -> .o
 [SO Param] m5.objects.GarnetNetwork, GarnetNetworkInterface -> X86/python/_m5/param_GarnetNetworkInterface.cc
 [SO Param] m5.objects.GarnetNetwork, GarnetNetworkInterface -> X86/params/GarnetNetworkInterface.hh
 [SO Param] m5.objects.GarnetNetwork, GarnetRouter -> X86/python/_m5/param_GarnetRouter.cc
 [     CXX] X86/python/_m5/param_GarnetNetworkInterface.cc -> .o
 [SO Param] m5.objects.GarnetNetwork, GarnetRouter -> X86/params/GarnetRouter.hh
 [     CXX] X86/python/_m5/param_GarnetRouter.cc -> .o
 [     CXX] src/mem/ruby/network/garnet/GarnetLink.cc -> X86/mem/ruby/network/garnet/GarnetLink.o
 [     CXX] src/mem/ruby/network/garnet/GarnetNetwork.cc -> X86/mem/ruby/network/garnet/GarnetNetwork.o
 [     CXX] src/mem/ruby/network/garnet/InputUnit.cc -> X86/mem/ruby/network/garnet/InputUnit.o
 [     CXX] src/mem/ruby/network/garnet/NetworkInterface.cc -> X86/mem/ruby/network/garnet/NetworkInterface.o
 [     CXX] src/mem/ruby/network/garnet/NetworkLink.cc -> X86/mem/ruby/network/garnet/NetworkLink.o
 [     CXX] src/mem/ruby/network/garnet/OutVcState.cc -> X86/mem/ruby/network/garnet/OutVcState.o
 [     CXX] src/mem/ruby/network/garnet/OutputUnit.cc -> X86/mem/ruby/network/garnet/OutputUnit.o
 [     CXX] src/mem/ruby/network/garnet/Router.cc -> X86/mem/ruby/network/garnet/Router.o
 [     CXX] src/mem/ruby/network/garnet/RoutingUnit.cc -> X86/mem/ruby/network/garnet/RoutingUnit.o
 [     CXX] src/mem/ruby/network/garnet/SwitchAllocator.cc -> X86/mem/ruby/network/garnet/SwitchAllocator.o
 [     CXX] src/mem/ruby/network/garnet/CrossbarSwitch.cc -> X86/mem/ruby/network/garnet/CrossbarSwitch.o
 [     CXX] src/mem/ruby/network/garnet/VirtualChannel.cc -> X86/mem/ruby/network/garnet/VirtualChannel.o
 [     CXX] src/mem/ruby/network/garnet/flitBuffer.cc -> X86/mem/ruby/network/garnet/flitBuffer.o
 [     CXX] src/mem/ruby/network/garnet/flit.cc -> X86/mem/ruby/network/garnet/flit.o
 [     CXX] src/mem/ruby/network/garnet/Credit.cc -> X86/mem/ruby/network/garnet/Credit.o
 [     CXX] src/mem/ruby/network/garnet/NetworkBridge.cc -> X86/mem/ruby/network/garnet/NetworkBridge.o
 [     CXX] X86/mem/qos/QoSMemCtrl.py.cc -> .o
 [SO Param] m5.objects.QoSMemCtrl, QoSMemCtrl -> X86/python/_m5/param_QoSMemCtrl.cc
 [ENUM STR] m5.objects.QoSMemCtrl, QoSQPolicy -> X86/enums/QoSQPolicy.cc
 [     CXX] X86/mem/qos/QoSMemSinkCtrl.py.cc -> .o
 [SO Param] m5.objects.QoSMemSinkCtrl, QoSMemSinkCtrl -> X86/python/_m5/param_QoSMemSinkCtrl.cc
 [     CXX] X86/mem/qos/QoSMemSinkInterface.py.cc -> .o
 [     CXX] X86/enums/QoSQPolicy.cc -> .o
 [     CXX] X86/python/_m5/param_QoSMemCtrl.cc -> .o
 [SO Param] m5.objects.QoSMemSinkCtrl, QoSMemSinkCtrl -> X86/params/QoSMemSinkCtrl.hh
 [SO Param] m5.objects.QoSMemSinkInterface, QoSMemSinkInterface -> X86/params/QoSMemSinkInterface.hh
 [     CXX] X86/python/_m5/param_QoSMemSinkCtrl.cc -> .o
 [SO Param] m5.objects.QoSMemSinkInterface, QoSMemSinkInterface -> X86/python/_m5/param_QoSMemSinkInterface.cc
 [     CXX] X86/python/_m5/param_QoSMemSinkInterface.cc -> .o
 [     CXX] X86/mem/qos/QoSPolicy.py.cc -> .o
 [SO Param] m5.objects.QoSPolicy, QoSPolicy -> X86/python/_m5/param_QoSPolicy.cc
 [     CXX] X86/python/_m5/param_QoSPolicy.cc -> .o
 [SO Param] m5.objects.QoSPolicy, QoSFixedPriorityPolicy -> X86/python/_m5/param_QoSFixedPriorityPolicy.cc
 [SO Param] m5.objects.QoSPolicy, QoSFixedPriorityPolicy -> X86/params/QoSFixedPriorityPolicy.hh
 [     CXX] X86/python/_m5/param_QoSFixedPriorityPolicy.cc -> .o
 [SO Param] m5.objects.QoSPolicy, QoSPropFairPolicy -> X86/python/_m5/param_QoSPropFairPolicy.cc
 [SO Param] m5.objects.QoSPolicy, QoSPropFairPolicy -> X86/params/QoSPropFairPolicy.hh
 [     CXX] X86/python/_m5/param_QoSPropFairPolicy.cc -> .o
 [     CXX] X86/mem/qos/QoSTurnaround.py.cc -> .o
 [SO Param] m5.objects.QoSTurnaround, QoSTurnaroundPolicy -> X86/python/_m5/param_QoSTurnaroundPolicy.cc
 [     CXX] X86/python/_m5/param_QoSTurnaroundPolicy.cc -> .o
 [SO Param] m5.objects.QoSTurnaround, QoSTurnaroundPolicyIdeal -> X86/python/_m5/param_QoSTurnaroundPolicyIdeal.cc
 [SO Param] m5.objects.QoSTurnaround, QoSTurnaroundPolicyIdeal -> X86/params/QoSTurnaroundPolicyIdeal.hh
 [     CXX] X86/python/_m5/param_QoSTurnaroundPolicyIdeal.cc -> .o
 [     CXX] src/mem/qos/policy.cc -> X86/mem/qos/policy.o
 [     CXX] src/mem/qos/policy_fixed_prio.cc -> X86/mem/qos/policy_fixed_prio.o
 [     CXX] src/mem/qos/policy_pf.cc -> X86/mem/qos/policy_pf.o
 [     CXX] src/mem/qos/turnaround_policy_ideal.cc -> X86/mem/qos/turnaround_policy_ideal.o
 [     CXX] src/mem/qos/q_policy.cc -> X86/mem/qos/q_policy.o
 [     CXX] src/mem/qos/mem_ctrl.cc -> X86/mem/qos/mem_ctrl.o
 [     CXX] src/mem/qos/mem_sink.cc -> X86/mem/qos/mem_sink.o
 [     CXX] X86/mem/probes/BaseMemProbe.py.cc -> .o
 [SO Param] m5.objects.BaseMemProbe, BaseMemProbe -> X86/python/_m5/param_BaseMemProbe.cc
 [SO Param] m5.objects.BaseMemProbe, BaseMemProbe -> X86/params/BaseMemProbe.hh
 [     CXX] X86/mem/probes/StackDistProbe.py.cc -> .o
 [     CXX] X86/python/_m5/param_BaseMemProbe.cc -> .o
 [     CXX] src/mem/probes/base.cc -> X86/mem/probes/base.o
 [SO Param] m5.objects.StackDistProbe, StackDistProbe -> X86/python/_m5/param_StackDistProbe.cc
 [SO Param] m5.objects.StackDistProbe, StackDistProbe -> X86/params/StackDistProbe.hh
 [     CXX] X86/python/_m5/param_StackDistProbe.cc -> .o
 [     CXX] src/mem/probes/stack_dist.cc -> X86/mem/probes/stack_dist.o
 [     CXX] X86/mem/probes/MemFootprintProbe.py.cc -> .o
 [SO Param] m5.objects.MemFootprintProbe, MemFootprintProbe -> X86/python/_m5/param_MemFootprintProbe.cc
 [SO Param] m5.objects.MemFootprintProbe, MemFootprintProbe -> X86/params/MemFootprintProbe.hh
 [     CXX] X86/mem/probes/MemTraceProbe.py.cc -> .o
 [     CXX] src/mem/probes/mem_footprint.cc -> X86/mem/probes/mem_footprint.o
 [     CXX] X86/python/_m5/param_MemFootprintProbe.cc -> .o
 [SO Param] m5.objects.MemTraceProbe, MemTraceProbe -> X86/python/_m5/param_MemTraceProbe.cc
 [SO Param] m5.objects.MemTraceProbe, MemTraceProbe -> X86/params/MemTraceProbe.hh
 [     CXX] X86/systemc/Tlm.py.cc -> .o
 [     CXX] X86/python/_m5/param_MemTraceProbe.cc -> .o
 [     CXX] src/mem/probes/mem_trace.cc -> X86/mem/probes/mem_trace.o
 [     CXX] src/systemc/utils/functions.cc -> X86/systemc/utils/functions.o
 [     CXX] src/systemc/utils/messages.cc -> X86/systemc/utils/messages.o
 [     CXX] src/systemc/utils/report.cc -> X86/systemc/utils/report.o
 [     CXX] src/systemc/utils/sc_report.cc -> X86/systemc/utils/sc_report.o
 [     CXX] src/systemc/utils/sc_report_handler.cc -> X86/systemc/utils/sc_report_handler.o
 [     CXX] src/systemc/utils/sc_trace_file.cc -> X86/systemc/utils/sc_trace_file.o
 [     CXX] src/systemc/utils/sc_vector.cc -> X86/systemc/utils/sc_vector.o
 [     CXX] src/systemc/utils/tracefile.cc -> X86/systemc/utils/tracefile.o
 [     CXX] src/systemc/utils/vcd.cc -> X86/systemc/utils/vcd.o
 [     CXX] src/systemc/channel/messages.cc -> X86/systemc/channel/messages.o
 [SO Param] m5.objects.SystemC, SystemC_Kernel -> X86/params/SystemC_Kernel.hh
 [     CXX] src/systemc/channel/sc_event_queue.cc -> X86/systemc/channel/sc_event_queue.o
 [     CXX] src/systemc/channel/sc_clock.cc -> X86/systemc/channel/sc_clock.o
 [     CXX] src/systemc/channel/sc_in_resolved.cc -> X86/systemc/channel/sc_in_resolved.o
 [     CXX] src/systemc/channel/sc_inout_resolved.cc -> X86/systemc/channel/sc_inout_resolved.o
 [     CXX] src/systemc/channel/sc_out_resolved.cc -> X86/systemc/channel/sc_out_resolved.o
 [     CXX] src/systemc/channel/sc_mutex.cc -> X86/systemc/channel/sc_mutex.o
 [     CXX] src/systemc/channel/sc_semaphore.cc -> X86/systemc/channel/sc_semaphore.o
 [     CXX] src/systemc/channel/sc_signal.cc -> X86/systemc/channel/sc_signal.o
 [     CXX] src/systemc/channel/sc_signal_resolved.cc -> X86/systemc/channel/sc_signal_resolved.o
 [     CXX] X86/systemc/python/systemc.py.cc -> .o
 [     CXX] X86/systemc/python/tlm.py.cc -> .o
 [     CXX] X86/systemc/tlm_bridge/TlmBridge.py.cc -> .o
 [SO Param] m5.objects.TlmBridge, Gem5ToTlmBridgeBase -> X86/python/_m5/param_Gem5ToTlmBridgeBase.cc
 [SO Param] m5.objects.TlmBridge, Gem5ToTlmBridgeBase -> X86/params/Gem5ToTlmBridgeBase.hh
 [SO Param] m5.objects.TlmBridge, TlmToGem5BridgeBase -> X86/python/_m5/param_TlmToGem5BridgeBase.cc
 [SO Param] m5.objects.TlmBridge, TlmToGem5BridgeBase -> X86/params/TlmToGem5BridgeBase.hh
 [SO Param] m5.objects.SystemC, SystemC_ScModule -> X86/params/SystemC_ScModule.hh
 [SO Param] m5.objects.TlmBridge, Gem5ToTlmBridge32 -> X86/python/_m5/param_Gem5ToTlmBridge32.cc
 [SO Param] m5.objects.TlmBridge, Gem5ToTlmBridge64 -> X86/python/_m5/param_Gem5ToTlmBridge64.cc
 [SO Param] m5.objects.TlmBridge, Gem5ToTlmBridge32 -> X86/params/Gem5ToTlmBridge32.hh
 [SO Param] m5.objects.SystemC, SystemC_ScObject -> X86/params/SystemC_ScObject.hh
 [SO Param] m5.objects.TlmBridge, Gem5ToTlmBridge64 -> X86/params/Gem5ToTlmBridge64.hh
 [SO Param] m5.objects.TlmBridge, Gem5ToTlmBridge128 -> X86/python/_m5/param_Gem5ToTlmBridge128.cc
 [     CXX] X86/python/_m5/param_Gem5ToTlmBridgeBase.cc -> .o
 [     CXX] X86/python/_m5/param_TlmToGem5BridgeBase.cc -> .o
 [     CXX] X86/python/_m5/param_Gem5ToTlmBridge32.cc -> .o
 [     CXX] X86/python/_m5/param_Gem5ToTlmBridge64.cc -> .o
 [SO Param] m5.objects.TlmBridge, Gem5ToTlmBridge128 -> X86/params/Gem5ToTlmBridge128.hh
 [     CXX] X86/python/_m5/param_Gem5ToTlmBridge128.cc -> .o
 [SO Param] m5.objects.TlmBridge, Gem5ToTlmBridge256 -> X86/python/_m5/param_Gem5ToTlmBridge256.cc
 [SO Param] m5.objects.TlmBridge, Gem5ToTlmBridge512 -> X86/python/_m5/param_Gem5ToTlmBridge512.cc
 [SO Param] m5.objects.TlmBridge, Gem5ToTlmBridge256 -> X86/params/Gem5ToTlmBridge256.hh
 [SO Param] m5.objects.TlmBridge, Gem5ToTlmBridge512 -> X86/params/Gem5ToTlmBridge512.hh
 [     CXX] X86/python/_m5/param_Gem5ToTlmBridge256.cc -> .o
 [     CXX] X86/python/_m5/param_Gem5ToTlmBridge512.cc -> .o
 [SO Param] m5.objects.TlmBridge, TlmToGem5Bridge32 -> X86/python/_m5/param_TlmToGem5Bridge32.cc
 [SO Param] m5.objects.TlmBridge, TlmToGem5Bridge32 -> X86/params/TlmToGem5Bridge32.hh
 [     CXX] X86/python/_m5/param_TlmToGem5Bridge32.cc -> .o
 [SO Param] m5.objects.TlmBridge, TlmToGem5Bridge64 -> X86/python/_m5/param_TlmToGem5Bridge64.cc
 [SO Param] m5.objects.TlmBridge, TlmToGem5Bridge128 -> X86/python/_m5/param_TlmToGem5Bridge128.cc
 [SO Param] m5.objects.TlmBridge, TlmToGem5Bridge64 -> X86/params/TlmToGem5Bridge64.hh
 [SO Param] m5.objects.TlmBridge, TlmToGem5Bridge128 -> X86/params/TlmToGem5Bridge128.hh
 [SO Param] m5.objects.TlmBridge, TlmToGem5Bridge256 -> X86/python/_m5/param_TlmToGem5Bridge256.cc
 [     CXX] X86/python/_m5/param_TlmToGem5Bridge64.cc -> .o
 [SO Param] m5.objects.TlmBridge, TlmToGem5Bridge512 -> X86/python/_m5/param_TlmToGem5Bridge512.cc
 [     CXX] X86/python/_m5/param_TlmToGem5Bridge128.cc -> .o
 [SO Param] m5.objects.TlmBridge, TlmToGem5Bridge256 -> X86/params/TlmToGem5Bridge256.hh
 [     CXX] src/systemc/tlm_bridge/gem5_to_tlm.cc -> X86/systemc/tlm_bridge/gem5_to_tlm.o
 [SO Param] m5.objects.TlmBridge, TlmToGem5Bridge512 -> X86/params/TlmToGem5Bridge512.hh
 [     CXX] X86/python/_m5/param_TlmToGem5Bridge256.cc -> .o
 [     CXX] X86/python/_m5/param_TlmToGem5Bridge512.cc -> .o
 [     CXX] src/systemc/tlm_bridge/sc_ext.cc -> X86/systemc/tlm_bridge/sc_ext.o
 [     CXX] src/systemc/tlm_bridge/sc_mm.cc -> X86/systemc/tlm_bridge/sc_mm.o
 [ TRACING]  -> X86/debug/TlmBridge.hh
 [     CXX] src/systemc/tlm_bridge/tlm_to_gem5.cc -> X86/systemc/tlm_bridge/tlm_to_gem5.o
 [ TRACING]  -> X86/debug/TlmBridge.cc
 [     CXX] X86/debug/TlmBridge.cc -> .o
 [     CXX] X86/systemc/core/SystemC.py.cc -> .o
 [SO Param] m5.objects.SystemC, SystemC_Kernel -> X86/python/_m5/param_SystemC_Kernel.cc
 [     CXX] X86/python/_m5/param_SystemC_Kernel.cc -> .o
 [SO Param] m5.objects.SystemC, SystemC_ScObject -> X86/python/_m5/param_SystemC_ScObject.cc
 [     CXX] X86/python/_m5/param_SystemC_ScObject.cc -> .o
 [SO Param] m5.objects.SystemC, SystemC_ScModule -> X86/python/_m5/param_SystemC_ScModule.cc
 [     CXX] X86/python/_m5/param_SystemC_ScModule.cc -> .o
 [     CXX] src/systemc/core/channel.cc -> X86/systemc/core/channel.o
 [     CXX] src/systemc/core/event.cc -> X86/systemc/core/event.o
 [     CXX] src/systemc/core/kernel.cc -> X86/systemc/core/kernel.o
 [     CXX] src/systemc/core/messages.cc -> X86/systemc/core/messages.o
 [     CXX] src/systemc/core/module.cc -> X86/systemc/core/module.o
 [     CXX] src/systemc/core/object.cc -> X86/systemc/core/object.o
 [     CXX] src/systemc/core/port.cc -> X86/systemc/core/port.o
 [     CXX] src/systemc/core/process.cc -> X86/systemc/core/process.o
 [     CXX] src/systemc/core/sched_event.cc -> X86/systemc/core/sched_event.o
 [     CXX] src/systemc/core/scheduler.cc -> X86/systemc/core/scheduler.o
 [     CXX] src/systemc/core/sensitivity.cc -> X86/systemc/core/sensitivity.o
 [     CXX] src/systemc/core/time.cc -> X86/systemc/core/time.o
 [     CXX] src/systemc/core/sc_attr.cc -> X86/systemc/core/sc_attr.o
 [     CXX] src/systemc/core/sc_event.cc -> X86/systemc/core/sc_event.o
 [     CXX] src/systemc/core/sc_export.cc -> X86/systemc/core/sc_export.o
 [     CXX] src/systemc/core/sc_interface.cc -> X86/systemc/core/sc_interface.o
 [     CXX] src/systemc/core/sc_join.cc -> X86/systemc/core/sc_join.o
 [     CXX] src/systemc/core/sc_main.cc -> X86/systemc/core/sc_main.o
 [     CXX] src/systemc/core/sc_main_fiber.cc -> X86/systemc/core/sc_main_fiber.o
 [     CXX] src/systemc/core/sc_module.cc -> X86/systemc/core/sc_module.o
 [     CXX] src/systemc/core/sc_module_name.cc -> X86/systemc/core/sc_module_name.o
 [     CXX] src/systemc/core/sc_object.cc -> X86/systemc/core/sc_object.o
 [     CXX] src/systemc/core/sc_port.cc -> X86/systemc/core/sc_port.o
 [     CXX] src/systemc/core/sc_process_handle.cc -> X86/systemc/core/sc_process_handle.o
 [     CXX] src/systemc/core/sc_prim.cc -> X86/systemc/core/sc_prim.o
 [     CXX] src/systemc/core/sc_sensitive.cc -> X86/systemc/core/sc_sensitive.o
 [     CXX] src/systemc/core/sc_simcontext.cc -> X86/systemc/core/sc_simcontext.o
 [     CXX] src/systemc/core/sc_spawn.cc -> X86/systemc/core/sc_spawn.o
 [     CXX] src/systemc/core/sc_time.cc -> X86/systemc/core/sc_time.o
 [     CXX] src/systemc/core/python.cc -> X86/systemc/core/python.o
 [     CXX] src/systemc/core/sc_main_python.cc -> X86/systemc/core/sc_main_python.o
 [     CXX] src/systemc/core/sc_time_python.cc -> X86/systemc/core/sc_time_python.o
 [     CXX] src/systemc/dt/sc_mempool.cc -> X86/systemc/dt/sc_mempool.o
 [     CXX] src/systemc/dt/bit/messages.cc -> X86/systemc/dt/bit/messages.o
 [     CXX] src/systemc/dt/bit/sc_bit.cc -> X86/systemc/dt/bit/sc_bit.o
 [     CXX] src/systemc/dt/bit/sc_bv_base.cc -> X86/systemc/dt/bit/sc_bv_base.o
 [     CXX] src/systemc/dt/bit/sc_logic.cc -> X86/systemc/dt/bit/sc_logic.o
 [     CXX] src/systemc/dt/bit/sc_lv_base.cc -> X86/systemc/dt/bit/sc_lv_base.o
 [     CXX] src/systemc/dt/int/messages.cc -> X86/systemc/dt/int/messages.o
 [     CXX] src/systemc/dt/int/sc_int_base.cc -> X86/systemc/dt/int/sc_int_base.o
 [     CXX] src/systemc/dt/int/sc_int_mask.cc -> X86/systemc/dt/int/sc_int_mask.o
 [     CXX] src/systemc/dt/int/sc_length_param.cc -> X86/systemc/dt/int/sc_length_param.o
 [     CXX] src/systemc/dt/int/sc_nbexterns.cc -> X86/systemc/dt/int/sc_nbexterns.o
 [     CXX] src/systemc/dt/int/sc_nbutils.cc -> X86/systemc/dt/int/sc_nbutils.o
 [     CXX] src/systemc/dt/int/sc_signed.cc -> X86/systemc/dt/int/sc_signed.o
 [     CXX] src/systemc/dt/int/sc_uint_base.cc -> X86/systemc/dt/int/sc_uint_base.o
 [     CXX] src/systemc/dt/int/sc_unsigned.cc -> X86/systemc/dt/int/sc_unsigned.o
 [     CXX] src/systemc/dt/fx/messages.cc -> X86/systemc/dt/fx/messages.o
 [     CXX] src/systemc/dt/fx/sc_fxcast_switch.cc -> X86/systemc/dt/fx/sc_fxcast_switch.o
 [     CXX] src/systemc/dt/fx/sc_fxdefs.cc -> X86/systemc/dt/fx/sc_fxdefs.o
 [     CXX] src/systemc/dt/fx/scfx_mant.cc -> X86/systemc/dt/fx/scfx_mant.o
 [     CXX] src/systemc/dt/fx/sc_fxnum.cc -> X86/systemc/dt/fx/sc_fxnum.o
 [     CXX] src/systemc/dt/fx/sc_fxnum_observer.cc -> X86/systemc/dt/fx/sc_fxnum_observer.o
 [     CXX] src/systemc/dt/fx/scfx_pow10.cc -> X86/systemc/dt/fx/scfx_pow10.o
 [     CXX] src/systemc/dt/fx/scfx_rep.cc -> X86/systemc/dt/fx/scfx_rep.o
 [     CXX] src/systemc/dt/fx/sc_fxtype_params.cc -> X86/systemc/dt/fx/sc_fxtype_params.o
 [     CXX] src/systemc/dt/fx/scfx_utils.cc -> X86/systemc/dt/fx/scfx_utils.o
 [     CXX] src/systemc/dt/fx/sc_fxval.cc -> X86/systemc/dt/fx/sc_fxval.o
 [     CXX] src/systemc/dt/fx/sc_fxval_observer.cc -> X86/systemc/dt/fx/sc_fxval_observer.o
 [     CXX] src/systemc/dt/misc/sc_concatref.cc -> X86/systemc/dt/misc/sc_concatref.o
 [     CXX] src/systemc/dt/misc/sc_value_base.cc -> X86/systemc/dt/misc/sc_value_base.o
 [     CXX] src/systemc/tlm_core/2/generic_payload/gp.cc -> X86/systemc/tlm_core/2/generic_payload/gp.o
 [     CXX] src/systemc/tlm_core/2/generic_payload/phase.cc -> X86/systemc/tlm_core/2/generic_payload/phase.o
 [     CXX] src/systemc/tlm_core/2/quantum/global_quantum.cc -> X86/systemc/tlm_core/2/quantum/global_quantum.o
 [     CXX] src/systemc/tlm_core/2/quantum/global_quantum_python.cc -> X86/systemc/tlm_core/2/quantum/global_quantum_python.o
 [     CXX] src/systemc/tlm_utils/convenience_socket_bases.cc -> X86/systemc/tlm_utils/convenience_socket_bases.o
 [     CXX] src/systemc/tlm_utils/instance_specific_extensions.cc -> X86/systemc/tlm_utils/instance_specific_extensions.o
 [ TRACING]  -> X86/debug/Activity.cc
 [ TRACING]  -> X86/debug/Activity.hh
 [     CXX] X86/debug/Activity.cc -> .o
 [ TRACING]  -> X86/debug/Commit.cc
 [ TRACING]  -> X86/debug/Commit.hh
 [ TRACING]  -> X86/debug/Context.cc
 [ TRACING]  -> X86/debug/Decode.cc
 [     CXX] X86/debug/Commit.cc -> .o
 [ TRACING]  -> X86/debug/Context.hh
 [ TRACING]  -> X86/debug/Decode.hh
 [     CXX] X86/debug/Context.cc -> .o
 [     CXX] X86/debug/Decode.cc -> .o
 [ TRACING]  -> X86/debug/DynInst.cc
 [ TRACING]  -> X86/debug/DynInst.hh
 [ TRACING]  -> X86/debug/ExecEnable.cc
 [     CXX] X86/debug/DynInst.cc -> .o
 [ TRACING]  -> X86/debug/ExecEnable.hh
 [ TRACING]  -> X86/debug/ExecCPSeq.cc
 [ TRACING]  -> X86/debug/ExecEffAddr.cc
 [     CXX] X86/debug/ExecEnable.cc -> .o
 [ TRACING]  -> X86/debug/ExecCPSeq.hh
 [ TRACING]  -> X86/debug/ExecFaulting.cc
 [ TRACING]  -> X86/debug/ExecEffAddr.hh
 [     CXX] X86/debug/ExecCPSeq.cc -> .o
 [ TRACING]  -> X86/debug/ExecFaulting.hh
 [     CXX] X86/debug/ExecEffAddr.cc -> .o
 [ TRACING]  -> X86/debug/ExecFetchSeq.cc
 [     CXX] X86/debug/ExecFaulting.cc -> .o
 [ TRACING]  -> X86/debug/ExecFetchSeq.hh
 [     CXX] X86/debug/ExecFetchSeq.cc -> .o
 [ TRACING]  -> X86/debug/ExecOpClass.cc
 [ TRACING]  -> X86/debug/ExecRegDelta.cc
 [ TRACING]  -> X86/debug/ExecOpClass.hh
 [ TRACING]  -> X86/debug/ExecRegDelta.hh
 [     CXX] X86/debug/ExecOpClass.cc -> .o
 [ TRACING]  -> X86/debug/ExecResult.cc
 [ TRACING]  -> X86/debug/ExecSymbol.cc
 [     CXX] X86/debug/ExecRegDelta.cc -> .o
 [ TRACING]  -> X86/debug/ExecResult.hh
 [ TRACING]  -> X86/debug/ExecSymbol.hh
 [     CXX] X86/debug/ExecResult.cc -> .o
 [ TRACING]  -> X86/debug/ExecThread.cc
 [     CXX] X86/debug/ExecSymbol.cc -> .o
 [ TRACING]  -> X86/debug/ExecMicro.cc
 [ TRACING]  -> X86/debug/ExecThread.hh
 [     CXX] X86/debug/ExecThread.cc -> .o
 [ TRACING]  -> X86/debug/ExecMicro.hh
 [     CXX] X86/debug/ExecMicro.cc -> .o
 [ TRACING]  -> X86/debug/ExecMacro.cc
 [ TRACING]  -> X86/debug/ExecMacro.hh
 [ TRACING]  -> X86/debug/ExecUser.cc
 [     CXX] X86/debug/ExecMacro.cc -> .o
 [ TRACING]  -> X86/debug/ExecKernel.cc
 [ TRACING]  -> X86/debug/ExecUser.hh
 [ TRACING]  -> X86/debug/ExecAsid.cc
 [ TRACING]  -> X86/debug/ExecKernel.hh
 [     CXX] X86/debug/ExecUser.cc -> .o
 [ TRACING]  -> X86/debug/ExecAsid.hh
 [ TRACING]  -> X86/debug/ExecFlags.cc
 [ TRACING]  -> X86/debug/Fetch.cc
 [     CXX] X86/debug/ExecKernel.cc -> .o
 [     CXX] X86/debug/ExecAsid.cc -> .o
 [ TRACING]  -> X86/debug/ExecFlags.hh
 [ TRACING]  -> X86/debug/HtmCpu.cc
 [ TRACING]  -> X86/debug/Fetch.hh
 [ TRACING]  -> X86/debug/HtmCpu.hh
 [     CXX] X86/debug/Fetch.cc -> .o
 [     CXX] X86/debug/ExecFlags.cc -> .o
 [ TRACING]  -> X86/debug/InvalidReg.cc
 [     CXX] X86/debug/HtmCpu.cc -> .o
 [     CXX] X86/debug/InvalidReg.cc -> .o
 [ TRACING]  -> X86/debug/O3PipeView.cc
 [ TRACING]  -> X86/debug/PCEvent.cc
 [ TRACING]  -> X86/debug/O3PipeView.hh
 [     CXX] X86/debug/O3PipeView.cc -> .o
 [ TRACING]  -> X86/debug/Quiesce.cc
 [     CXX] X86/debug/PCEvent.cc -> .o
 [     CXX] X86/debug/Quiesce.cc -> .o
 [ TRACING]  -> X86/debug/Mwait.cc
 [ TRACING]  -> X86/debug/ExecAll.cc
 [ TRACING]  -> X86/debug/Exec.cc
 [ TRACING]  -> X86/debug/ExecNoTicks.cc
 [     CXX] X86/debug/Mwait.cc -> .o
 [ TRACING]  -> X86/debug/ExecAll.hh
 [ TRACING]  -> X86/debug/Exec.hh
 [ TRACING]  -> X86/debug/ExecNoTicks.hh
 [     CXX] X86/debug/ExecAll.cc -> .o
 [     CXX] X86/debug/Exec.cc -> .o
 [     CXX] X86/debug/ExecNoTicks.cc -> .o
 [SO Param] m5.objects.FuncUnit, FUDesc -> X86/params/FUDesc.hh
 [SO Param] m5.objects.FuncUnit, OpDesc -> X86/params/OpDesc.hh
 [     CXX] src/cpu/pc_event.cc -> X86/cpu/pc_event.o
 [     CXX] X86/cpu/FuncUnit.py.cc -> .o
 [SO Param] m5.objects.FuncUnit, OpDesc -> X86/python/_m5/param_OpDesc.cc
 [SO Param] m5.objects.FuncUnit, FUDesc -> X86/python/_m5/param_FUDesc.cc
 [ENUM STR] m5.objects.FuncUnit, OpClass -> X86/enums/OpClass.cc
 [     CXX] src/cpu/func_unit.cc -> X86/cpu/func_unit.o
 [     CXX] X86/cpu/StaticInstFlags.py.cc -> .o
 [     CXX] X86/python/_m5/param_OpDesc.cc -> .o
 [     CXX] X86/python/_m5/param_FUDesc.cc -> .o
 [     CXX] X86/enums/OpClass.cc -> .o
 [ENUM STR] m5.objects.StaticInstFlags, StaticInstFlags -> X86/enums/StaticInstFlags.cc
 [     CXX] X86/enums/StaticInstFlags.cc -> .o
 [     CXX] X86/cpu/InstPBTrace.py.cc -> .o
 [SO Param] m5.objects.InstPBTrace, InstPBTrace -> X86/python/_m5/param_InstPBTrace.cc
 [SO Param] m5.objects.InstPBTrace, InstPBTrace -> X86/params/InstPBTrace.hh
 [     CXX] X86/python/_m5/param_InstPBTrace.cc -> .o
 [     CXX] src/cpu/inst_pb_trace.cc -> X86/cpu/inst_pb_trace.o
 [     CXX] X86/cpu/CheckerCPU.py.cc -> .o
 [SO Param] m5.objects.CheckerCPU, CheckerCPU -> X86/python/_m5/param_CheckerCPU.cc
 [SO Param] m5.objects.CheckerCPU, CheckerCPU -> X86/params/CheckerCPU.hh
 [ TRACING]  -> X86/debug/Checker.hh
 [ TRACING]  -> X86/debug/CCRegs.hh
 [ TRACING]  -> X86/debug/FloatRegs.hh
 [ TRACING]  -> X86/debug/IntRegs.hh
 [ TRACING]  -> X86/debug/MatRegs.hh
 [ TRACING]  -> X86/debug/VecPredRegs.hh
 [ TRACING]  -> X86/debug/VecRegs.hh
 [     CXX] X86/cpu/BaseCPU.py.cc -> .o
 [     CXX] X86/python/_m5/param_CheckerCPU.cc -> .o
 [SO Param] m5.objects.BaseCPU, BaseCPU -> X86/python/_m5/param_BaseCPU.cc
 [     CXX] X86/cpu/CpuCluster.py.cc -> .o
 [     CXX] X86/python/_m5/param_BaseCPU.cc -> .o
 [SO Param] m5.objects.CpuCluster, CpuCluster -> X86/python/_m5/param_CpuCluster.cc
 [SO Param] m5.objects.CpuCluster, CpuCluster -> X86/params/CpuCluster.hh
 [     CXX] X86/python/_m5/param_CpuCluster.cc -> .o
 [     CXX] X86/cpu/CPUTracers.py.cc -> .o
 [SO Param] m5.objects.CPUTracers, ExeTracer -> X86/python/_m5/param_ExeTracer.cc
 [SO Param] m5.objects.CPUTracers, ExeTracer -> X86/params/ExeTracer.hh
 [     CXX] X86/python/_m5/param_ExeTracer.cc -> .o
 [SO Param] m5.objects.CPUTracers, IntelTrace -> X86/python/_m5/param_IntelTrace.cc
 [SO Param] m5.objects.CPUTracers, IntelTrace -> X86/params/IntelTrace.hh
 [     CXX] X86/python/_m5/param_IntelTrace.cc -> .o
 [SO Param] m5.objects.CPUTracers, NativeTrace -> X86/python/_m5/param_NativeTrace.cc
 [     CXX] X86/cpu/TimingExpr.py.cc -> .o
 [SO Param] m5.objects.CPUTracers, NativeTrace -> X86/params/NativeTrace.hh
 [     CXX] X86/python/_m5/param_NativeTrace.cc -> .o
 [SO Param] m5.objects.TimingExpr, TimingExpr -> X86/python/_m5/param_TimingExpr.cc
 [SO Param] m5.objects.TimingExpr, TimingExpr -> X86/params/TimingExpr.hh
 [ENUMDECL] m5.objects.TimingExpr, TimingExprOp -> X86/enums/TimingExprOp.hh
 [SO Param] m5.objects.TimingExpr, TimingExprBin -> X86/params/TimingExprBin.hh
 [SO Param] m5.objects.TimingExpr, TimingExprIf -> X86/params/TimingExprIf.hh
 [SO Param] m5.objects.TimingExpr, TimingExprLet -> X86/params/TimingExprLet.hh
 [SO Param] m5.objects.TimingExpr, TimingExprLiteral -> X86/params/TimingExprLiteral.hh
 [SO Param] m5.objects.TimingExpr, TimingExprRef -> X86/params/TimingExprRef.hh
 [SO Param] m5.objects.TimingExpr, TimingExprSrcReg -> X86/params/TimingExprSrcReg.hh
 [SO Param] m5.objects.TimingExpr, TimingExprUn -> X86/params/TimingExprUn.hh
 [     CXX] X86/python/_m5/param_TimingExpr.cc -> .o
 [SO Param] m5.objects.TimingExpr, TimingExprLiteral -> X86/python/_m5/param_TimingExprLiteral.cc
 [SO Param] m5.objects.TimingExpr, TimingExprSrcReg -> X86/python/_m5/param_TimingExprSrcReg.cc
 [     CXX] X86/python/_m5/param_TimingExprLiteral.cc -> .o
 [     CXX] X86/python/_m5/param_TimingExprSrcReg.cc -> .o
 [SO Param] m5.objects.TimingExpr, TimingExprLet -> X86/python/_m5/param_TimingExprLet.cc
 [     CXX] X86/python/_m5/param_TimingExprLet.cc -> .o
 [SO Param] m5.objects.TimingExpr, TimingExprRef -> X86/python/_m5/param_TimingExprRef.cc
 [     CXX] X86/python/_m5/param_TimingExprRef.cc -> .o
 [SO Param] m5.objects.TimingExpr, TimingExprUn -> X86/python/_m5/param_TimingExprUn.cc
 [SO Param] m5.objects.TimingExpr, TimingExprBin -> X86/python/_m5/param_TimingExprBin.cc
 [     CXX] X86/python/_m5/param_TimingExprUn.cc -> .o
 [     CXX] X86/python/_m5/param_TimingExprBin.cc -> .o
 [SO Param] m5.objects.TimingExpr, TimingExprIf -> X86/python/_m5/param_TimingExprIf.cc
 [     CXX] X86/python/_m5/param_TimingExprIf.cc -> .o
 [ENUM STR] m5.objects.TimingExpr, TimingExprOp -> X86/enums/TimingExprOp.cc
 [     CXX] X86/enums/TimingExprOp.cc -> .o
 [     CXX] src/cpu/activity.cc -> X86/cpu/activity.o
 [     CXX] src/cpu/base.cc -> X86/cpu/base.o
 [     CXX] src/cpu/exetrace.cc -> X86/cpu/exetrace.o
 [     CXX] src/cpu/inteltrace.cc -> X86/cpu/inteltrace.o
 [     CXX] src/cpu/nativetrace.cc -> X86/cpu/nativetrace.o
 [     CXX] src/cpu/nop_static_inst.cc -> X86/cpu/nop_static_inst.o
 [     CXX] src/cpu/null_static_inst.cc -> X86/cpu/null_static_inst.o
 [     CXX] src/cpu/profile.cc -> X86/cpu/profile.o
 [     CXX] src/cpu/reg_class.cc -> X86/cpu/reg_class.o
 [     CXX] src/cpu/static_inst.cc -> X86/cpu/static_inst.o
 [     CXX] src/cpu/simple_thread.cc -> X86/cpu/simple_thread.o
 [     CXX] src/cpu/thread_context.cc -> X86/cpu/thread_context.o
 [     CXX] src/cpu/thread_state.cc -> X86/cpu/thread_state.o
 [     CXX] src/cpu/timing_expr.cc -> X86/cpu/timing_expr.o
 [     CXX] X86/cpu/DummyChecker.py.cc -> .o
 [SO Param] m5.objects.DummyChecker, DummyChecker -> X86/python/_m5/param_DummyChecker.cc
 [SO Param] m5.objects.DummyChecker, DummyChecker -> X86/params/DummyChecker.hh
 [     CXX] X86/python/_m5/param_DummyChecker.cc -> .o
 [     CXX] src/cpu/checker/cpu.cc -> X86/cpu/checker/cpu.o
 [ TRACING]  -> X86/debug/Checker.cc
 [     CXX] X86/debug/Checker.cc -> .o
 [     CXX] X86/cpu/o3/FUPool.py.cc -> .o
 [SO Param] m5.objects.FUPool, FUPool -> X86/python/_m5/param_FUPool.cc
 [     CXX] X86/cpu/o3/FuncUnitConfig.py.cc -> .o
 [     CXX] X86/cpu/o3/BaseO3CPU.py.cc -> .o
 [SO Param] m5.objects.FUPool, FUPool -> X86/params/FUPool.hh
 [SO Param] m5.objects.BaseO3CPU, BaseO3CPU -> X86/python/_m5/param_BaseO3CPU.cc
 [     CXX] X86/python/_m5/param_FUPool.cc -> .o
 [ENUMDECL] m5.objects.BaseO3CPU, CommitPolicy -> X86/enums/CommitPolicy.hh
 [ENUMDECL] m5.objects.BaseO3CPU, SMTFetchPolicy -> X86/enums/SMTFetchPolicy.hh
 [ENUMDECL] m5.objects.BaseO3CPU, SMTQueuePolicy -> X86/enums/SMTQueuePolicy.hh
 [SO Param] m5.objects.BaseO3CPU, BaseO3CPU -> X86/params/BaseO3CPU.hh
 [ENUMDECL] m5.objects.BranchPredictor, TargetProvider -> X86/enums/TargetProvider.hh
 [SO Param] m5.objects.BranchPredictor, BranchPredictor -> X86/params/BranchPredictor.hh
 [ TRACING]  -> X86/debug/LSQUnit.hh
 [ENUMDECL] m5.objects.BranchPredictor, BranchType -> X86/enums/BranchType.hh
 [SO Param] m5.objects.BranchPredictor, BranchTargetBuffer -> X86/params/BranchTargetBuffer.hh
 [SO Param] m5.objects.BranchPredictor, IndirectPredictor -> X86/params/IndirectPredictor.hh
 [SO Param] m5.objects.BranchPredictor, ReturnAddrStack -> X86/params/ReturnAddrStack.hh
 [ TRACING]  -> X86/debug/FreeList.hh
 [ TRACING]  -> X86/debug/IEW.hh
 [ TRACING]  -> X86/debug/Scoreboard.hh
 [ TRACING]  -> X86/debug/MemDepUnit.hh
 [ENUM STR] m5.objects.BaseO3CPU, SMTFetchPolicy -> X86/enums/SMTFetchPolicy.cc
 [     CXX] X86/python/_m5/param_BaseO3CPU.cc -> .o
 [     CXX] X86/enums/SMTFetchPolicy.cc -> .o
 [ENUM STR] m5.objects.BaseO3CPU, SMTQueuePolicy -> X86/enums/SMTQueuePolicy.cc
 [     CXX] X86/enums/SMTQueuePolicy.cc -> .o
 [ENUM STR] m5.objects.BaseO3CPU, CommitPolicy -> X86/enums/CommitPolicy.cc
 [ TRACING]  -> X86/debug/CommitRate.hh
 [ TRACING]  -> X86/debug/O3CPU.hh
 [     CXX] src/cpu/o3/commit.cc -> X86/cpu/o3/commit.o
 [     CXX] X86/enums/CommitPolicy.cc -> .o
 [     CXX] src/cpu/o3/cpu.cc -> X86/cpu/o3/cpu.o
 [     CXX] src/cpu/o3/decode.cc -> X86/cpu/o3/decode.o
 [ TRACING]  -> X86/debug/IQ.hh
 [     CXX] src/cpu/o3/dyn_inst.cc -> X86/cpu/o3/dyn_inst.o
 [     CXX] src/cpu/o3/fetch.cc -> X86/cpu/o3/fetch.o
 [     CXX] src/cpu/o3/free_list.cc -> X86/cpu/o3/free_list.o
 [     CXX] src/cpu/o3/fu_pool.cc -> X86/cpu/o3/fu_pool.o
 [     CXX] src/cpu/o3/iew.cc -> X86/cpu/o3/iew.o
 [     CXX] src/cpu/o3/inst_queue.cc -> X86/cpu/o3/inst_queue.o
 [ TRACING]  -> X86/debug/LSQ.hh
 [ TRACING]  -> X86/debug/Writeback.hh
 [     CXX] src/cpu/o3/lsq_unit.cc -> X86/cpu/o3/lsq_unit.o
 [     CXX] src/cpu/o3/mem_dep_unit.cc -> X86/cpu/o3/mem_dep_unit.o
 [     CXX] src/cpu/o3/lsq.cc -> X86/cpu/o3/lsq.o
 [     CXX] src/cpu/o3/regfile.cc -> X86/cpu/o3/regfile.o
 [ TRACING]  -> X86/debug/Rename.hh
 [     CXX] src/cpu/o3/rename.cc -> X86/cpu/o3/rename.o
 [     CXX] src/cpu/o3/rename_map.cc -> X86/cpu/o3/rename_map.o
 [ TRACING]  -> X86/debug/ROB.hh
 [     CXX] src/cpu/o3/rob.cc -> X86/cpu/o3/rob.o
 [     CXX] src/cpu/o3/scoreboard.cc -> X86/cpu/o3/scoreboard.o
 [ TRACING]  -> X86/debug/StoreSet.hh
 [     CXX] src/cpu/o3/store_set.cc -> X86/cpu/o3/store_set.o
 [     CXX] src/cpu/o3/thread_context.cc -> X86/cpu/o3/thread_context.o
 [     CXX] src/cpu/o3/thread_state.cc -> X86/cpu/o3/thread_state.o
 [ TRACING]  -> X86/debug/CommitRate.cc
 [     CXX] X86/debug/CommitRate.cc -> .o
 [ TRACING]  -> X86/debug/IEW.cc
 [ TRACING]  -> X86/debug/IQ.cc
 [     CXX] X86/debug/IEW.cc -> .o
 [ TRACING]  -> X86/debug/LSQ.cc
 [     CXX] X86/debug/IQ.cc -> .o
 [     CXX] X86/debug/LSQ.cc -> .o
 [ TRACING]  -> X86/debug/LSQUnit.cc
 [ TRACING]  -> X86/debug/MemDepUnit.cc
 [     CXX] X86/debug/LSQUnit.cc -> .o
 [ TRACING]  -> X86/debug/O3CPU.cc
 [     CXX] X86/debug/MemDepUnit.cc -> .o
 [     CXX] X86/debug/O3CPU.cc -> .o
 [ TRACING]  -> X86/debug/ROB.cc
 [ TRACING]  -> X86/debug/Rename.cc
 [ TRACING]  -> X86/debug/Scoreboard.cc
 [     CXX] X86/debug/ROB.cc -> .o
 [ TRACING]  -> X86/debug/StoreSet.cc
 [     CXX] X86/debug/Rename.cc -> .o
 [     CXX] X86/debug/Scoreboard.cc -> .o
 [     CXX] X86/debug/StoreSet.cc -> .o
 [ TRACING]  -> X86/debug/Writeback.cc
 [ TRACING]  -> X86/debug/O3CPUAll.cc
 [     CXX] X86/cpu/o3/BaseO3Checker.py.cc -> .o
 [     CXX] X86/debug/Writeback.cc -> .o
 [ TRACING]  -> X86/debug/O3CPUAll.hh
 [SO Param] m5.objects.BaseO3Checker, BaseO3Checker -> X86/python/_m5/param_BaseO3Checker.cc
 [     CXX] X86/debug/O3CPUAll.cc -> .o
 [     CXX] src/cpu/o3/checker.cc -> X86/cpu/o3/checker.o
 [SO Param] m5.objects.BaseO3Checker, BaseO3Checker -> X86/params/BaseO3Checker.hh
 [     CXX] X86/cpu/o3/O3CPU.py.cc -> .o
 [     CXX] X86/cpu/o3/O3Checker.py.cc -> .o
 [     CXX] X86/python/_m5/param_BaseO3Checker.cc -> .o
 [     CXX] X86/cpu/o3/probe/SimpleTrace.py.cc -> .o
 [SO Param] m5.objects.SimpleTrace, SimpleTrace -> X86/python/_m5/param_SimpleTrace.cc
 [SO Param] m5.objects.SimpleTrace, SimpleTrace -> X86/params/SimpleTrace.hh
 [     CXX] X86/python/_m5/param_SimpleTrace.cc -> .o
 [ TRACING]  -> X86/debug/SimpleTrace.hh
 [     CXX] src/cpu/o3/probe/simple_trace.cc -> X86/cpu/o3/probe/simple_trace.o
 [ TRACING]  -> X86/debug/SimpleTrace.cc
 [     CXX] X86/debug/SimpleTrace.cc -> .o
 [     CXX] X86/cpu/o3/probe/ElasticTrace.py.cc -> .o
 [SO Param] m5.objects.ElasticTrace, ElasticTrace -> X86/python/_m5/param_ElasticTrace.cc
 [ TRACING]  -> X86/debug/ElasticTrace.hh
 [SO Param] m5.objects.ElasticTrace, ElasticTrace -> X86/params/ElasticTrace.hh
 [ TRACING]  -> X86/debug/ElasticTrace.cc
 [     CXX] X86/debug/ElasticTrace.cc -> .o
 [     CXX] X86/cpu/testers/rubytest/RubyTester.py.cc -> .o
 [     CXX] X86/python/_m5/param_ElasticTrace.cc -> .o
 [     CXX] src/cpu/o3/probe/elastic_trace.cc -> X86/cpu/o3/probe/elastic_trace.o
 [SO Param] m5.objects.RubyTester, RubyTester -> X86/python/_m5/param_RubyTester.cc
 [ TRACING]  -> X86/debug/RubyTest.hh
 [     CXX] X86/python/_m5/param_RubyTester.cc -> .o
 [     CXX] src/cpu/testers/rubytest/RubyTester.cc -> X86/cpu/testers/rubytest/RubyTester.o
 [     CXX] src/cpu/testers/rubytest/Check.cc -> X86/cpu/testers/rubytest/Check.o
 [     CXX] src/cpu/testers/rubytest/CheckTable.cc -> X86/cpu/testers/rubytest/CheckTable.o
 [ TRACING]  -> X86/debug/RubyTest.cc
 [     CXX] X86/debug/RubyTest.cc -> .o
 [     CXX] X86/cpu/testers/garnet_synthetic_traffic/GarnetSyntheticTraffic.py.cc -> .o
 [SO Param] m5.objects.GarnetSyntheticTraffic, GarnetSyntheticTraffic -> X86/python/_m5/param_GarnetSyntheticTraffic.cc
 [ TRACING]  -> X86/debug/GarnetSyntheticTraffic.hh
 [SO Param] m5.objects.GarnetSyntheticTraffic, GarnetSyntheticTraffic -> X86/params/GarnetSyntheticTraffic.hh
 [ TRACING]  -> X86/debug/GarnetSyntheticTraffic.cc
 [     CXX] X86/python/_m5/param_GarnetSyntheticTraffic.cc -> .o
 [     CXX] X86/debug/GarnetSyntheticTraffic.cc -> .o
 [     CXX] src/cpu/testers/garnet_synthetic_traffic/GarnetSyntheticTraffic.cc -> X86/cpu/testers/garnet_synthetic_traffic/GarnetSyntheticTraffic.o
 [     CXX] X86/cpu/testers/spatter_gen/SpatterGen.py.cc -> .o
 [SO Param] m5.objects.SpatterGen, SpatterGen -> X86/python/_m5/param_SpatterGen.cc
 [ENUMDECL] m5.objects.SpatterGen, SpatterProcessingMode -> X86/enums/SpatterProcessingMode.hh
 [SO Param] m5.objects.SpatterGen, SpatterGen -> X86/params/SpatterGen.hh
 [ENUMDECL] m5.objects.SpatterGen, SpatterKernelType -> X86/enums/SpatterKernelType.hh
 [ENUM STR] m5.objects.SpatterGen, SpatterKernelType -> X86/enums/SpatterKernelType.cc
 [     CXX] X86/python/_m5/param_SpatterGen.cc -> .o
 [     CXX] X86/enums/SpatterKernelType.cc -> .o
 [ENUM STR] m5.objects.SpatterGen, SpatterProcessingMode -> X86/enums/SpatterProcessingMode.cc
 [     CXX] X86/enums/SpatterProcessingMode.cc -> .o
 [ TRACING]  -> X86/debug/SpatterGen.hh
 [ TRACING]  -> X86/debug/SpatterKernel.hh
 [ TRACING]  -> X86/debug/SpatterGen.cc
 [     CXX] src/cpu/testers/spatter_gen/spatter_gen.cc -> X86/cpu/testers/spatter_gen/spatter_gen.o
 [     CXX] X86/debug/SpatterGen.cc -> .o
 [ TRACING]  -> X86/debug/SpatterKernel.cc
 [     CXX] X86/debug/SpatterKernel.cc -> .o
 [     CXX] X86/cpu/testers/directedtest/RubyDirectedTester.py.cc -> .o
 [SO Param] m5.objects.RubyDirectedTester, DirectedGenerator -> X86/python/_m5/param_DirectedGenerator.cc
 [SO Param] m5.objects.RubyDirectedTester, DirectedGenerator -> X86/params/DirectedGenerator.hh
 [SO Param] m5.objects.RubyDirectedTester, RubyDirectedTester -> X86/params/RubyDirectedTester.hh
 [     CXX] X86/python/_m5/param_DirectedGenerator.cc -> .o
 [SO Param] m5.objects.RubyDirectedTester, SeriesRequestGenerator -> X86/python/_m5/param_SeriesRequestGenerator.cc
 [SO Param] m5.objects.RubyDirectedTester, SeriesRequestGenerator -> X86/params/SeriesRequestGenerator.hh
 [     CXX] X86/python/_m5/param_SeriesRequestGenerator.cc -> .o
 [SO Param] m5.objects.RubyDirectedTester, InvalidateGenerator -> X86/python/_m5/param_InvalidateGenerator.cc
 [SO Param] m5.objects.RubyDirectedTester, InvalidateGenerator -> X86/params/InvalidateGenerator.hh
 [     CXX] X86/python/_m5/param_InvalidateGenerator.cc -> .o
 [SO Param] m5.objects.RubyDirectedTester, RubyDirectedTester -> X86/python/_m5/param_RubyDirectedTester.cc
 [     CXX] X86/python/_m5/param_RubyDirectedTester.cc -> .o
 [ TRACING]  -> X86/debug/DirectedTest.hh
 [     CXX] src/cpu/testers/directedtest/RubyDirectedTester.cc -> X86/cpu/testers/directedtest/RubyDirectedTester.o
 [     CXX] src/cpu/testers/directedtest/DirectedGenerator.cc -> X86/cpu/testers/directedtest/DirectedGenerator.o
 [     CXX] src/cpu/testers/directedtest/SeriesRequestGenerator.cc -> X86/cpu/testers/directedtest/SeriesRequestGenerator.o
 [     CXX] src/cpu/testers/directedtest/InvalidateGenerator.cc -> X86/cpu/testers/directedtest/InvalidateGenerator.o
 [ TRACING]  -> X86/debug/DirectedTest.cc
 [     CXX] X86/debug/DirectedTest.cc -> .o
 [CONFIG H] HAVE_PROTOBUF, 1 -> X86/config/have_protobuf.hh
 [ TRACING]  -> X86/debug/TrafficGen.hh
 [SO Param] m5.objects.BaseTrafficGen, BaseTrafficGen -> X86/params/BaseTrafficGen.hh
 [ENUMDECL] m5.objects.BaseTrafficGen, StreamGenType -> X86/enums/StreamGenType.hh
 [     CXX] src/cpu/testers/traffic_gen/base_gen.cc -> X86/cpu/testers/traffic_gen/base_gen.o
 [     CXX] src/cpu/testers/traffic_gen/base.cc -> X86/cpu/testers/traffic_gen/base.o
 [     CXX] src/cpu/testers/traffic_gen/dram_gen.cc -> X86/cpu/testers/traffic_gen/dram_gen.o
 [     CXX] src/cpu/testers/traffic_gen/dram_rot_gen.cc -> X86/cpu/testers/traffic_gen/dram_rot_gen.o
 [     CXX] src/cpu/testers/traffic_gen/exit_gen.cc -> X86/cpu/testers/traffic_gen/exit_gen.o
 [ TRACING]  -> X86/debug/GUPSGen.hh
 [SO Param] m5.objects.GUPSGen, GUPSGen -> X86/params/GUPSGen.hh
 [     CXX] src/cpu/testers/traffic_gen/gups_gen.cc -> X86/cpu/testers/traffic_gen/gups_gen.o
 [     CXX] src/cpu/testers/traffic_gen/hybrid_gen.cc -> X86/cpu/testers/traffic_gen/hybrid_gen.o
 [     CXX] src/cpu/testers/traffic_gen/idle_gen.cc -> X86/cpu/testers/traffic_gen/idle_gen.o
 [     CXX] src/cpu/testers/traffic_gen/linear_gen.cc -> X86/cpu/testers/traffic_gen/linear_gen.o
 [     CXX] src/cpu/testers/traffic_gen/nvm_gen.cc -> X86/cpu/testers/traffic_gen/nvm_gen.o
 [     CXX] src/cpu/testers/traffic_gen/random_gen.cc -> X86/cpu/testers/traffic_gen/random_gen.o
 [     CXX] src/cpu/testers/traffic_gen/stream_gen.cc -> X86/cpu/testers/traffic_gen/stream_gen.o
 [     CXX] src/cpu/testers/traffic_gen/strided_gen.cc -> X86/cpu/testers/traffic_gen/strided_gen.o
 [ TRACING]  -> X86/debug/TrafficGen.cc
 [     CXX] X86/cpu/testers/traffic_gen/BaseTrafficGen.py.cc -> .o
 [     CXX] X86/debug/TrafficGen.cc -> .o
 [SO Param] m5.objects.BaseTrafficGen, BaseTrafficGen -> X86/python/_m5/param_BaseTrafficGen.cc
 [ENUM STR] m5.objects.BaseTrafficGen, StreamGenType -> X86/enums/StreamGenType.cc
 [ TRACING]  -> X86/debug/GUPSGen.cc
 [     CXX] X86/debug/GUPSGen.cc -> .o
 [     CXX] X86/cpu/testers/traffic_gen/GUPSGen.py.cc -> .o
 [     CXX] X86/python/_m5/param_BaseTrafficGen.cc -> .o
 [     CXX] X86/enums/StreamGenType.cc -> .o
 [SO Param] m5.objects.GUPSGen, GUPSGen -> X86/python/_m5/param_GUPSGen.cc
 [     CXX] X86/python/_m5/param_GUPSGen.cc -> .o
 [SO Param] m5.objects.PyTrafficGen, PyTrafficGen -> X86/params/PyTrafficGen.hh
 [     CXX] src/cpu/testers/traffic_gen/pygen.cc -> X86/cpu/testers/traffic_gen/pygen.o
 [     CXX] X86/cpu/testers/traffic_gen/PyTrafficGen.py.cc -> .o
 [SO Param] m5.objects.PyTrafficGen, PyTrafficGen -> X86/python/_m5/param_PyTrafficGen.cc
 [     CXX] X86/python/_m5/param_PyTrafficGen.cc -> .o
 [     CXX] X86/cpu/testers/traffic_gen/TrafficGen.py.cc -> .o
 [SO Param] m5.objects.TrafficGen, TrafficGen -> X86/python/_m5/param_TrafficGen.cc
 [SO Param] m5.objects.TrafficGen, TrafficGen -> X86/params/TrafficGen.hh
 [     CXX] X86/python/_m5/param_TrafficGen.cc -> .o
 [     CXX] src/cpu/testers/traffic_gen/trace_gen.cc -> X86/cpu/testers/traffic_gen/trace_gen.o
 [     CXX] src/cpu/testers/traffic_gen/traffic_gen.cc -> X86/cpu/testers/traffic_gen/traffic_gen.o
 [     CXX] X86/cpu/testers/memtest/MemTest.py.cc -> .o
 [SO Param] m5.objects.MemTest, MemTest -> X86/python/_m5/param_MemTest.cc
 [ TRACING]  -> X86/debug/MemTest.hh
 [SO Param] m5.objects.MemTest, MemTest -> X86/params/MemTest.hh
 [ TRACING]  -> X86/debug/MemTest.cc
 [     CXX] X86/debug/MemTest.cc -> .o
 [     CXX] X86/cpu/trace/TraceCPU.py.cc -> .o
 [     CXX] X86/python/_m5/param_MemTest.cc -> .o
 [     CXX] src/cpu/testers/memtest/memtest.cc -> X86/cpu/testers/memtest/memtest.o
 [SO Param] m5.objects.TraceCPU, TraceCPU -> X86/python/_m5/param_TraceCPU.cc
 [SO Param] m5.objects.TraceCPU, TraceCPU -> X86/params/TraceCPU.hh
 [ TRACING]  -> X86/debug/TraceCPUData.hh
 [ TRACING]  -> X86/debug/TraceCPUInst.hh
 [     CXX] X86/python/_m5/param_TraceCPU.cc -> .o
 [     CXX] src/cpu/trace/trace_cpu.cc -> X86/cpu/trace/trace_cpu.o
 [ TRACING]  -> X86/debug/TraceCPUData.cc
 [     CXX] X86/debug/TraceCPUData.cc -> .o
 [ TRACING]  -> X86/debug/TraceCPUInst.cc
 [     CXX] X86/debug/TraceCPUInst.cc -> .o
 [     CXX] X86/cpu/simple/BaseAtomicSimpleCPU.py.cc -> .o
 [SO Param] m5.objects.BaseAtomicSimpleCPU, BaseAtomicSimpleCPU -> X86/python/_m5/param_BaseAtomicSimpleCPU.cc
 [ TRACING]  -> X86/debug/SimpleCPU.hh
 [SO Param] m5.objects.BaseAtomicSimpleCPU, BaseAtomicSimpleCPU -> X86/params/BaseAtomicSimpleCPU.hh
 [     CXX] X86/cpu/simple/BaseNonCachingSimpleCPU.py.cc -> .o
 [SO Param] m5.objects.BaseNonCachingSimpleCPU, BaseNonCachingSimpleCPU -> X86/python/_m5/param_BaseNonCachingSimpleCPU.cc
 [SO Param] m5.objects.BaseSimpleCPU, BaseSimpleCPU -> X86/params/BaseSimpleCPU.hh
 [SO Param] m5.objects.BaseNonCachingSimpleCPU, BaseNonCachingSimpleCPU -> X86/params/BaseNonCachingSimpleCPU.hh
 [     CXX] X86/cpu/simple/BaseTimingSimpleCPU.py.cc -> .o
 [     CXX] X86/python/_m5/param_BaseAtomicSimpleCPU.cc -> .o
 [     CXX] X86/python/_m5/param_BaseNonCachingSimpleCPU.cc -> .o
 [     CXX] src/cpu/simple/noncaching.cc -> X86/cpu/simple/noncaching.o
 [     CXX] src/cpu/simple/atomic.cc -> X86/cpu/simple/atomic.o
 [SO Param] m5.objects.BaseTimingSimpleCPU, BaseTimingSimpleCPU -> X86/python/_m5/param_BaseTimingSimpleCPU.cc
 [SO Param] m5.objects.BaseTimingSimpleCPU, BaseTimingSimpleCPU -> X86/params/BaseTimingSimpleCPU.hh
 [ TRACING]  -> X86/debug/SimpleCPU.cc
 [     CXX] src/cpu/simple/base.cc -> X86/cpu/simple/base.o
 [     CXX] X86/debug/SimpleCPU.cc -> .o
 [     CXX] src/cpu/simple/timing.cc -> X86/cpu/simple/timing.o
 [     CXX] X86/python/_m5/param_BaseTimingSimpleCPU.cc -> .o
 [     CXX] X86/cpu/simple/BaseSimpleCPU.py.cc -> .o
 [SO Param] m5.objects.BaseSimpleCPU, BaseSimpleCPU -> X86/python/_m5/param_BaseSimpleCPU.cc
 [     CXX] X86/python/_m5/param_BaseSimpleCPU.cc -> .o
 [     CXX] X86/cpu/simple/AtomicSimpleCPU.py.cc -> .o
 [     CXX] X86/cpu/simple/NonCachingSimpleCPU.py.cc -> .o
 [     CXX] X86/cpu/simple/TimingSimpleCPU.py.cc -> .o
 [     CXX] X86/cpu/simple/probes/SimPoint.py.cc -> .o
 [SO Param] m5.objects.SimPoint, SimPoint -> X86/python/_m5/param_SimPoint.cc
 [SO Param] m5.objects.SimPoint, SimPoint -> X86/params/SimPoint.hh
 [     CXX] X86/python/_m5/param_SimPoint.cc -> .o
 [     CXX] src/cpu/simple/probes/simpoint.cc -> X86/cpu/simple/probes/simpoint.o
 [     CXX] X86/cpu/simple/probes/LooppointAnalysis.py.cc -> .o
 [SO Param] m5.objects.LooppointAnalysis, LooppointAnalysis -> X86/python/_m5/param_LooppointAnalysis.cc
 [SO Param] m5.objects.LooppointAnalysis, LooppointAnalysis -> X86/params/LooppointAnalysis.hh
 [ TRACING]  -> X86/debug/LooppointAnalysis.hh
 [SO Param] m5.objects.LooppointAnalysis, LooppointAnalysisManager -> X86/params/LooppointAnalysisManager.hh
 [SO Param] m5.objects.LooppointAnalysis, LooppointAnalysisManager -> X86/python/_m5/param_LooppointAnalysisManager.cc
 [     CXX] X86/python/_m5/param_LooppointAnalysis.cc -> .o
 [     CXX] src/cpu/simple/probes/looppoint_analysis.cc -> X86/cpu/simple/probes/looppoint_analysis.o
 [     CXX] X86/python/_m5/param_LooppointAnalysisManager.cc -> .o
 [ TRACING]  -> X86/debug/LooppointAnalysis.cc
 [     CXX] X86/debug/LooppointAnalysis.cc -> .o
 [     CXX] X86/cpu/kvm/KvmVM.py.cc -> .o
 [SO Param] m5.objects.KvmVM, KvmVM -> X86/python/_m5/param_KvmVM.cc
 [SO Param] m5.objects.KvmVM, KvmVM -> X86/params/KvmVM.hh
 [     CXX] X86/python/_m5/param_KvmVM.cc -> .o
 [     CXX] X86/cpu/kvm/BaseKvmCPU.py.cc -> .o
 [SO Param] m5.objects.BaseKvmCPU, BaseKvmCPU -> X86/python/_m5/param_BaseKvmCPU.cc
 [SO Param] m5.objects.BaseKvmCPU, BaseKvmCPU -> X86/params/BaseKvmCPU.hh
 [CONFIG H] HAVE_PERF_ATTR_EXCLUDE_HOST, 1 -> X86/config/have_perf_attr_exclude_host.hh
 [ TRACING]  -> X86/debug/Kvm.hh
 [ TRACING]  -> X86/debug/KvmIO.hh
 [ TRACING]  -> X86/debug/KvmRun.hh
 [     CXX] X86/python/_m5/param_BaseKvmCPU.cc -> .o
 [     CXX] src/cpu/kvm/base.cc -> X86/cpu/kvm/base.o
 [     CXX] src/cpu/kvm/device.cc -> X86/cpu/kvm/device.o
 [     CXX] src/cpu/kvm/vm.cc -> X86/cpu/kvm/vm.o
 [     CXX] src/cpu/kvm/perfevent.cc -> X86/cpu/kvm/perfevent.o
 [ TRACING]  -> X86/debug/KvmTimer.hh
 [     CXX] src/cpu/kvm/timer.cc -> X86/cpu/kvm/timer.o
 [ TRACING]  -> X86/debug/Kvm.cc
 [     CXX] X86/debug/Kvm.cc -> .o
 [ TRACING]  -> X86/debug/KvmContext.cc
 [ TRACING]  -> X86/debug/KvmContext.hh
 [     CXX] X86/debug/KvmContext.cc -> .o
 [ TRACING]  -> X86/debug/KvmIO.cc
 [     CXX] X86/debug/KvmIO.cc -> .o
 [ TRACING]  -> X86/debug/KvmInt.cc
 [ TRACING]  -> X86/debug/KvmInt.hh
 [     CXX] X86/debug/KvmInt.cc -> .o
 [ TRACING]  -> X86/debug/KvmRun.cc
 [     CXX] X86/debug/KvmRun.cc -> .o
 [ TRACING]  -> X86/debug/KvmTimer.cc
 [ TRACING]  -> X86/debug/KvmAll.cc
 [     CXX] X86/debug/KvmTimer.cc -> .o
 [ TRACING]  -> X86/debug/KvmAll.hh
 [     CXX] X86/debug/KvmAll.cc -> .o
 [     CXX] X86/cpu/pred/BranchPredictor.py.cc -> .o
 [SO Param] m5.objects.BranchPredictor, BranchPredictor -> X86/python/_m5/param_BranchPredictor.cc
 [SO Param] m5.objects.BranchPredictor, IndirectPredictor -> X86/python/_m5/param_IndirectPredictor.cc
 [     CXX] X86/python/_m5/param_BranchPredictor.cc -> .o
 [SO Param] m5.objects.BranchPredictor, SimpleIndirectPredictor -> X86/python/_m5/param_SimpleIndirectPredictor.cc
 [     CXX] X86/python/_m5/param_IndirectPredictor.cc -> .o
 [SO Param] m5.objects.BranchPredictor, SimpleIndirectPredictor -> X86/params/SimpleIndirectPredictor.hh
 [SO Param] m5.objects.BranchPredictor, BranchTargetBuffer -> X86/python/_m5/param_BranchTargetBuffer.cc
 [SO Param] m5.objects.BranchPredictor, SimpleBTB -> X86/python/_m5/param_SimpleBTB.cc
 [SO Param] m5.objects.BranchPredictor, BTBIndexingPolicy -> X86/python/_m5/param_BTBIndexingPolicy.cc
 [     CXX] X86/python/_m5/param_SimpleIndirectPredictor.cc -> .o
 [     CXX] X86/python/_m5/param_BranchTargetBuffer.cc -> .o
 [SO Param] m5.objects.BranchPredictor, SimpleBTB -> X86/params/SimpleBTB.hh
 [SO Param] m5.objects.BranchPredictor, BTBIndexingPolicy -> X86/params/BTBIndexingPolicy.hh
 [SO Param] m5.objects.BranchPredictor, BTBSetAssociative -> X86/params/BTBSetAssociative.hh
 [SO Param] m5.objects.BranchPredictor, BTBSetAssociative -> X86/python/_m5/param_BTBSetAssociative.cc
 [     CXX] X86/python/_m5/param_SimpleBTB.cc -> .o
 [     CXX] X86/python/_m5/param_BTBSetAssociative.cc -> .o
 [     CXX] X86/python/_m5/param_BTBIndexingPolicy.cc -> .o
 [SO Param] m5.objects.BranchPredictor, ReturnAddrStack -> X86/python/_m5/param_ReturnAddrStack.cc
 [     CXX] X86/python/_m5/param_ReturnAddrStack.cc -> .o
 [SO Param] m5.objects.BranchPredictor, LocalBP -> X86/python/_m5/param_LocalBP.cc
 [SO Param] m5.objects.BranchPredictor, LocalBP -> X86/params/LocalBP.hh
 [SO Param] m5.objects.BranchPredictor, TournamentBP -> X86/python/_m5/param_TournamentBP.cc
 [     CXX] X86/python/_m5/param_LocalBP.cc -> .o
 [SO Param] m5.objects.BranchPredictor, TournamentBP -> X86/params/TournamentBP.hh
 [SO Param] m5.objects.BranchPredictor, BiModeBP -> X86/python/_m5/param_BiModeBP.cc
 [     CXX] X86/python/_m5/param_TournamentBP.cc -> .o
 [SO Param] m5.objects.BranchPredictor, TAGEBase -> X86/python/_m5/param_TAGEBase.cc
 [SO Param] m5.objects.BranchPredictor, BiModeBP -> X86/params/BiModeBP.hh
 [SO Param] m5.objects.BranchPredictor, TAGEBase -> X86/params/TAGEBase.hh
 [     CXX] X86/python/_m5/param_BiModeBP.cc -> .o
 [     CXX] X86/python/_m5/param_TAGEBase.cc -> .o
 [SO Param] m5.objects.BranchPredictor, TAGE -> X86/python/_m5/param_TAGE.cc
 [SO Param] m5.objects.BranchPredictor, TAGE -> X86/params/TAGE.hh
 [SO Param] m5.objects.BranchPredictor, LoopPredictor -> X86/python/_m5/param_LoopPredictor.cc
 [     CXX] X86/python/_m5/param_TAGE.cc -> .o
 [SO Param] m5.objects.BranchPredictor, LoopPredictor -> X86/params/LoopPredictor.hh
 [     CXX] X86/python/_m5/param_LoopPredictor.cc -> .o
 [SO Param] m5.objects.BranchPredictor, TAGE_SC_L_TAGE -> X86/python/_m5/param_TAGE_SC_L_TAGE.cc
 [SO Param] m5.objects.BranchPredictor, TAGE_SC_L_TAGE -> X86/params/TAGE_SC_L_TAGE.hh
 [SO Param] m5.objects.BranchPredictor, TAGE_SC_L -> X86/params/TAGE_SC_L.hh
 [SO Param] m5.objects.BranchPredictor, TAGE_SC_L_LoopPredictor -> X86/params/TAGE_SC_L_LoopPredictor.hh
 [SO Param] m5.objects.BranchPredictor, LTAGE -> X86/params/LTAGE.hh
 [SO Param] m5.objects.BranchPredictor, StatisticalCorrector -> X86/params/StatisticalCorrector.hh
 [     CXX] X86/python/_m5/param_TAGE_SC_L_TAGE.cc -> .o
 [SO Param] m5.objects.BranchPredictor, TAGE_SC_L_TAGE_64KB -> X86/python/_m5/param_TAGE_SC_L_TAGE_64KB.cc
 [SO Param] m5.objects.BranchPredictor, TAGE_SC_L_TAGE_64KB -> X86/params/TAGE_SC_L_TAGE_64KB.hh
 [SO Param] m5.objects.BranchPredictor, TAGE_SC_L_64KB -> X86/params/TAGE_SC_L_64KB.hh
 [SO Param] m5.objects.BranchPredictor, TAGE_SC_L_64KB_StatisticalCorrector -> X86/params/TAGE_SC_L_64KB_StatisticalCorrector.hh
 [     CXX] X86/python/_m5/param_TAGE_SC_L_TAGE_64KB.cc -> .o
 [SO Param] m5.objects.BranchPredictor, TAGE_SC_L_TAGE_8KB -> X86/python/_m5/param_TAGE_SC_L_TAGE_8KB.cc
 [SO Param] m5.objects.BranchPredictor, TAGE_SC_L_TAGE_8KB -> X86/params/TAGE_SC_L_TAGE_8KB.hh
 [SO Param] m5.objects.BranchPredictor, TAGE_SC_L_8KB -> X86/params/TAGE_SC_L_8KB.hh
 [SO Param] m5.objects.BranchPredictor, TAGE_SC_L_8KB_StatisticalCorrector -> X86/params/TAGE_SC_L_8KB_StatisticalCorrector.hh
 [SO Param] m5.objects.BranchPredictor, LTAGE -> X86/python/_m5/param_LTAGE.cc
 [     CXX] X86/python/_m5/param_TAGE_SC_L_TAGE_8KB.cc -> .o
 [SO Param] m5.objects.BranchPredictor, TAGE_SC_L_LoopPredictor -> X86/python/_m5/param_TAGE_SC_L_LoopPredictor.cc
 [     CXX] X86/python/_m5/param_LTAGE.cc -> .o
 [     CXX] X86/python/_m5/param_TAGE_SC_L_LoopPredictor.cc -> .o
 [SO Param] m5.objects.BranchPredictor, StatisticalCorrector -> X86/python/_m5/param_StatisticalCorrector.cc
 [SO Param] m5.objects.BranchPredictor, TAGE_SC_L -> X86/python/_m5/param_TAGE_SC_L.cc
 [     CXX] X86/python/_m5/param_StatisticalCorrector.cc -> .o
 [     CXX] X86/python/_m5/param_TAGE_SC_L.cc -> .o
 [SO Param] m5.objects.BranchPredictor, TAGE_SC_L_64KB_StatisticalCorrector -> X86/python/_m5/param_TAGE_SC_L_64KB_StatisticalCorrector.cc
 [     CXX] X86/python/_m5/param_TAGE_SC_L_64KB_StatisticalCorrector.cc -> .o
 [SO Param] m5.objects.BranchPredictor, TAGE_SC_L_8KB_StatisticalCorrector -> X86/python/_m5/param_TAGE_SC_L_8KB_StatisticalCorrector.cc
 [     CXX] X86/python/_m5/param_TAGE_SC_L_8KB_StatisticalCorrector.cc -> .o
 [SO Param] m5.objects.BranchPredictor, TAGE_SC_L_64KB -> X86/python/_m5/param_TAGE_SC_L_64KB.cc
 [     CXX] X86/python/_m5/param_TAGE_SC_L_64KB.cc -> .o
 [SO Param] m5.objects.BranchPredictor, TAGE_SC_L_8KB -> X86/python/_m5/param_TAGE_SC_L_8KB.cc
 [SO Param] m5.objects.BranchPredictor, MultiperspectivePerceptron -> X86/python/_m5/param_MultiperspectivePerceptron.cc
 [SO Param] m5.objects.BranchPredictor, MultiperspectivePerceptron8KB -> X86/python/_m5/param_MultiperspectivePerceptron8KB.cc
 [     CXX] X86/python/_m5/param_TAGE_SC_L_8KB.cc -> .o
 [SO Param] m5.objects.BranchPredictor, MultiperspectivePerceptron -> X86/params/MultiperspectivePerceptron.hh
 [SO Param] m5.objects.BranchPredictor, MultiperspectivePerceptron8KB -> X86/params/MultiperspectivePerceptron8KB.hh
 [     CXX] X86/python/_m5/param_MultiperspectivePerceptron.cc -> .o
 [     CXX] X86/python/_m5/param_MultiperspectivePerceptron8KB.cc -> .o
 [SO Param] m5.objects.BranchPredictor, MultiperspectivePerceptron64KB -> X86/python/_m5/param_MultiperspectivePerceptron64KB.cc
 [SO Param] m5.objects.BranchPredictor, MultiperspectivePerceptron64KB -> X86/params/MultiperspectivePerceptron64KB.hh
 [     CXX] X86/python/_m5/param_MultiperspectivePerceptron64KB.cc -> .o
 [SO Param] m5.objects.BranchPredictor, MPP_TAGE -> X86/python/_m5/param_MPP_TAGE.cc
 [SO Param] m5.objects.BranchPredictor, MPP_TAGE -> X86/params/MPP_TAGE.hh
 [SO Param] m5.objects.BranchPredictor, MPP_LoopPredictor -> X86/params/MPP_LoopPredictor.hh
 [SO Param] m5.objects.BranchPredictor, MPP_StatisticalCorrector -> X86/params/MPP_StatisticalCorrector.hh
 [SO Param] m5.objects.BranchPredictor, MultiperspectivePerceptronTAGE -> X86/params/MultiperspectivePerceptronTAGE.hh
 [SO Param] m5.objects.BranchPredictor, MPP_LoopPredictor -> X86/python/_m5/param_MPP_LoopPredictor.cc
 [     CXX] X86/python/_m5/param_MPP_TAGE.cc -> .o
 [     CXX] X86/python/_m5/param_MPP_LoopPredictor.cc -> .o
 [SO Param] m5.objects.BranchPredictor, MPP_StatisticalCorrector -> X86/python/_m5/param_MPP_StatisticalCorrector.cc
 [     CXX] X86/python/_m5/param_MPP_StatisticalCorrector.cc -> .o
 [SO Param] m5.objects.BranchPredictor, MultiperspectivePerceptronTAGE -> X86/python/_m5/param_MultiperspectivePerceptronTAGE.cc
 [     CXX] X86/python/_m5/param_MultiperspectivePerceptronTAGE.cc -> .o
 [SO Param] m5.objects.BranchPredictor, MPP_StatisticalCorrector_64KB -> X86/python/_m5/param_MPP_StatisticalCorrector_64KB.cc
 [SO Param] m5.objects.BranchPredictor, MPP_StatisticalCorrector_64KB -> X86/params/MPP_StatisticalCorrector_64KB.hh
 [SO Param] m5.objects.BranchPredictor, MultiperspectivePerceptronTAGE64KB -> X86/params/MultiperspectivePerceptronTAGE64KB.hh
 [SO Param] m5.objects.BranchPredictor, MultiperspectivePerceptronTAGE64KB -> X86/python/_m5/param_MultiperspectivePerceptronTAGE64KB.cc
 [SO Param] m5.objects.BranchPredictor, MPP_TAGE_8KB -> X86/python/_m5/param_MPP_TAGE_8KB.cc
 [     CXX] X86/python/_m5/param_MPP_StatisticalCorrector_64KB.cc -> .o
 [     CXX] X86/python/_m5/param_MultiperspectivePerceptronTAGE64KB.cc -> .o
 [SO Param] m5.objects.BranchPredictor, MPP_TAGE_8KB -> X86/params/MPP_TAGE_8KB.hh
 [SO Param] m5.objects.BranchPredictor, MPP_LoopPredictor_8KB -> X86/params/MPP_LoopPredictor_8KB.hh
 [SO Param] m5.objects.BranchPredictor, MPP_StatisticalCorrector_8KB -> X86/params/MPP_StatisticalCorrector_8KB.hh
 [SO Param] m5.objects.BranchPredictor, MultiperspectivePerceptronTAGE8KB -> X86/params/MultiperspectivePerceptronTAGE8KB.hh
 [SO Param] m5.objects.BranchPredictor, MPP_LoopPredictor_8KB -> X86/python/_m5/param_MPP_LoopPredictor_8KB.cc
 [     CXX] X86/python/_m5/param_MPP_TAGE_8KB.cc -> .o
 [     CXX] X86/python/_m5/param_MPP_LoopPredictor_8KB.cc -> .o
 [SO Param] m5.objects.BranchPredictor, MPP_StatisticalCorrector_8KB -> X86/python/_m5/param_MPP_StatisticalCorrector_8KB.cc
 [     CXX] X86/python/_m5/param_MPP_StatisticalCorrector_8KB.cc -> .o
 [SO Param] m5.objects.BranchPredictor, MultiperspectivePerceptronTAGE8KB -> X86/python/_m5/param_MultiperspectivePerceptronTAGE8KB.cc
 [     CXX] X86/python/_m5/param_MultiperspectivePerceptronTAGE8KB.cc -> .o
 [ENUM STR] m5.objects.BranchPredictor, BranchType -> X86/enums/BranchType.cc
 [     CXX] X86/enums/BranchType.cc -> .o
 [ENUM STR] m5.objects.BranchPredictor, TargetProvider -> X86/enums/TargetProvider.cc
 [     CXX] X86/enums/TargetProvider.cc -> .o
 [ TRACING]  -> X86/debug/Branch.hh
 [     CXX] src/cpu/pred/bpred_unit.cc -> X86/cpu/pred/bpred_unit.o
 [     CXX] src/cpu/pred/2bit_local.cc -> X86/cpu/pred/2bit_local.o
 [ TRACING]  -> X86/debug/Indirect.hh
 [     CXX] src/cpu/pred/simple_indirect.cc -> X86/cpu/pred/simple_indirect.o
 [     CXX] src/cpu/pred/indirect.cc -> X86/cpu/pred/indirect.o
 [ TRACING]  -> X86/debug/RAS.hh
 [     CXX] src/cpu/pred/ras.cc -> X86/cpu/pred/ras.o
 [     CXX] src/cpu/pred/tournament.cc -> X86/cpu/pred/tournament.o
 [     CXX] src/cpu/pred/bi_mode.cc -> X86/cpu/pred/bi_mode.o
 [ TRACING]  -> X86/debug/Tage.hh
 [     CXX] src/cpu/pred/tage_base.cc -> X86/cpu/pred/tage_base.o
 [     CXX] src/cpu/pred/tage.cc -> X86/cpu/pred/tage.o
 [ TRACING]  -> X86/debug/LTage.hh
 [     CXX] src/cpu/pred/loop_predictor.cc -> X86/cpu/pred/loop_predictor.o
 [     CXX] src/cpu/pred/ltage.cc -> X86/cpu/pred/ltage.o
 [     CXX] src/cpu/pred/multiperspective_perceptron.cc -> X86/cpu/pred/multiperspective_perceptron.o
 [     CXX] src/cpu/pred/multiperspective_perceptron_8KB.cc -> X86/cpu/pred/multiperspective_perceptron_8KB.o
 [     CXX] src/cpu/pred/multiperspective_perceptron_64KB.cc -> X86/cpu/pred/multiperspective_perceptron_64KB.o
 [     CXX] src/cpu/pred/multiperspective_perceptron_tage.cc -> X86/cpu/pred/multiperspective_perceptron_tage.o
 [     CXX] src/cpu/pred/multiperspective_perceptron_tage_8KB.cc -> X86/cpu/pred/multiperspective_perceptron_tage_8KB.o
 [     CXX] src/cpu/pred/multiperspective_perceptron_tage_64KB.cc -> X86/cpu/pred/multiperspective_perceptron_tage_64KB.o
 [     CXX] src/cpu/pred/statistical_corrector.cc -> X86/cpu/pred/statistical_corrector.o
 [ TRACING]  -> X86/debug/TageSCL.hh
 [     CXX] src/cpu/pred/tage_sc_l.cc -> X86/cpu/pred/tage_sc_l.o
 [     CXX] src/cpu/pred/tage_sc_l_8KB.cc -> X86/cpu/pred/tage_sc_l_8KB.o
 [     CXX] src/cpu/pred/tage_sc_l_64KB.cc -> X86/cpu/pred/tage_sc_l_64KB.o
 [     CXX] src/cpu/pred/btb.cc -> X86/cpu/pred/btb.o
 [ TRACING]  -> X86/debug/BTB.hh
 [     CXX] src/cpu/pred/simple_btb.cc -> X86/cpu/pred/simple_btb.o
 [ TRACING]  -> X86/debug/Indirect.cc
 [     CXX] X86/debug/Indirect.cc -> .o
 [ TRACING]  -> X86/debug/BTB.cc
 [     CXX] X86/debug/BTB.cc -> .o
 [ TRACING]  -> X86/debug/RAS.cc
 [     CXX] X86/debug/RAS.cc -> .o
 [ TRACING]  -> X86/debug/FreeList.cc
 [     CXX] X86/debug/FreeList.cc -> .o
 [ TRACING]  -> X86/debug/Branch.cc
 [     CXX] X86/debug/Branch.cc -> .o
 [ TRACING]  -> X86/debug/Tage.cc
 [     CXX] X86/debug/Tage.cc -> .o
 [ TRACING]  -> X86/debug/LTage.cc
 [     CXX] X86/debug/LTage.cc -> .o
 [ TRACING]  -> X86/debug/TageSCL.cc
 [     CXX] X86/cpu/probes/PcCountTracker.py.cc -> .o
 [     CXX] X86/debug/TageSCL.cc -> .o
 [SO Param] m5.objects.PcCountTracker, PcCountTracker -> X86/python/_m5/param_PcCountTracker.cc
 [SO Param] m5.objects.PcCountTracker, PcCountTrackerManager -> X86/python/_m5/param_PcCountTrackerManager.cc
 [SO Param] m5.objects.PcCountTracker, PcCountTracker -> X86/params/PcCountTracker.hh
 [SO Param] m5.objects.PcCountTracker, PcCountTrackerManager -> X86/params/PcCountTrackerManager.hh
 [ TRACING]  -> X86/debug/PcCountTracker.hh
 [ TRACING]  -> X86/debug/PcCountTracker.cc
 [     CXX] X86/cpu/probes/InstTracker.py.cc -> .o
 [     CXX] X86/debug/PcCountTracker.cc -> .o
 [SO Param] m5.objects.InstTracker, GlobalInstTracker -> X86/python/_m5/param_GlobalInstTracker.cc
 [     CXX] X86/python/_m5/param_PcCountTrackerManager.cc -> .o
 [     CXX] src/cpu/probes/pc_count_tracker.cc -> X86/cpu/probes/pc_count_tracker.o
 [     CXX] src/cpu/probes/pc_count_tracker_manager.cc -> X86/cpu/probes/pc_count_tracker_manager.o
 [SO Param] m5.objects.InstTracker, GlobalInstTracker -> X86/params/GlobalInstTracker.hh
 [ TRACING]  -> X86/debug/InstTracker.hh
 [SO Param] m5.objects.InstTracker, LocalInstTracker -> X86/params/LocalInstTracker.hh
 [     CXX] X86/python/_m5/param_PcCountTracker.cc -> .o
 [     CXX] X86/python/_m5/param_GlobalInstTracker.cc -> .o
 [SO Param] m5.objects.InstTracker, LocalInstTracker -> X86/python/_m5/param_LocalInstTracker.cc
 [     CXX] X86/python/_m5/param_LocalInstTracker.cc -> .o
 [     CXX] src/cpu/probes/inst_tracker.cc -> X86/cpu/probes/inst_tracker.o
 [ TRACING]  -> X86/debug/InstTracker.cc
 [     CXX] X86/debug/InstTracker.cc -> .o
 [     CXX] X86/cpu/minor/BaseMinorCPU.py.cc -> .o
 [SO Param] m5.objects.BaseMinorCPU, MinorOpClass -> X86/python/_m5/param_MinorOpClass.cc
 [SO Param] m5.objects.BaseMinorCPU, MinorOpClass -> X86/params/MinorOpClass.hh
 [SO Param] m5.objects.BaseMinorCPU, MinorFU -> X86/params/MinorFU.hh
 [SO Param] m5.objects.BaseMinorCPU, MinorFUPool -> X86/params/MinorFUPool.hh
 [SO Param] m5.objects.BaseMinorCPU, MinorOpClassSet -> X86/params/MinorOpClassSet.hh
 [ TRACING]  -> X86/debug/MinorTrace.hh
 [SO Param] m5.objects.BaseMinorCPU, MinorOpClassSet -> X86/python/_m5/param_MinorOpClassSet.cc
 [SO Param] m5.objects.BaseMinorCPU, MinorFUTiming -> X86/params/MinorFUTiming.hh
 [SO Param] m5.objects.BaseMinorCPU, MinorFUTiming -> X86/python/_m5/param_MinorFUTiming.cc
 [SO Param] m5.objects.BaseMinorCPU, MinorFU -> X86/python/_m5/param_MinorFU.cc
 [     CXX] X86/python/_m5/param_MinorOpClass.cc -> .o
 [     CXX] X86/python/_m5/param_MinorFUTiming.cc -> .o
 [     CXX] X86/python/_m5/param_MinorFU.cc -> .o
 [     CXX] X86/python/_m5/param_MinorOpClassSet.cc -> .o
 [SO Param] m5.objects.BaseMinorCPU, MinorFUPool -> X86/python/_m5/param_MinorFUPool.cc
 [SO Param] m5.objects.BaseMinorCPU, BaseMinorCPU -> X86/python/_m5/param_BaseMinorCPU.cc
 [     CXX] X86/python/_m5/param_MinorFUPool.cc -> .o
 [ENUMDECL] m5.objects.BaseMinorCPU, ThreadPolicy -> X86/enums/ThreadPolicy.hh
 [SO Param] m5.objects.BaseMinorCPU, BaseMinorCPU -> X86/params/BaseMinorCPU.hh
 [ENUM STR] m5.objects.BaseMinorCPU, ThreadPolicy -> X86/enums/ThreadPolicy.cc
 [     CXX] src/cpu/minor/activity.cc -> X86/cpu/minor/activity.o
 [     CXX] X86/python/_m5/param_BaseMinorCPU.cc -> .o
 [     CXX] X86/enums/ThreadPolicy.cc -> .o
 [ TRACING]  -> X86/debug/MinorCPU.hh
 [     CXX] src/cpu/minor/cpu.cc -> X86/cpu/minor/cpu.o
 [     CXX] src/cpu/minor/decode.cc -> X86/cpu/minor/decode.o
 [ TRACING]  -> X86/debug/MinorExecute.hh
 [     CXX] src/cpu/minor/dyn_inst.cc -> X86/cpu/minor/dyn_inst.o
 [ TRACING]  -> X86/debug/MinorInterrupt.hh
 [ TRACING]  -> X86/debug/MinorMem.hh
 [     CXX] src/cpu/minor/execute.cc -> X86/cpu/minor/execute.o
 [     CXX] src/cpu/minor/fetch1.cc -> X86/cpu/minor/fetch1.o
 [     CXX] src/cpu/minor/fetch2.cc -> X86/cpu/minor/fetch2.o
 [ TRACING]  -> X86/debug/MinorTiming.hh
 [     CXX] src/cpu/minor/func_unit.cc -> X86/cpu/minor/func_unit.o
 [     CXX] src/cpu/minor/lsq.cc -> X86/cpu/minor/lsq.o
 [     CXX] src/cpu/minor/pipe_data.cc -> X86/cpu/minor/pipe_data.o
 [     CXX] src/cpu/minor/pipeline.cc -> X86/cpu/minor/pipeline.o
 [ TRACING]  -> X86/debug/MinorScoreboard.hh
 [     CXX] src/cpu/minor/scoreboard.cc -> X86/cpu/minor/scoreboard.o
 [     CXX] src/cpu/minor/stats.cc -> X86/cpu/minor/stats.o
 [ TRACING]  -> X86/debug/MinorCPU.cc
 [     CXX] X86/debug/MinorCPU.cc -> .o
 [ TRACING]  -> X86/debug/MinorExecute.cc
 [     CXX] X86/debug/MinorExecute.cc -> .o
 [ TRACING]  -> X86/debug/MinorInterrupt.cc
 [     CXX] X86/debug/MinorInterrupt.cc -> .o
 [ TRACING]  -> X86/debug/MinorMem.cc
 [     CXX] X86/debug/MinorMem.cc -> .o
 [ TRACING]  -> X86/debug/MinorScoreboard.cc
 [     CXX] X86/debug/MinorScoreboard.cc -> .o
 [ TRACING]  -> X86/debug/MinorTrace.cc
 [     CXX] X86/debug/MinorTrace.cc -> .o
 [ TRACING]  -> X86/debug/MinorTiming.cc
 [     CXX] X86/debug/MinorTiming.cc -> .o
 [ TRACING]  -> X86/debug/Minor.cc
 [ TRACING]  -> X86/debug/Minor.hh
 [     CXX] X86/debug/Minor.cc -> .o
 [     CXX] X86/cpu/minor/MinorCPU.py.cc -> .o
 [ TRACING]  -> X86/debug/IntRegs.cc
 [     CXX] X86/debug/IntRegs.cc -> .o
 [ TRACING]  -> X86/debug/FloatRegs.cc
 [ TRACING]  -> X86/debug/VecRegs.cc
 [     CXX] X86/debug/FloatRegs.cc -> .o
 [     CXX] X86/debug/VecRegs.cc -> .o
 [ TRACING]  -> X86/debug/VecPredRegs.cc
 [ TRACING]  -> X86/debug/MatRegs.cc
 [     CXX] X86/debug/VecPredRegs.cc -> .o
 [     CXX] X86/debug/MatRegs.cc -> .o
 [ TRACING]  -> X86/debug/CCRegs.cc
 [ TRACING]  -> X86/debug/MiscRegs.cc
 [     CXX] X86/debug/CCRegs.cc -> .o
 [ TRACING]  -> X86/debug/MiscRegs.hh
 [     CXX] X86/debug/MiscRegs.cc -> .o
 [ TRACING]  -> X86/debug/Registers.cc
 [ TRACING]  -> X86/debug/Decoder.cc
 [ TRACING]  -> X86/debug/Faults.cc
 [ TRACING]  -> X86/debug/Registers.hh
 [ TRACING]  -> X86/debug/Decoder.hh
 [     CXX] X86/debug/Faults.cc -> .o
 [     CXX] X86/debug/Registers.cc -> .o
 [     CXX] X86/debug/Decoder.cc -> .o
 [ TRACING]  -> X86/debug/TLBVerbose.cc
 [ TRACING]  -> X86/debug/TLBVerbose.hh
 [     CXX] src/arch/generic/htm.cc -> X86/arch/generic/htm.o
 [     CXX] X86/debug/TLBVerbose.cc -> .o
 [     CXX] src/arch/generic/mmu.cc -> X86/arch/generic/mmu.o
 [     CXX] X86/arch/generic/BaseInterrupts.py.cc -> .o
 [SO Param] m5.objects.BaseInterrupts, BaseInterrupts -> X86/python/_m5/param_BaseInterrupts.cc
 [     CXX] X86/arch/generic/BaseISA.py.cc -> .o
 [SO Param] m5.objects.BaseISA, BaseISA -> X86/python/_m5/param_BaseISA.cc
 [     CXX] X86/arch/generic/BaseMMU.py.cc -> .o
 [     CXX] X86/python/_m5/param_BaseInterrupts.cc -> .o
 [     CXX] X86/python/_m5/param_BaseISA.cc -> .o
 [SO Param] m5.objects.BaseMMU, BaseMMU -> X86/python/_m5/param_BaseMMU.cc
 [     CXX] X86/python/_m5/param_BaseMMU.cc -> .o
 [     CXX] X86/arch/generic/BaseTLB.py.cc -> .o
 [SO Param] m5.objects.BaseTLB, BaseTLB -> X86/python/_m5/param_BaseTLB.cc
 [     CXX] X86/python/_m5/param_BaseTLB.cc -> .o
 [ENUM STR] m5.objects.BaseTLB, TypeTLB -> X86/enums/TypeTLB.cc
 [     CXX] X86/enums/TypeTLB.cc -> .o
 [     CXX] X86/arch/generic/InstDecoder.py.cc -> .o
 [SO Param] m5.objects.InstDecoder, InstDecoder -> X86/python/_m5/param_InstDecoder.cc
 [     CXX] X86/python/_m5/param_InstDecoder.cc -> .o
 [ TRACING]  -> X86/debug/PageTableWalker.cc
 [ TRACING]  -> X86/debug/TLB.cc
 [ TRACING]  -> X86/debug/TLB.hh
 [ TRACING]  -> X86/debug/PageTableWalker.hh
 [     CXX] X86/debug/TLB.cc -> .o
 [     CXX] X86/debug/PageTableWalker.cc -> .o
 [     CXX] src/arch/generic/decoder.cc -> X86/arch/generic/decoder.o
 [     CXX] src/arch/arm/insts/fplib.cc -> X86/arch/arm/insts/fplib.o
 [ TRACING]  -> X86/debug/X86.hh
 [SO Param] m5.objects.X86ISA, X86ISA -> X86/params/X86ISA.hh
 [SO Param] m5.objects.X86Decoder, X86Decoder -> X86/params/X86Decoder.hh
 [     CXX] src/arch/x86/cpuid.cc -> X86/arch/x86/cpuid.o
 [     CXX] src/arch/x86/decoder.cc -> X86/arch/x86/decoder.o
 [     CXX] src/arch/x86/decoder_tables.cc -> X86/arch/x86/decoder_tables.o
 [     CXX] src/arch/x86/emulenv.cc -> X86/arch/x86/emulenv.o
 [ISA DESC] src/arch/x86/isa/main.isa -> X86/arch/x86/generated/decoder-g.cc.inc, X86/arch/x86/generated/decoder-ns.cc.inc, X86/arch/x86/generated/decode-method.cc.inc, X86/arch/x86/generated/decoder.hh, X86/arch/x86/generated/decoder-g.hh.inc, X86/arch/x86/generated/decoder-ns.hh.inc, X86/arch/x86/generated/exec-g.cc.inc, X86/arch/x86/generated/exec-ns.cc.inc, X86/arch/x86/generated/decoder.cc, X86/arch/x86/generated/inst-constrs.cc, X86/arch/x86/generated/generic_cpu_exec.cc
Generating LALR tables
 [SO Param] m5.objects.X86MMU, X86MMU -> X86/params/X86MMU.hh
Generating LALR tables
 [ TRACING]  -> X86/debug/ACPI.hh
 [     CXX] src/arch/x86/faults.cc -> X86/arch/x86/faults.o
 [SO Param] m5.objects.X86FsWorkload, X86FsWorkload -> X86/params/X86FsWorkload.hh
 [SO Param] m5.objects.ACPI, X86ACPIMadt -> X86/params/X86ACPIMadt.hh
 [SO Param] m5.objects.ACPI, X86ACPIMadtIntSourceOverride -> X86/params/X86ACPIMadtIntSourceOverride.hh
 [SO Param] m5.objects.ACPI, X86ACPIMadtLAPICOverride -> X86/params/X86ACPIMadtLAPICOverride.hh
 [SO Param] m5.objects.ACPI, X86ACPIMadtIOAPIC -> X86/params/X86ACPIMadtIOAPIC.hh
 [SO Param] m5.objects.ACPI, X86ACPIMadtNMI -> X86/params/X86ACPIMadtNMI.hh
 [SO Param] m5.objects.ACPI, X86ACPIMadtLAPIC -> X86/params/X86ACPIMadtLAPIC.hh
 [SO Param] m5.objects.ACPI, X86ACPIMadtRecord -> X86/params/X86ACPIMadtRecord.hh
 [SO Param] m5.objects.ACPI, X86ACPIRSDP -> X86/params/X86ACPIRSDP.hh
 [SO Param] m5.objects.ACPI, X86ACPIRSDT -> X86/params/X86ACPIRSDT.hh
 [SO Param] m5.objects.ACPI, X86ACPISysDescTable -> X86/params/X86ACPISysDescTable.hh
 [SO Param] m5.objects.ACPI, X86ACPIXSDT -> X86/params/X86ACPIXSDT.hh
 [ENUMDECL] m5.objects.IntelMP, X86IntelMPAddressType -> X86/enums/X86IntelMPAddressType.hh
 [ENUMDECL] m5.objects.IntelMP, X86IntelMPInterruptType -> X86/enums/X86IntelMPInterruptType.hh
 [ENUMDECL] m5.objects.IntelMP, X86IntelMPPolarity -> X86/enums/X86IntelMPPolarity.hh
 [ENUMDECL] m5.objects.IntelMP, X86IntelMPRangeList -> X86/enums/X86IntelMPRangeList.hh
 [ENUMDECL] m5.objects.IntelMP, X86IntelMPTriggerMode -> X86/enums/X86IntelMPTriggerMode.hh
 [ENUMDECL] m5.objects.SMBios, Characteristic -> X86/enums/Characteristic.hh
 [ENUMDECL] m5.objects.SMBios, ExtCharacteristic -> X86/enums/ExtCharacteristic.hh
 [     CXX] src/arch/x86/insts/badmicroop.cc -> X86/arch/x86/insts/badmicroop.o
 [     CXX] src/arch/x86/insts/microop.cc -> X86/arch/x86/insts/microop.o
 [     CXX] src/arch/x86/insts/microregop.cc -> X86/arch/x86/insts/microregop.o
 [     CXX] src/arch/x86/insts/static_inst.cc -> X86/arch/x86/insts/static_inst.o
 [ TRACING]  -> X86/debug/LocalApic.hh
 [     CXX] src/arch/x86/isa.cc -> X86/arch/x86/isa.o
 [SO Param] m5.objects.IntelMP, X86IntelMPConfigTable -> X86/params/X86IntelMPConfigTable.hh
 [     CXX] src/arch/x86/interrupts.cc -> X86/arch/x86/interrupts.o
 [SO Param] m5.objects.IntelMP, X86IntelMPFloatingPointer -> X86/params/X86IntelMPFloatingPointer.hh
 [SO Param] m5.objects.SMBios, X86SMBiosSMBiosTable -> X86/params/X86SMBiosSMBiosTable.hh
 [SO Param] m5.objects.IntelMP, X86IntelMPBaseConfigEntry -> X86/params/X86IntelMPBaseConfigEntry.hh
 [SO Param] m5.objects.IntelMP, X86IntelMPExtConfigEntry -> X86/params/X86IntelMPExtConfigEntry.hh
 [SO Param] m5.objects.SMBios, X86SMBiosSMBiosStructure -> X86/params/X86SMBiosSMBiosStructure.hh
 [     CXX] src/arch/x86/fs_workload.cc -> X86/arch/x86/fs_workload.o
 [SO Param] m5.objects.X86NativeTrace, X86NativeTrace -> X86/params/X86NativeTrace.hh
 [     CXX] src/arch/x86/nativetrace.cc -> X86/arch/x86/nativetrace.o
 [     CXX] src/arch/x86/pagetable.cc -> X86/arch/x86/pagetable.o
 [     CXX] src/arch/x86/pagetable_walker.cc -> X86/arch/x86/pagetable_walker.o
 [     CXX] src/arch/x86/process.cc -> X86/arch/x86/process.o
 [     CXX] src/arch/x86/remote_gdb.cc -> X86/arch/x86/remote_gdb.o
 [     CXX] src/arch/x86/tlb.cc -> X86/arch/x86/tlb.o
 [     CXX] src/arch/x86/types.cc -> X86/arch/x86/types.o
 [     CXX] src/arch/x86/utility.cc -> X86/arch/x86/utility.o
 [     CXX] X86/arch/x86/X86SeWorkload.py.cc -> .o
 [SO Param] m5.objects.X86SeWorkload, X86EmuLinux -> X86/python/_m5/param_X86EmuLinux.cc
 [SO Param] m5.objects.X86SeWorkload, X86EmuLinux -> X86/params/X86EmuLinux.hh
 [     CXX] X86/python/_m5/param_X86EmuLinux.cc -> .o
 [     CXX] X86/arch/x86/X86FsWorkload.py.cc -> .o
 [SO Param] m5.objects.X86FsWorkload, X86BareMetalWorkload -> X86/python/_m5/param_X86BareMetalWorkload.cc
 [SO Param] m5.objects.X86FsWorkload, X86BareMetalWorkload -> X86/params/X86BareMetalWorkload.hh
 [SO Param] m5.objects.X86FsWorkload, X86FsWorkload -> X86/python/_m5/param_X86FsWorkload.cc
 [     CXX] X86/python/_m5/param_X86BareMetalWorkload.cc -> .o
 [     CXX] X86/python/_m5/param_X86FsWorkload.cc -> .o
 [SO Param] m5.objects.X86FsWorkload, X86FsLinux -> X86/python/_m5/param_X86FsLinux.cc
 [SO Param] m5.objects.X86FsWorkload, X86FsLinux -> X86/params/X86FsLinux.hh
 [     CXX] X86/python/_m5/param_X86FsLinux.cc -> .o
 [     CXX] X86/arch/x86/X86Decoder.py.cc -> .o
 [SO Param] m5.objects.X86Decoder, X86Decoder -> X86/python/_m5/param_X86Decoder.cc
 [     CXX] X86/python/_m5/param_X86Decoder.cc -> .o
 [     CXX] X86/arch/x86/X86ISA.py.cc -> .o
 [SO Param] m5.objects.X86ISA, X86ISA -> X86/python/_m5/param_X86ISA.cc
 [     CXX] X86/python/_m5/param_X86ISA.cc -> .o
 [     CXX] X86/arch/x86/X86LocalApic.py.cc -> .o
 [SO Param] m5.objects.X86LocalApic, X86LocalApic -> X86/python/_m5/param_X86LocalApic.cc
 [     CXX] X86/python/_m5/param_X86LocalApic.cc -> .o
 [     CXX] X86/arch/x86/X86MMU.py.cc -> .o
 [SO Param] m5.objects.X86MMU, X86MMU -> X86/python/_m5/param_X86MMU.cc
 [     CXX] X86/python/_m5/param_X86MMU.cc -> .o
 [     CXX] X86/arch/x86/X86NativeTrace.py.cc -> .o
 [SO Param] m5.objects.X86NativeTrace, X86NativeTrace -> X86/python/_m5/param_X86NativeTrace.cc
 [     CXX] X86/python/_m5/param_X86NativeTrace.cc -> .o
 [     CXX] X86/arch/x86/X86TLB.py.cc -> .o
 [SO Param] m5.objects.X86TLB, X86PagetableWalker -> X86/python/_m5/param_X86PagetableWalker.cc
 [     CXX] X86/python/_m5/param_X86PagetableWalker.cc -> .o
 [SO Param] m5.objects.X86TLB, X86TLB -> X86/python/_m5/param_X86TLB.cc
 [     CXX] X86/python/_m5/param_X86TLB.cc -> .o
 [     CXX] X86/arch/x86/X86CPU.py.cc -> .o
 [ TRACING]  -> X86/debug/LocalApic.cc
 [     CXX] X86/debug/LocalApic.cc -> .o
 [ TRACING]  -> X86/debug/X86.cc
 [     CXX] X86/debug/X86.cc -> .o
 [ TRACING]  -> X86/debug/ACPI.cc
 [     CXX] X86/debug/ACPI.cc -> .o
 [     CXX] X86/arch/x86/generated/decoder.cc -> .o
 [     CXX] X86/arch/x86/generated/inst-constrs.cc -> .o
 [     CXX] X86/arch/x86/generated/generic_cpu_exec.cc -> .o
 [     CXX] src/arch/x86/regs/float.cc -> X86/arch/x86/regs/float.o
 [     CXX] src/arch/x86/regs/int.cc -> X86/arch/x86/regs/int.o
 [     CXX] src/arch/x86/regs/msr.cc -> X86/arch/x86/regs/msr.o
 [     CXX] X86/arch/x86/bios/E820.py.cc -> .o
 [SO Param] m5.objects.E820, X86E820Entry -> X86/python/_m5/param_X86E820Entry.cc
 [SO Param] m5.objects.E820, X86E820Table -> X86/python/_m5/param_X86E820Table.cc
 [     CXX] X86/python/_m5/param_X86E820Entry.cc -> .o
 [     CXX] X86/python/_m5/param_X86E820Table.cc -> .o
 [     CXX] src/arch/x86/bios/e820.cc -> X86/arch/x86/bios/e820.o
 [     CXX] X86/arch/x86/bios/SMBios.py.cc -> .o
 [SO Param] m5.objects.SMBios, X86SMBiosSMBiosStructure -> X86/python/_m5/param_X86SMBiosSMBiosStructure.cc
 [     CXX] X86/python/_m5/param_X86SMBiosSMBiosStructure.cc -> .o
 [SO Param] m5.objects.SMBios, X86SMBiosBiosInformation -> X86/python/_m5/param_X86SMBiosBiosInformation.cc
 [SO Param] m5.objects.SMBios, X86SMBiosBiosInformation -> X86/params/X86SMBiosBiosInformation.hh
 [     CXX] X86/python/_m5/param_X86SMBiosBiosInformation.cc -> .o
 [SO Param] m5.objects.SMBios, X86SMBiosSMBiosTable -> X86/python/_m5/param_X86SMBiosSMBiosTable.cc
 [ENUM STR] m5.objects.SMBios, Characteristic -> X86/enums/Characteristic.cc
 [ENUM STR] m5.objects.SMBios, ExtCharacteristic -> X86/enums/ExtCharacteristic.cc
 [     CXX] X86/python/_m5/param_X86SMBiosSMBiosTable.cc -> .o
 [     CXX] X86/enums/Characteristic.cc -> .o
 [     CXX] X86/enums/ExtCharacteristic.cc -> .o
 [     CXX] src/arch/x86/bios/smbios.cc -> X86/arch/x86/bios/smbios.o
 [     CXX] X86/arch/x86/bios/IntelMP.py.cc -> .o
 [SO Param] m5.objects.IntelMP, X86IntelMPFloatingPointer -> X86/python/_m5/param_X86IntelMPFloatingPointer.cc
 [     CXX] X86/python/_m5/param_X86IntelMPFloatingPointer.cc -> .o
 [SO Param] m5.objects.IntelMP, X86IntelMPConfigTable -> X86/python/_m5/param_X86IntelMPConfigTable.cc
 [     CXX] X86/python/_m5/param_X86IntelMPConfigTable.cc -> .o
 [SO Param] m5.objects.IntelMP, X86IntelMPBaseConfigEntry -> X86/python/_m5/param_X86IntelMPBaseConfigEntry.cc
 [     CXX] X86/python/_m5/param_X86IntelMPBaseConfigEntry.cc -> .o
 [SO Param] m5.objects.IntelMP, X86IntelMPExtConfigEntry -> X86/python/_m5/param_X86IntelMPExtConfigEntry.cc
 [     CXX] X86/python/_m5/param_X86IntelMPExtConfigEntry.cc -> .o
 [SO Param] m5.objects.IntelMP, X86IntelMPProcessor -> X86/python/_m5/param_X86IntelMPProcessor.cc
 [SO Param] m5.objects.IntelMP, X86IntelMPBus -> X86/python/_m5/param_X86IntelMPBus.cc
 [SO Param] m5.objects.IntelMP, X86IntelMPBus -> X86/params/X86IntelMPBus.hh
 [SO Param] m5.objects.IntelMP, X86IntelMPProcessor -> X86/params/X86IntelMPProcessor.hh
 [     CXX] X86/python/_m5/param_X86IntelMPBus.cc -> .o
 [     CXX] X86/python/_m5/param_X86IntelMPProcessor.cc -> .o
 [SO Param] m5.objects.IntelMP, X86IntelMPIOAPIC -> X86/python/_m5/param_X86IntelMPIOAPIC.cc
 [SO Param] m5.objects.IntelMP, X86IntelMPIOAPIC -> X86/params/X86IntelMPIOAPIC.hh
 [     CXX] X86/python/_m5/param_X86IntelMPIOAPIC.cc -> .o
 [SO Param] m5.objects.IntelMP, X86IntelMPIOIntAssignment -> X86/python/_m5/param_X86IntelMPIOIntAssignment.cc
 [SO Param] m5.objects.IntelMP, X86IntelMPIOIntAssignment -> X86/params/X86IntelMPIOIntAssignment.hh
 [     CXX] X86/python/_m5/param_X86IntelMPIOIntAssignment.cc -> .o
 [SO Param] m5.objects.IntelMP, X86IntelMPLocalIntAssignment -> X86/python/_m5/param_X86IntelMPLocalIntAssignment.cc
 [SO Param] m5.objects.IntelMP, X86IntelMPLocalIntAssignment -> X86/params/X86IntelMPLocalIntAssignment.hh
 [     CXX] X86/python/_m5/param_X86IntelMPLocalIntAssignment.cc -> .o
 [SO Param] m5.objects.IntelMP, X86IntelMPAddrSpaceMapping -> X86/python/_m5/param_X86IntelMPAddrSpaceMapping.cc
 [SO Param] m5.objects.IntelMP, X86IntelMPAddrSpaceMapping -> X86/params/X86IntelMPAddrSpaceMapping.hh
 [     CXX] X86/python/_m5/param_X86IntelMPAddrSpaceMapping.cc -> .o
 [SO Param] m5.objects.IntelMP, X86IntelMPBusHierarchy -> X86/python/_m5/param_X86IntelMPBusHierarchy.cc
 [SO Param] m5.objects.IntelMP, X86IntelMPCompatAddrSpaceMod -> X86/python/_m5/param_X86IntelMPCompatAddrSpaceMod.cc
 [SO Param] m5.objects.IntelMP, X86IntelMPBusHierarchy -> X86/params/X86IntelMPBusHierarchy.hh
 [SO Param] m5.objects.IntelMP, X86IntelMPCompatAddrSpaceMod -> X86/params/X86IntelMPCompatAddrSpaceMod.hh
 [     CXX] X86/python/_m5/param_X86IntelMPBusHierarchy.cc -> .o
 [     CXX] X86/python/_m5/param_X86IntelMPCompatAddrSpaceMod.cc -> .o
 [ENUM STR] m5.objects.IntelMP, X86IntelMPInterruptType -> X86/enums/X86IntelMPInterruptType.cc
 [     CXX] X86/enums/X86IntelMPInterruptType.cc -> .o
 [ENUM STR] m5.objects.IntelMP, X86IntelMPPolarity -> X86/enums/X86IntelMPPolarity.cc
 [     CXX] X86/enums/X86IntelMPPolarity.cc -> .o
 [ENUM STR] m5.objects.IntelMP, X86IntelMPTriggerMode -> X86/enums/X86IntelMPTriggerMode.cc
 [     CXX] X86/enums/X86IntelMPTriggerMode.cc -> .o
 [ENUM STR] m5.objects.IntelMP, X86IntelMPAddressType -> X86/enums/X86IntelMPAddressType.cc
 [     CXX] X86/enums/X86IntelMPAddressType.cc -> .o
 [ENUM STR] m5.objects.IntelMP, X86IntelMPRangeList -> X86/enums/X86IntelMPRangeList.cc
 [     CXX] X86/enums/X86IntelMPRangeList.cc -> .o
 [     CXX] src/arch/x86/bios/intelmp.cc -> X86/arch/x86/bios/intelmp.o
 [     CXX] X86/arch/x86/bios/ACPI.py.cc -> .o
 [SO Param] m5.objects.ACPI, X86ACPISysDescTable -> X86/python/_m5/param_X86ACPISysDescTable.cc
 [     CXX] X86/python/_m5/param_X86ACPISysDescTable.cc -> .o
 [SO Param] m5.objects.ACPI, X86ACPIRSDT -> X86/python/_m5/param_X86ACPIRSDT.cc
 [SO Param] m5.objects.ACPI, X86ACPIXSDT -> X86/python/_m5/param_X86ACPIXSDT.cc
 [     CXX] X86/python/_m5/param_X86ACPIRSDT.cc -> .o
 [     CXX] X86/python/_m5/param_X86ACPIXSDT.cc -> .o
 [SO Param] m5.objects.ACPI, X86ACPIMadtRecord -> X86/python/_m5/param_X86ACPIMadtRecord.cc
 [     CXX] X86/python/_m5/param_X86ACPIMadtRecord.cc -> .o
 [SO Param] m5.objects.ACPI, X86ACPIMadt -> X86/python/_m5/param_X86ACPIMadt.cc
 [     CXX] X86/python/_m5/param_X86ACPIMadt.cc -> .o
 [SO Param] m5.objects.ACPI, X86ACPIMadtLAPIC -> X86/python/_m5/param_X86ACPIMadtLAPIC.cc
 [     CXX] X86/python/_m5/param_X86ACPIMadtLAPIC.cc -> .o
 [SO Param] m5.objects.ACPI, X86ACPIMadtIOAPIC -> X86/python/_m5/param_X86ACPIMadtIOAPIC.cc
 [     CXX] X86/python/_m5/param_X86ACPIMadtIOAPIC.cc -> .o
 [SO Param] m5.objects.ACPI, X86ACPIMadtIntSourceOverride -> X86/python/_m5/param_X86ACPIMadtIntSourceOverride.cc
 [     CXX] X86/python/_m5/param_X86ACPIMadtIntSourceOverride.cc -> .o
 [SO Param] m5.objects.ACPI, X86ACPIMadtNMI -> X86/python/_m5/param_X86ACPIMadtNMI.cc
 [SO Param] m5.objects.ACPI, X86ACPIMadtLAPICOverride -> X86/python/_m5/param_X86ACPIMadtLAPICOverride.cc
 [SO Param] m5.objects.ACPI, X86ACPIRSDP -> X86/python/_m5/param_X86ACPIRSDP.cc
 [     CXX] X86/python/_m5/param_X86ACPIMadtNMI.cc -> .o
 [     CXX] X86/python/_m5/param_X86ACPIMadtLAPICOverride.cc -> .o
 [     CXX] X86/python/_m5/param_X86ACPIRSDP.cc -> .o
 [     CXX] src/arch/x86/bios/acpi.cc -> X86/arch/x86/bios/acpi.o
 [     CXX] src/arch/x86/linux/fs_workload.cc -> X86/arch/x86/linux/fs_workload.o
 [     CXX] src/arch/x86/linux/se_workload.cc -> X86/arch/x86/linux/se_workload.o
 [     CXX] src/arch/x86/linux/syscalls.cc -> X86/arch/x86/linux/syscalls.o
 [     CXX] src/arch/x86/linux/syscall_tbl32.cc -> X86/arch/x86/linux/syscall_tbl32.o
 [     CXX] src/arch/x86/linux/syscall_tbl64.cc -> X86/arch/x86/linux/syscall_tbl64.o
 [     CXX] X86/arch/x86/kvm/X86KvmCPU.py.cc -> .o
 [SO Param] m5.objects.X86KvmCPU, X86KvmCPU -> X86/python/_m5/param_X86KvmCPU.cc
 [SO Param] m5.objects.X86KvmCPU, X86KvmCPU -> X86/params/X86KvmCPU.hh
 [     CXX] X86/python/_m5/param_X86KvmCPU.cc -> .o
 [     CXX] src/arch/x86/kvm/x86_cpu.cc -> X86/arch/x86/kvm/x86_cpu.o
 [     CXX] src/arch/x86/bare_metal/workload.cc -> X86/arch/x86/bare_metal/workload.o
 [     CXX] X86/sst/OutgoingRequestBridge.py.cc -> .o
 [SO Param] m5.objects.OutgoingRequestBridge, OutgoingRequestBridge -> X86/python/_m5/param_OutgoingRequestBridge.cc
 [SO Param] m5.objects.OutgoingRequestBridge, OutgoingRequestBridge -> X86/params/OutgoingRequestBridge.hh
 [     CXX] X86/python/_m5/param_OutgoingRequestBridge.cc -> .o
 [     CXX] src/sst/outgoing_request_bridge.cc -> X86/sst/outgoing_request_bridge.o
 [     CXX] src/sst/sst_responder_interface.cc -> X86/sst/sst_responder_interface.o
 [     CXX] X86/learning_gem5/part2/SimpleObject.py.cc -> .o
 [SO Param] m5.objects.SimpleObject, SimpleObject -> X86/python/_m5/param_SimpleObject.cc
 [     CXX] X86/learning_gem5/part2/HelloObject.py.cc -> .o
 [SO Param] m5.objects.SimpleObject, SimpleObject -> X86/params/SimpleObject.hh
 [     CXX] X86/python/_m5/param_SimpleObject.cc -> .o
 [SO Param] m5.objects.HelloObject, HelloObject -> X86/python/_m5/param_HelloObject.cc
 [SO Param] m5.objects.HelloObject, HelloObject -> X86/params/HelloObject.hh
 [SO Param] m5.objects.HelloObject, GoodbyeObject -> X86/params/GoodbyeObject.hh
 [     CXX] X86/python/_m5/param_HelloObject.cc -> .o
 [SO Param] m5.objects.HelloObject, GoodbyeObject -> X86/python/_m5/param_GoodbyeObject.cc
 [     CXX] X86/learning_gem5/part2/SimpleMemobj.py.cc -> .o
 [SO Param] m5.objects.SimpleMemobj, SimpleMemobj -> X86/python/_m5/param_SimpleMemobj.cc
 [     CXX] X86/python/_m5/param_GoodbyeObject.cc -> .o
 [     CXX] X86/learning_gem5/part2/SimpleCache.py.cc -> .o
 [SO Param] m5.objects.SimpleMemobj, SimpleMemobj -> X86/params/SimpleMemobj.hh
 [     CXX] X86/python/_m5/param_SimpleMemobj.cc -> .o
 [SO Param] m5.objects.SimpleCache, SimpleCache -> X86/python/_m5/param_SimpleCache.cc
 [SO Param] m5.objects.SimpleCache, SimpleCache -> X86/params/SimpleCache.hh
 [     CXX] X86/python/_m5/param_SimpleCache.cc -> .o
 [     CXX] src/learning_gem5/part2/simple_object.cc -> X86/learning_gem5/part2/simple_object.o
 [ TRACING]  -> X86/debug/HelloExample.hh
 [     CXX] src/learning_gem5/part2/hello_object.cc -> X86/learning_gem5/part2/hello_object.o
 [     CXX] src/learning_gem5/part2/goodbye_object.cc -> X86/learning_gem5/part2/goodbye_object.o
 [ TRACING]  -> X86/debug/SimpleMemobj.hh
 [     CXX] src/learning_gem5/part2/simple_memobj.cc -> X86/learning_gem5/part2/simple_memobj.o
 [ TRACING]  -> X86/debug/SimpleCache.hh
 [     CXX] src/learning_gem5/part2/simple_cache.cc -> X86/learning_gem5/part2/simple_cache.o
 [ TRACING]  -> X86/debug/HelloExample.cc
 [     CXX] X86/debug/HelloExample.cc -> .o
 [ TRACING]  -> X86/debug/SimpleMemobj.cc
 [     CXX] X86/debug/SimpleMemobj.cc -> .o
 [ TRACING]  -> X86/debug/SimpleCache.cc
 [     CXX] X86/debug/SimpleCache.cc -> .o
 [     CXX] X86/python/m5/defines.py.cc -> .o
 [     CXX] X86/python/m5/info.py.cc -> .o
 [     CXX] src/base/date.cc -> X86/base/date.o
 [    LINK]  -> X86/gem5.opt
scons: done building targets.
*** Summary of Warnings ***
Warning: Header file <png.h> not found.
         This host has no libpng library.
         Disabling support for PNG framebuffers.
Warning: Couldn't find HDF5 C++ libraries. Disabling HDF5 support.
Warning: Header file <capstone/capstone.h> not found.
         This host has no capstone library installed.
